  Determining projects to restore...
  Restored /Users/svendaneel/okam/wt-migstackmerge/WebApi.csproj (in 1.35 sec).
  Restored /Users/svendaneel/okam/wt-migstackmerge/WebApi.Tests/WebApi.Tests.csproj (in 1.35 sec).
  WebApi -> /Users/svendaneel/okam/wt-migstackmerge/bin/Debug/net8.0/WebApi.dll
/Users/svendaneel/okam/wt-migstackmerge/WebApi.Tests/Auth/ActorStampCallSiteTests.cs(13,7): warning CS0105: The using directive for 'WebApi.Services.Platform.FeatureFlags' appeared previously in this namespace [/Users/svendaneel/okam/wt-migstackmerge/WebApi.Tests/WebApi.Tests.csproj]
/Users/svendaneel/okam/wt-migstackmerge/WebApi.Tests/Kassa/Cov_CashDrawerManualTransactionTests.cs(141,113): warning CS8625: Cannot convert null literal to non-nullable reference type. [/Users/svendaneel/okam/wt-migstackmerge/WebApi.Tests/WebApi.Tests.csproj]
/Users/svendaneel/okam/wt-migstackmerge/WebApi.Tests/Auth/PowerUserRoleSeedTests.cs(340,104): warning CS8625: Cannot convert null literal to non-nullable reference type. [/Users/svendaneel/okam/wt-migstackmerge/WebApi.Tests/WebApi.Tests.csproj]
/Users/svendaneel/okam/wt-migstackmerge/WebApi.Tests/Events/EventsActs.cs(53,34): warning CS8625: Cannot convert null literal to non-nullable reference type. [/Users/svendaneel/okam/wt-migstackmerge/WebApi.Tests/WebApi.Tests.csproj]
/Users/svendaneel/okam/wt-migstackmerge/WebApi.Tests/Events/EventsActs.cs(576,89): warning CS8625: Cannot convert null literal to non-nullable reference type. [/Users/svendaneel/okam/wt-migstackmerge/WebApi.Tests/WebApi.Tests.csproj]
/Users/svendaneel/okam/wt-migstackmerge/WebApi.Tests/Events/EventsActs.cs(754,45): warning CS8625: Cannot convert null literal to non-nullable reference type. [/Users/svendaneel/okam/wt-migstackmerge/WebApi.Tests/WebApi.Tests.csproj]
/Users/svendaneel/okam/wt-migstackmerge/WebApi.Tests/Events/EventsActs.cs(767,101): warning CS8625: Cannot convert null literal to non-nullable reference type. [/Users/svendaneel/okam/wt-migstackmerge/WebApi.Tests/WebApi.Tests.csproj]
/Users/svendaneel/okam/wt-migstackmerge/WebApi.Tests/Margin/MarginBTestHost.cs(32,50): warning CS8625: Cannot convert null literal to non-nullable reference type. [/Users/svendaneel/okam/wt-migstackmerge/WebApi.Tests/WebApi.Tests.csproj]
/Users/svendaneel/okam/wt-migstackmerge/WebApi.Tests/Margin/MarginBTestHost.cs(33,48): warning CS8625: Cannot convert null literal to non-nullable reference type. [/Users/svendaneel/okam/wt-migstackmerge/WebApi.Tests/WebApi.Tests.csproj]
/Users/svendaneel/okam/wt-migstackmerge/WebApi.Tests/Margin/MarginBTestHost.cs(34,26): warning CS8625: Cannot convert null literal to non-nullable reference type. [/Users/svendaneel/okam/wt-migstackmerge/WebApi.Tests/WebApi.Tests.csproj]
/Users/svendaneel/okam/wt-migstackmerge/WebApi.Tests/Margin/MarginBTestHost.cs(47,50): warning CS8625: Cannot convert null literal to non-nullable reference type. [/Users/svendaneel/okam/wt-migstackmerge/WebApi.Tests/WebApi.Tests.csproj]
/Users/svendaneel/okam/wt-migstackmerge/WebApi.Tests/Margin/MarginBTestHost.cs(48,48): warning CS8625: Cannot convert null literal to non-nullable reference type. [/Users/svendaneel/okam/wt-migstackmerge/WebApi.Tests/WebApi.Tests.csproj]
/Users/svendaneel/okam/wt-migstackmerge/WebApi.Tests/Margin/MarginBTestHost.cs(49,26): warning CS8625: Cannot convert null literal to non-nullable reference type. [/Users/svendaneel/okam/wt-migstackmerge/WebApi.Tests/WebApi.Tests.csproj]
/Users/svendaneel/okam/wt-migstackmerge/WebApi.Tests/Kassa/Cov_CashDrawerManualTransactionTests.cs(183,223): warning CS8625: Cannot convert null literal to non-nullable reference type. [/Users/svendaneel/okam/wt-migstackmerge/WebApi.Tests/WebApi.Tests.csproj]
/Users/svendaneel/okam/wt-migstackmerge/WebApi.Tests/Kassa/Cov_CashDrawerManualTransactionTests.cs(192,160): warning CS8625: Cannot convert null literal to non-nullable reference type. [/Users/svendaneel/okam/wt-migstackmerge/WebApi.Tests/WebApi.Tests.csproj]
/Users/svendaneel/okam/wt-migstackmerge/WebApi.Tests/Kassa/Cov_CashDrawerManualTransactionTests.cs(192,192): warning CS8625: Cannot convert null literal to non-nullable reference type. [/Users/svendaneel/okam/wt-migstackmerge/WebApi.Tests/WebApi.Tests.csproj]
/Users/svendaneel/okam/wt-migstackmerge/WebApi.Tests/Kassa/Cov_CashDrawerManualTransactionTests.cs(192,223): warning CS8625: Cannot convert null literal to non-nullable reference type. [/Users/svendaneel/okam/wt-migstackmerge/WebApi.Tests/WebApi.Tests.csproj]
/Users/svendaneel/okam/wt-migstackmerge/WebApi.Tests/Margin/MarginBTestHost.cs(108,37): warning CS8767: Nullability of reference types in type of parameter 'name' of 'MarginModuleSettings StaticOptionsMonitor.Get(string name)' doesn't match implicitly implemented member 'MarginModuleSettings IOptionsMonitor<MarginModuleSettings>.Get(string? name)' (possibly because of nullability attributes). [/Users/svendaneel/okam/wt-migstackmerge/WebApi.Tests/WebApi.Tests.csproj]
/Users/svendaneel/okam/wt-migstackmerge/WebApi.Tests/Margin/MarginBTestHost.cs(122,106): warning CS8625: Cannot convert null literal to non-nullable reference type. [/Users/svendaneel/okam/wt-migstackmerge/WebApi.Tests/WebApi.Tests.csproj]
/Users/svendaneel/okam/wt-migstackmerge/WebApi.Tests/Kassa/Cov_SurfboardOnlineCallbackTests.cs(214,156): warning CS8625: Cannot convert null literal to non-nullable reference type. [/Users/svendaneel/okam/wt-migstackmerge/WebApi.Tests/WebApi.Tests.csproj]
/Users/svendaneel/okam/wt-migstackmerge/WebApi.Tests/Kassa/Cov_SurfboardOnlineCallbackTests.cs(229,159): warning CS8625: Cannot convert null literal to non-nullable reference type. [/Users/svendaneel/okam/wt-migstackmerge/WebApi.Tests/WebApi.Tests.csproj]
/Users/svendaneel/okam/wt-migstackmerge/WebApi.Tests/Kassa/Cov2_ReportingP1Tests.cs(366,140): warning CS8625: Cannot convert null literal to non-nullable reference type. [/Users/svendaneel/okam/wt-migstackmerge/WebApi.Tests/WebApi.Tests.csproj]
/Users/svendaneel/okam/wt-migstackmerge/WebApi.Tests/OpeningHoursExtensionsTests.cs(209,90): warning CS8625: Cannot convert null literal to non-nullable reference type. [/Users/svendaneel/okam/wt-migstackmerge/WebApi.Tests/WebApi.Tests.csproj]
/Users/svendaneel/okam/wt-migstackmerge/WebApi.Tests/OpeningHoursExtensionsTests.cs(209,113): warning CS8625: Cannot convert null literal to non-nullable reference type. [/Users/svendaneel/okam/wt-migstackmerge/WebApi.Tests/WebApi.Tests.csproj]
/Users/svendaneel/okam/wt-migstackmerge/WebApi.Tests/Meals/CheckoutCompanyAccountGuardTests.cs(216,153): warning CS8625: Cannot convert null literal to non-nullable reference type. [/Users/svendaneel/okam/wt-migstackmerge/WebApi.Tests/WebApi.Tests.csproj]
/Users/svendaneel/okam/wt-migstackmerge/WebApi.Tests/Surfboard/SurfboardCallbackConcurrencyTests.cs(185,156): warning CS8625: Cannot convert null literal to non-nullable reference type. [/Users/svendaneel/okam/wt-migstackmerge/WebApi.Tests/WebApi.Tests.csproj]
/Users/svendaneel/okam/wt-migstackmerge/WebApi.Tests/Surfboard/SurfboardCallbackConcurrencyTests.cs(200,159): warning CS8625: Cannot convert null literal to non-nullable reference type. [/Users/svendaneel/okam/wt-migstackmerge/WebApi.Tests/WebApi.Tests.csproj]
/Users/svendaneel/okam/wt-migstackmerge/WebApi.Tests/Kassa/Fault_ProviderCapturedDbFails_RecoversOnce.cs(154,160): warning CS8625: Cannot convert null literal to non-nullable reference type. [/Users/svendaneel/okam/wt-migstackmerge/WebApi.Tests/WebApi.Tests.csproj]
/Users/svendaneel/okam/wt-migstackmerge/WebApi.Tests/Kassa/Fault_ProviderCapturedDbFails_RecoversOnce.cs(154,192): warning CS8625: Cannot convert null literal to non-nullable reference type. [/Users/svendaneel/okam/wt-migstackmerge/WebApi.Tests/WebApi.Tests.csproj]
/Users/svendaneel/okam/wt-migstackmerge/WebApi.Tests/Kassa/Fault_ProviderCapturedDbFails_RecoversOnce.cs(154,223): warning CS8625: Cannot convert null literal to non-nullable reference type. [/Users/svendaneel/okam/wt-migstackmerge/WebApi.Tests/WebApi.Tests.csproj]
/Users/svendaneel/okam/wt-migstackmerge/WebApi.Tests/Kassa/Fault_ProviderCapturedDbFails_RecoversOnce.cs(164,223): warning CS8625: Cannot convert null literal to non-nullable reference type. [/Users/svendaneel/okam/wt-migstackmerge/WebApi.Tests/WebApi.Tests.csproj]
/Users/svendaneel/okam/wt-migstackmerge/WebApi.Tests/Services/DocumentRendererFailureTests.cs(351,146): warning CS8625: Cannot convert null literal to non-nullable reference type. [/Users/svendaneel/okam/wt-migstackmerge/WebApi.Tests/WebApi.Tests.csproj]
/Users/svendaneel/okam/wt-migstackmerge/WebApi.Tests/Surfboard/SurfboardCashSplitSmokeTests.cs(104,134): warning CS8625: Cannot convert null literal to non-nullable reference type. [/Users/svendaneel/okam/wt-migstackmerge/WebApi.Tests/WebApi.Tests.csproj]
/Users/svendaneel/okam/wt-migstackmerge/WebApi.Tests/Meals/MealsCheckoutJourneyKit.cs(216,153): warning CS8625: Cannot convert null literal to non-nullable reference type. [/Users/svendaneel/okam/wt-migstackmerge/WebApi.Tests/WebApi.Tests.csproj]
/Users/svendaneel/okam/wt-migstackmerge/WebApi.Tests/Kassa/OperatorSessionExceptionMiddlewareTests.cs(65,47): warning CS8767: Nullability of reference types in type of parameter 'value' of 'void StartedResponseFeature.ReasonPhrase.set' doesn't match implicitly implemented member 'void IHttpResponseFeature.ReasonPhrase.set' (possibly because of nullability attributes). [/Users/svendaneel/okam/wt-migstackmerge/WebApi.Tests/WebApi.Tests.csproj]
/Users/svendaneel/okam/wt-migstackmerge/WebApi.Tests/Surfboard/SurfboardRefundTaxTests.cs(194,83): warning CS8625: Cannot convert null literal to non-nullable reference type. [/Users/svendaneel/okam/wt-migstackmerge/WebApi.Tests/WebApi.Tests.csproj]
/Users/svendaneel/okam/wt-migstackmerge/WebApi.Tests/Surfboard/SurfboardRefundTaxTests.cs(201,69): warning CS8625: Cannot convert null literal to non-nullable reference type. [/Users/svendaneel/okam/wt-migstackmerge/WebApi.Tests/WebApi.Tests.csproj]
/Users/svendaneel/okam/wt-migstackmerge/WebApi.Tests/Surfboard/SurfboardRefundTaxTests.cs(203,82): warning CS8625: Cannot convert null literal to non-nullable reference type. [/Users/svendaneel/okam/wt-migstackmerge/WebApi.Tests/WebApi.Tests.csproj]
/Users/svendaneel/okam/wt-migstackmerge/WebApi.Tests/Surfboard/SurfboardRefundTaxTests.cs(205,84): warning CS8625: Cannot convert null literal to non-nullable reference type. [/Users/svendaneel/okam/wt-migstackmerge/WebApi.Tests/WebApi.Tests.csproj]
/Users/svendaneel/okam/wt-migstackmerge/WebApi.Tests/Surfboard/SurfboardRefundTaxTests.cs(207,72): warning CS8625: Cannot convert null literal to non-nullable reference type. [/Users/svendaneel/okam/wt-migstackmerge/WebApi.Tests/WebApi.Tests.csproj]
/Users/svendaneel/okam/wt-migstackmerge/WebApi.Tests/Margin/MarginDayRevenueReadTests.cs(430,37): warning CS8767: Nullability of reference types in type of parameter 'name' of 'MarginModuleSettings StaticOptions.Get(string name)' doesn't match implicitly implemented member 'MarginModuleSettings IOptionsMonitor<MarginModuleSettings>.Get(string? name)' (possibly because of nullability attributes). [/Users/svendaneel/okam/wt-migstackmerge/WebApi.Tests/WebApi.Tests.csproj]
/Users/svendaneel/okam/wt-migstackmerge/WebApi.Tests/Surfboard/SurfboardTerminalFinalizeE2eTests.cs(125,69): warning CS8625: Cannot convert null literal to non-nullable reference type. [/Users/svendaneel/okam/wt-migstackmerge/WebApi.Tests/WebApi.Tests.csproj]
/Users/svendaneel/okam/wt-migstackmerge/WebApi.Tests/Surfboard/SurfboardTerminalFinalizeE2eTests.cs(128,83): warning CS8625: Cannot convert null literal to non-nullable reference type. [/Users/svendaneel/okam/wt-migstackmerge/WebApi.Tests/WebApi.Tests.csproj]
/Users/svendaneel/okam/wt-migstackmerge/WebApi.Tests/Surfboard/SurfboardTerminalFinalizeE2eTests.cs(134,82): warning CS8625: Cannot convert null literal to non-nullable reference type. [/Users/svendaneel/okam/wt-migstackmerge/WebApi.Tests/WebApi.Tests.csproj]
/Users/svendaneel/okam/wt-migstackmerge/WebApi.Tests/Surfboard/SurfboardTerminalFinalizeE2eTests.cs(137,84): warning CS8625: Cannot convert null literal to non-nullable reference type. [/Users/svendaneel/okam/wt-migstackmerge/WebApi.Tests/WebApi.Tests.csproj]
/Users/svendaneel/okam/wt-migstackmerge/WebApi.Tests/Surfboard/SurfboardTerminalFinalizeE2eTests.cs(140,72): warning CS8625: Cannot convert null literal to non-nullable reference type. [/Users/svendaneel/okam/wt-migstackmerge/WebApi.Tests/WebApi.Tests.csproj]
/Users/svendaneel/okam/wt-migstackmerge/WebApi.Tests/Surfboard/Triage_surfboard-terminal_SurfboardTerminalTests.cs(228,124): warning CS8625: Cannot convert null literal to non-nullable reference type. [/Users/svendaneel/okam/wt-migstackmerge/WebApi.Tests/WebApi.Tests.csproj]
/Users/svendaneel/okam/wt-migstackmerge/WebApi.Tests/Surfboard/Triage_surfboard-terminal_SurfboardTerminalTests.cs(318,83): warning CS8625: Cannot convert null literal to non-nullable reference type. [/Users/svendaneel/okam/wt-migstackmerge/WebApi.Tests/WebApi.Tests.csproj]
/Users/svendaneel/okam/wt-migstackmerge/WebApi.Tests/Surfboard/Triage_surfboard-terminal_SurfboardTerminalTests.cs(337,69): warning CS8625: Cannot convert null literal to non-nullable reference type. [/Users/svendaneel/okam/wt-migstackmerge/WebApi.Tests/WebApi.Tests.csproj]
/Users/svendaneel/okam/wt-migstackmerge/WebApi.Tests/Surfboard/Triage_surfboard-terminal_SurfboardTerminalTests.cs(340,82): warning CS8625: Cannot convert null literal to non-nullable reference type. [/Users/svendaneel/okam/wt-migstackmerge/WebApi.Tests/WebApi.Tests.csproj]
/Users/svendaneel/okam/wt-migstackmerge/WebApi.Tests/Surfboard/Triage_surfboard-terminal_SurfboardTerminalTests.cs(343,84): warning CS8625: Cannot convert null literal to non-nullable reference type. [/Users/svendaneel/okam/wt-migstackmerge/WebApi.Tests/WebApi.Tests.csproj]
/Users/svendaneel/okam/wt-migstackmerge/WebApi.Tests/Surfboard/Triage_surfboard-terminal_SurfboardTerminalTests.cs(346,72): warning CS8625: Cannot convert null literal to non-nullable reference type. [/Users/svendaneel/okam/wt-migstackmerge/WebApi.Tests/WebApi.Tests.csproj]
/Users/svendaneel/okam/wt-migstackmerge/WebApi.Tests/Margin/MarginDraftEditRoundTripWireTests.cs(309,102): warning CS8625: Cannot convert null literal to non-nullable reference type. [/Users/svendaneel/okam/wt-migstackmerge/WebApi.Tests/WebApi.Tests.csproj]
/Users/svendaneel/okam/wt-migstackmerge/WebApi.Tests/Margin/MarginFeatureFlagEffectiveTests.cs(199,37): warning CS8767: Nullability of reference types in type of parameter 'name' of 'MarginModuleSettings StaticOptionsMonitor.Get(string name)' doesn't match implicitly implemented member 'MarginModuleSettings IOptionsMonitor<MarginModuleSettings>.Get(string? name)' (possibly because of nullability attributes). [/Users/svendaneel/okam/wt-migstackmerge/WebApi.Tests/WebApi.Tests.csproj]
/Users/svendaneel/okam/wt-migstackmerge/WebApi.Tests/Training/TrainingHarness.cs(46,87): warning CS8625: Cannot convert null literal to non-nullable reference type. [/Users/svendaneel/okam/wt-migstackmerge/WebApi.Tests/WebApi.Tests.csproj]
/Users/svendaneel/okam/wt-migstackmerge/WebApi.Tests/Training/TrainingHarness.cs(67,124): warning CS8625: Cannot convert null literal to non-nullable reference type. [/Users/svendaneel/okam/wt-migstackmerge/WebApi.Tests/WebApi.Tests.csproj]
/Users/svendaneel/okam/wt-migstackmerge/WebApi.Tests/Kassa/XZReportServiceTests.cs(473,211): warning CS8625: Cannot convert null literal to non-nullable reference type. [/Users/svendaneel/okam/wt-migstackmerge/WebApi.Tests/WebApi.Tests.csproj]
/Users/svendaneel/okam/wt-migstackmerge/WebApi.Tests/Kassa/XZReportServiceTests.cs(473,241): warning CS8625: Cannot convert null literal to non-nullable reference type. [/Users/svendaneel/okam/wt-migstackmerge/WebApi.Tests/WebApi.Tests.csproj]
/Users/svendaneel/okam/wt-migstackmerge/WebApi.Tests/Kassa/XZReportServiceTests.cs(484,183): warning CS8625: Cannot convert null literal to non-nullable reference type. [/Users/svendaneel/okam/wt-migstackmerge/WebApi.Tests/WebApi.Tests.csproj]
/Users/svendaneel/okam/wt-migstackmerge/WebApi.Tests/Kassa/XZReportServiceTests.cs(484,213): warning CS8625: Cannot convert null literal to non-nullable reference type. [/Users/svendaneel/okam/wt-migstackmerge/WebApi.Tests/WebApi.Tests.csproj]
/Users/svendaneel/okam/wt-migstackmerge/WebApi.Tests/Kassa/XZReportServiceTests.cs(489,229): warning CS8625: Cannot convert null literal to non-nullable reference type. [/Users/svendaneel/okam/wt-migstackmerge/WebApi.Tests/WebApi.Tests.csproj]
/Users/svendaneel/okam/wt-migstackmerge/WebApi.Tests/Kassa/XZReportServiceTests.cs(489,259): warning CS8625: Cannot convert null literal to non-nullable reference type. [/Users/svendaneel/okam/wt-migstackmerge/WebApi.Tests/WebApi.Tests.csproj]
/Users/svendaneel/okam/wt-migstackmerge/WebApi.Tests/Margin/MarginHarness.cs(66,83): warning CS8625: Cannot convert null literal to non-nullable reference type. [/Users/svendaneel/okam/wt-migstackmerge/WebApi.Tests/WebApi.Tests.csproj]
/Users/svendaneel/okam/wt-migstackmerge/WebApi.Tests/Margin/MarginHarness.cs(86,118): warning CS8625: Cannot convert null literal to non-nullable reference type. [/Users/svendaneel/okam/wt-migstackmerge/WebApi.Tests/WebApi.Tests.csproj]
/Users/svendaneel/okam/wt-migstackmerge/WebApi.Tests/Margin/MarginImportHarness.cs(55,90): warning CS8625: Cannot convert null literal to non-nullable reference type. [/Users/svendaneel/okam/wt-migstackmerge/WebApi.Tests/WebApi.Tests.csproj]
/Users/svendaneel/okam/wt-migstackmerge/WebApi.Tests/Margin/MarginImportHarness.cs(69,125): warning CS8625: Cannot convert null literal to non-nullable reference type. [/Users/svendaneel/okam/wt-migstackmerge/WebApi.Tests/WebApi.Tests.csproj]
/Users/svendaneel/okam/wt-migstackmerge/WebApi.Tests/Events/EventsDepositPortReachableStateTests.cs(347,29): warning CS8625: Cannot convert null literal to non-nullable reference type. [/Users/svendaneel/okam/wt-migstackmerge/WebApi.Tests/WebApi.Tests.csproj]
/Users/svendaneel/okam/wt-migstackmerge/WebApi.Tests/Events/EventsDepositPortReachableStateTests.cs(347,53): warning CS8625: Cannot convert null literal to non-nullable reference type. [/Users/svendaneel/okam/wt-migstackmerge/WebApi.Tests/WebApi.Tests.csproj]
/Users/svendaneel/okam/wt-migstackmerge/WebApi.Tests/Events/EventsDepositPortReachableStateTests.cs(347,81): warning CS8625: Cannot convert null literal to non-nullable reference type. [/Users/svendaneel/okam/wt-migstackmerge/WebApi.Tests/WebApi.Tests.csproj]
/Users/svendaneel/okam/wt-migstackmerge/WebApi.Tests/Events/EventsDepositPortReachableStateTests.cs(356,94): warning CS8625: Cannot convert null literal to non-nullable reference type. [/Users/svendaneel/okam/wt-migstackmerge/WebApi.Tests/WebApi.Tests.csproj]
/Users/svendaneel/okam/wt-migstackmerge/WebApi.Tests/Events/EventsDepositPaymentPortAdapterTests.cs(283,83): warning CS8625: Cannot convert null literal to non-nullable reference type. [/Users/svendaneel/okam/wt-migstackmerge/WebApi.Tests/WebApi.Tests.csproj]
/Users/svendaneel/okam/wt-migstackmerge/WebApi.Tests/Events/EventsDepositPaymentPortAdapterTests.cs(283,107): warning CS8625: Cannot convert null literal to non-nullable reference type. [/Users/svendaneel/okam/wt-migstackmerge/WebApi.Tests/WebApi.Tests.csproj]
/Users/svendaneel/okam/wt-migstackmerge/WebApi.Tests/Events/EventsDepositPaymentPortAdapterTests.cs(283,135): warning CS8625: Cannot convert null literal to non-nullable reference type. [/Users/svendaneel/okam/wt-migstackmerge/WebApi.Tests/WebApi.Tests.csproj]
/Users/svendaneel/okam/wt-migstackmerge/WebApi.Tests/Events/EventsDepositPaymentPortAdapterTests.cs(292,94): warning CS8625: Cannot convert null literal to non-nullable reference type. [/Users/svendaneel/okam/wt-migstackmerge/WebApi.Tests/WebApi.Tests.csproj]
/Users/svendaneel/okam/wt-migstackmerge/WebApi.Tests/Margin/MarginJourneyE2ETests.cs(892,103): warning CS8625: Cannot convert null literal to non-nullable reference type. [/Users/svendaneel/okam/wt-migstackmerge/WebApi.Tests/WebApi.Tests.csproj]
/Users/svendaneel/okam/wt-migstackmerge/WebApi.Tests/Meals/MealsHarness.cs(64,81): warning CS8625: Cannot convert null literal to non-nullable reference type. [/Users/svendaneel/okam/wt-migstackmerge/WebApi.Tests/WebApi.Tests.csproj]
/Users/svendaneel/okam/wt-migstackmerge/WebApi.Tests/Meals/MealsHarness.cs(84,115): warning CS8625: Cannot convert null literal to non-nullable reference type. [/Users/svendaneel/okam/wt-migstackmerge/WebApi.Tests/WebApi.Tests.csproj]
/Users/svendaneel/okam/wt-migstackmerge/WebApi.Tests/Meals/MealsHarness.cs(124,82): warning CS8625: Cannot convert null literal to non-nullable reference type. [/Users/svendaneel/okam/wt-migstackmerge/WebApi.Tests/WebApi.Tests.csproj]
/Users/svendaneel/okam/wt-migstackmerge/WebApi.Tests/Meals/MealsHarness.cs(129,127): warning CS8625: Cannot convert null literal to non-nullable reference type. [/Users/svendaneel/okam/wt-migstackmerge/WebApi.Tests/WebApi.Tests.csproj]
/Users/svendaneel/okam/wt-migstackmerge/WebApi.Tests/Margin/MarginJourneyE2ETests.cs(942,37): warning CS8767: Nullability of reference types in type of parameter 'name' of 'MarginModuleSettings StaticMonitor.Get(string name)' doesn't match implicitly implemented member 'MarginModuleSettings IOptionsMonitor<MarginModuleSettings>.Get(string? name)' (possibly because of nullability attributes). [/Users/svendaneel/okam/wt-migstackmerge/WebApi.Tests/WebApi.Tests.csproj]
/Users/svendaneel/okam/wt-migstackmerge/WebApi.Tests/Training/TrainingWorld.cs(229,30): warning CS8625: Cannot convert null literal to non-nullable reference type. [/Users/svendaneel/okam/wt-migstackmerge/WebApi.Tests/WebApi.Tests.csproj]
/Users/svendaneel/okam/wt-migstackmerge/WebApi.Tests/Training/TrainingWorld.cs(230,36): warning CS8625: Cannot convert null literal to non-nullable reference type. [/Users/svendaneel/okam/wt-migstackmerge/WebApi.Tests/WebApi.Tests.csproj]
/Users/svendaneel/okam/wt-migstackmerge/WebApi.Tests/Meals/MealsInvitationIntendedContactTests.cs(31,58): warning CS8625: Cannot convert null literal to non-nullable reference type. [/Users/svendaneel/okam/wt-migstackmerge/WebApi.Tests/WebApi.Tests.csproj]
/Users/svendaneel/okam/wt-migstackmerge/WebApi.Tests/Meals/MealsInvitationIntendedContactTests.cs(31,79): warning CS8625: Cannot convert null literal to non-nullable reference type. [/Users/svendaneel/okam/wt-migstackmerge/WebApi.Tests/WebApi.Tests.csproj]
/Users/svendaneel/okam/wt-migstackmerge/WebApi.Tests/Events/EventsHarness.cs(62,83): warning CS8625: Cannot convert null literal to non-nullable reference type. [/Users/svendaneel/okam/wt-migstackmerge/WebApi.Tests/WebApi.Tests.csproj]
/Users/svendaneel/okam/wt-migstackmerge/WebApi.Tests/Events/EventsHarness.cs(82,118): warning CS8625: Cannot convert null literal to non-nullable reference type. [/Users/svendaneel/okam/wt-migstackmerge/WebApi.Tests/WebApi.Tests.csproj]
/Users/svendaneel/okam/wt-migstackmerge/WebApi.Tests/Events/EventsEndToEndJourneys.cs(726,119): warning CS8625: Cannot convert null literal to non-nullable reference type. [/Users/svendaneel/okam/wt-migstackmerge/WebApi.Tests/WebApi.Tests.csproj]
/Users/svendaneel/okam/wt-migstackmerge/WebApi.Tests/Events/EventsExpirySweepHostedServiceTests.cs(167,45): warning CS8625: Cannot convert null literal to non-nullable reference type. [/Users/svendaneel/okam/wt-migstackmerge/WebApi.Tests/WebApi.Tests.csproj]
/Users/svendaneel/okam/wt-migstackmerge/WebApi.Tests/Kassa/Triage_opencheck_LineDeleteAtomicityTests.cs(164,53): warning CS8625: Cannot convert null literal to non-nullable reference type. [/Users/svendaneel/okam/wt-migstackmerge/WebApi.Tests/WebApi.Tests.csproj]
/Users/svendaneel/okam/wt-migstackmerge/WebApi.Tests/Kassa/Triage_opencheck_LineDeleteAtomicityTests.cs(165,39): warning CS8625: Cannot convert null literal to non-nullable reference type. [/Users/svendaneel/okam/wt-migstackmerge/WebApi.Tests/WebApi.Tests.csproj]
/Users/svendaneel/okam/wt-migstackmerge/WebApi.Tests/Kassa/Triage_opencheck_LineDeleteAtomicityTests.cs(166,38): warning CS8625: Cannot convert null literal to non-nullable reference type. [/Users/svendaneel/okam/wt-migstackmerge/WebApi.Tests/WebApi.Tests.csproj]
/Users/svendaneel/okam/wt-migstackmerge/WebApi.Tests/Kassa/Triage_opencheck_LineDeleteAtomicityTests.cs(193,223): warning CS8625: Cannot convert null literal to non-nullable reference type. [/Users/svendaneel/okam/wt-migstackmerge/WebApi.Tests/WebApi.Tests.csproj]
/Users/svendaneel/okam/wt-migstackmerge/WebApi.Tests/Events/EventsProviderServiceDoubles.cs(69,85): warning CS8625: Cannot convert null literal to non-nullable reference type. [/Users/svendaneel/okam/wt-migstackmerge/WebApi.Tests/WebApi.Tests.csproj]
/Users/svendaneel/okam/wt-migstackmerge/WebApi.Tests/Events/EventsProviderServiceDoubles.cs(71,103): warning CS8625: Cannot convert null literal to non-nullable reference type. [/Users/svendaneel/okam/wt-migstackmerge/WebApi.Tests/WebApi.Tests.csproj]
/Users/svendaneel/okam/wt-migstackmerge/WebApi.Tests/Events/EventsProviderServiceDoubles.cs(163,227): warning CS8625: Cannot convert null literal to non-nullable reference type. [/Users/svendaneel/okam/wt-migstackmerge/WebApi.Tests/WebApi.Tests.csproj]
/Users/svendaneel/okam/wt-migstackmerge/WebApi.Tests/Margin/MarginModuleScaffoldTests.cs(230,37): warning CS8767: Nullability of reference types in type of parameter 'name' of 'MarginModuleSettings StaticOptionsMonitor.Get(string name)' doesn't match implicitly implemented member 'MarginModuleSettings IOptionsMonitor<MarginModuleSettings>.Get(string? name)' (possibly because of nullability attributes). [/Users/svendaneel/okam/wt-migstackmerge/WebApi.Tests/WebApi.Tests.csproj]
/Users/svendaneel/okam/wt-migstackmerge/WebApi.Tests/Events/EventsSettlementLifecycleTests.cs(490,44): warning CS8625: Cannot convert null literal to non-nullable reference type. [/Users/svendaneel/okam/wt-migstackmerge/WebApi.Tests/WebApi.Tests.csproj]
/Users/svendaneel/okam/wt-migstackmerge/WebApi.Tests/Events/EventsSettlementLifecycleTests.cs(490,83): warning CS8625: Cannot convert null literal to non-nullable reference type. [/Users/svendaneel/okam/wt-migstackmerge/WebApi.Tests/WebApi.Tests.csproj]
/Users/svendaneel/okam/wt-migstackmerge/WebApi.Tests/Wire/GrowthConsentAdminWireTests.cs(364,29): warning CS8625: Cannot convert null literal to non-nullable reference type. [/Users/svendaneel/okam/wt-migstackmerge/WebApi.Tests/WebApi.Tests.csproj]
/Users/svendaneel/okam/wt-migstackmerge/WebApi.Tests/Surfboard/SurfboardToTripletexPayoutE2eTests.cs(107,69): warning CS8625: Cannot convert null literal to non-nullable reference type. [/Users/svendaneel/okam/wt-migstackmerge/WebApi.Tests/WebApi.Tests.csproj]
/Users/svendaneel/okam/wt-migstackmerge/WebApi.Tests/Surfboard/SurfboardToTripletexPayoutE2eTests.cs(113,83): warning CS8625: Cannot convert null literal to non-nullable reference type. [/Users/svendaneel/okam/wt-migstackmerge/WebApi.Tests/WebApi.Tests.csproj]
/Users/svendaneel/okam/wt-migstackmerge/WebApi.Tests/Surfboard/SurfboardToTripletexPayoutE2eTests.cs(114,82): warning CS8625: Cannot convert null literal to non-nullable reference type. [/Users/svendaneel/okam/wt-migstackmerge/WebApi.Tests/WebApi.Tests.csproj]
/Users/svendaneel/okam/wt-migstackmerge/WebApi.Tests/Surfboard/SurfboardToTripletexPayoutE2eTests.cs(115,84): warning CS8625: Cannot convert null literal to non-nullable reference type. [/Users/svendaneel/okam/wt-migstackmerge/WebApi.Tests/WebApi.Tests.csproj]
/Users/svendaneel/okam/wt-migstackmerge/WebApi.Tests/Surfboard/SurfboardToTripletexPayoutE2eTests.cs(116,72): warning CS8625: Cannot convert null literal to non-nullable reference type. [/Users/svendaneel/okam/wt-migstackmerge/WebApi.Tests/WebApi.Tests.csproj]
/Users/svendaneel/okam/wt-migstackmerge/WebApi.Tests/Margin/MarginStatementFinalizeLagTests.cs(255,37): warning CS8767: Nullability of reference types in type of parameter 'name' of 'MarginModuleSettings StaticOptions.Get(string name)' doesn't match implicitly implemented member 'MarginModuleSettings IOptionsMonitor<MarginModuleSettings>.Get(string? name)' (possibly because of nullability attributes). [/Users/svendaneel/okam/wt-migstackmerge/WebApi.Tests/WebApi.Tests.csproj]
/Users/svendaneel/okam/wt-migstackmerge/WebApi.Tests/Events/EventsStoreAdminAuthorizationPinTests.cs(573,108): warning CS8625: Cannot convert null literal to non-nullable reference type. [/Users/svendaneel/okam/wt-migstackmerge/WebApi.Tests/WebApi.Tests.csproj]
/Users/svendaneel/okam/wt-migstackmerge/WebApi.Tests/Meals/MealsSqlServerFixture.cs(76,117): warning CS8625: Cannot convert null literal to non-nullable reference type. [/Users/svendaneel/okam/wt-migstackmerge/WebApi.Tests/WebApi.Tests.csproj]
/Users/svendaneel/okam/wt-migstackmerge/WebApi.Tests/Wire/GrowthOneClickUnsubscribeWireTests.cs(366,91): warning CS8625: Cannot convert null literal to non-nullable reference type. [/Users/svendaneel/okam/wt-migstackmerge/WebApi.Tests/WebApi.Tests.csproj]
/Users/svendaneel/okam/wt-migstackmerge/WebApi.Tests/Wire/GrowthOneClickUnsubscribeWireTests.cs(369,100): warning CS8625: Cannot convert null literal to non-nullable reference type. [/Users/svendaneel/okam/wt-migstackmerge/WebApi.Tests/WebApi.Tests.csproj]
/Users/svendaneel/okam/wt-migstackmerge/WebApi.Tests/Events/EventsTenantIsolationSweepTests.cs(449,86): warning CS8625: Cannot convert null literal to non-nullable reference type. [/Users/svendaneel/okam/wt-migstackmerge/WebApi.Tests/WebApi.Tests.csproj]
/Users/svendaneel/okam/wt-migstackmerge/WebApi.Tests/Kassa/PosHarness.cs(91,54): warning CS8625: Cannot convert null literal to non-nullable reference type. [/Users/svendaneel/okam/wt-migstackmerge/WebApi.Tests/WebApi.Tests.csproj]
/Users/svendaneel/okam/wt-migstackmerge/WebApi.Tests/Wire/GrowthWebhookAuthWireTests.cs(312,112): warning CS8625: Cannot convert null literal to non-nullable reference type. [/Users/svendaneel/okam/wt-migstackmerge/WebApi.Tests/WebApi.Tests.csproj]
/Users/svendaneel/okam/wt-migstackmerge/WebApi.Tests/Wire/GrowthWebhookAuthWireTests.cs(516,101): warning CS8625: Cannot convert null literal to non-nullable reference type. [/Users/svendaneel/okam/wt-migstackmerge/WebApi.Tests/WebApi.Tests.csproj]
/Users/svendaneel/okam/wt-migstackmerge/WebApi.Tests/Margin/MarginStatusHonestStateTests.cs(231,109): warning CS8625: Cannot convert null literal to non-nullable reference type. [/Users/svendaneel/okam/wt-migstackmerge/WebApi.Tests/WebApi.Tests.csproj]
/Users/svendaneel/okam/wt-migstackmerge/WebApi.Tests/Margin/MarginStatusHonestStateTests.cs(244,86): warning CS8625: Cannot convert null literal to non-nullable reference type. [/Users/svendaneel/okam/wt-migstackmerge/WebApi.Tests/WebApi.Tests.csproj]
/Users/svendaneel/okam/wt-migstackmerge/WebApi.Tests/Wire/WireLogRecorder.cs(89,21): warning CS8767: Nullability of reference types in type of parameter 'exception' of 'void RecordingLogger.Log<TState>(LogLevel logLevel, EventId eventId, TState state, Exception exception, Func<TState, Exception, string> formatter)' doesn't match implicitly implemented member 'void ILogger.Log<TState>(LogLevel logLevel, EventId eventId, TState state, Exception? exception, Func<TState, Exception?, string> formatter)' (possibly because of nullability attributes). [/Users/svendaneel/okam/wt-migstackmerge/WebApi.Tests/WebApi.Tests.csproj]
/Users/svendaneel/okam/wt-migstackmerge/WebApi.Tests/Wire/WireLogRecorder.cs(85,28): warning CS8633: Nullability in constraints for type parameter 'TState' of method 'WireLogRecordingProvider.RecordingLogger.BeginScope<TState>(TState)' doesn't match the constraints for type parameter 'TState' of interface method 'ILogger.BeginScope<TState>(TState)'. Consider using an explicit interface implementation instead. [/Users/svendaneel/okam/wt-migstackmerge/WebApi.Tests/WebApi.Tests.csproj]
/Users/svendaneel/okam/wt-migstackmerge/WebApi.Tests/Wire/WireTestDoubles.cs(42,136): warning CS8625: Cannot convert null literal to non-nullable reference type. [/Users/svendaneel/okam/wt-migstackmerge/WebApi.Tests/WebApi.Tests.csproj]
/Users/svendaneel/okam/wt-migstackmerge/WebApi.Tests/Margin/MarginTenantIsolationSweepTests.cs(1062,61): warning CS8625: Cannot convert null literal to non-nullable reference type. [/Users/svendaneel/okam/wt-migstackmerge/WebApi.Tests/WebApi.Tests.csproj]
/Users/svendaneel/okam/wt-migstackmerge/WebApi.Tests/Margin/MarginTenantIsolationSweepTests.cs(1070,69): warning CS8625: Cannot convert null literal to non-nullable reference type. [/Users/svendaneel/okam/wt-migstackmerge/WebApi.Tests/WebApi.Tests.csproj]
/Users/svendaneel/okam/wt-migstackmerge/WebApi.Tests/Margin/MarginTenantIsolationSweepTests.cs(1078,65): warning CS8625: Cannot convert null literal to non-nullable reference type. [/Users/svendaneel/okam/wt-migstackmerge/WebApi.Tests/WebApi.Tests.csproj]
/Users/svendaneel/okam/wt-migstackmerge/WebApi.Tests/Margin/MarginTenantIsolationSweepTests.cs(1090,67): warning CS8625: Cannot convert null literal to non-nullable reference type. [/Users/svendaneel/okam/wt-migstackmerge/WebApi.Tests/WebApi.Tests.csproj]
/Users/svendaneel/okam/wt-migstackmerge/WebApi.Tests/Margin/MarginTenantIsolationSweepTests.cs(1117,57): warning CS8625: Cannot convert null literal to non-nullable reference type. [/Users/svendaneel/okam/wt-migstackmerge/WebApi.Tests/WebApi.Tests.csproj]
/Users/svendaneel/okam/wt-migstackmerge/WebApi.Tests/Margin/MarginTenantIsolationSweepTests.cs(1519,37): warning CS8767: Nullability of reference types in type of parameter 'name' of 'MarginModuleSettings StaticOptions.Get(string name)' doesn't match implicitly implemented member 'MarginModuleSettings IOptionsMonitor<MarginModuleSettings>.Get(string? name)' (possibly because of nullability attributes). [/Users/svendaneel/okam/wt-migstackmerge/WebApi.Tests/WebApi.Tests.csproj]
/Users/svendaneel/okam/wt-migstackmerge/WebApi.Tests/Margin/MarginWasteFixture.cs(39,30): warning CS8625: Cannot convert null literal to non-nullable reference type. [/Users/svendaneel/okam/wt-migstackmerge/WebApi.Tests/WebApi.Tests.csproj]
/Users/svendaneel/okam/wt-migstackmerge/WebApi.Tests/Margin/MarginWasteFixture.cs(40,23): warning CS8625: Cannot convert null literal to non-nullable reference type. [/Users/svendaneel/okam/wt-migstackmerge/WebApi.Tests/WebApi.Tests.csproj]
/Users/svendaneel/okam/wt-migstackmerge/WebApi.Tests/Workforce/PosClockSurfaceTestHost.cs(28,50): warning CS8625: Cannot convert null literal to non-nullable reference type. [/Users/svendaneel/okam/wt-migstackmerge/WebApi.Tests/WebApi.Tests.csproj]
/Users/svendaneel/okam/wt-migstackmerge/WebApi.Tests/Workforce/PosClockSurfaceTestHost.cs(29,33): warning CS8625: Cannot convert null literal to non-nullable reference type. [/Users/svendaneel/okam/wt-migstackmerge/WebApi.Tests/WebApi.Tests.csproj]
/Users/svendaneel/okam/wt-migstackmerge/WebApi.Tests/Workforce/PosClockSurfaceTestHost.cs(30,40): warning CS8625: Cannot convert null literal to non-nullable reference type. [/Users/svendaneel/okam/wt-migstackmerge/WebApi.Tests/WebApi.Tests.csproj]
/Users/svendaneel/okam/wt-migstackmerge/WebApi.Tests/Meals/MealsStatementTestHost.cs(160,28): warning CS8625: Cannot convert null literal to non-nullable reference type. [/Users/svendaneel/okam/wt-migstackmerge/WebApi.Tests/WebApi.Tests.csproj]
/Users/svendaneel/okam/wt-migstackmerge/WebApi.Tests/Workforce/WorkforceAttendanceTestHost.cs(22,33): warning CS8625: Cannot convert null literal to non-nullable reference type. [/Users/svendaneel/okam/wt-migstackmerge/WebApi.Tests/WebApi.Tests.csproj]
/Users/svendaneel/okam/wt-migstackmerge/WebApi.Tests/Workforce/WorkforceAttendanceTestHost.cs(23,41): warning CS8625: Cannot convert null literal to non-nullable reference type. [/Users/svendaneel/okam/wt-migstackmerge/WebApi.Tests/WebApi.Tests.csproj]
/Users/svendaneel/okam/wt-migstackmerge/WebApi.Tests/Workforce/WorkforceEndToEndJourneyTests.cs(967,59): warning CS8625: Cannot convert null literal to non-nullable reference type. [/Users/svendaneel/okam/wt-migstackmerge/WebApi.Tests/WebApi.Tests.csproj]
/Users/svendaneel/okam/wt-migstackmerge/WebApi.Tests/Workforce/PersonnelListFixture.cs(75,44): warning CS8625: Cannot convert null literal to non-nullable reference type. [/Users/svendaneel/okam/wt-migstackmerge/WebApi.Tests/WebApi.Tests.csproj]
/Users/svendaneel/okam/wt-migstackmerge/WebApi.Tests/Workforce/WorkforceExchangeTestHost.cs(31,74): warning CS8625: Cannot convert null literal to non-nullable reference type. [/Users/svendaneel/okam/wt-migstackmerge/WebApi.Tests/WebApi.Tests.csproj]
/Users/svendaneel/okam/wt-migstackmerge/WebApi.Tests/Workforce/WorkforceExchangeTestHost.cs(31,97): warning CS8625: Cannot convert null literal to non-nullable reference type. [/Users/svendaneel/okam/wt-migstackmerge/WebApi.Tests/WebApi.Tests.csproj]
/Users/svendaneel/okam/wt-migstackmerge/WebApi.Tests/Meals/MealsStatementTestKit.cs(36,33): warning CS8625: Cannot convert null literal to non-nullable reference type. [/Users/svendaneel/okam/wt-migstackmerge/WebApi.Tests/WebApi.Tests.csproj]
/Users/svendaneel/okam/wt-migstackmerge/WebApi.Tests/Workforce/WorkforceHarness.cs(62,89): warning CS8625: Cannot convert null literal to non-nullable reference type. [/Users/svendaneel/okam/wt-migstackmerge/WebApi.Tests/WebApi.Tests.csproj]
/Users/svendaneel/okam/wt-migstackmerge/WebApi.Tests/Workforce/WorkforceHarness.cs(82,127): warning CS8625: Cannot convert null literal to non-nullable reference type. [/Users/svendaneel/okam/wt-migstackmerge/WebApi.Tests/WebApi.Tests.csproj]
/Users/svendaneel/okam/wt-migstackmerge/WebApi.Tests/Workforce/WorkforceLabourBandTests.cs(687,30): warning CS8625: Cannot convert null literal to non-nullable reference type. [/Users/svendaneel/okam/wt-migstackmerge/WebApi.Tests/WebApi.Tests.csproj]
/Users/svendaneel/okam/wt-migstackmerge/WebApi.Tests/Margin/MarginRecipesControllerTests.cs(176,37): warning CS8767: Nullability of reference types in type of parameter 'name' of 'MarginModuleSettings StaticMonitor.Get(string name)' doesn't match implicitly implemented member 'MarginModuleSettings IOptionsMonitor<MarginModuleSettings>.Get(string? name)' (possibly because of nullability attributes). [/Users/svendaneel/okam/wt-migstackmerge/WebApi.Tests/WebApi.Tests.csproj]
/Users/svendaneel/okam/wt-migstackmerge/WebApi.Tests/Workforce/WorkforceStaffTestHost.cs(22,33): warning CS8625: Cannot convert null literal to non-nullable reference type. [/Users/svendaneel/okam/wt-migstackmerge/WebApi.Tests/WebApi.Tests.csproj]
/Users/svendaneel/okam/wt-migstackmerge/WebApi.Tests/Workforce/WorkforceStaffTestHost.cs(23,26): warning CS8625: Cannot convert null literal to non-nullable reference type. [/Users/svendaneel/okam/wt-migstackmerge/WebApi.Tests/WebApi.Tests.csproj]
/Users/svendaneel/okam/wt-migstackmerge/WebApi.Tests/Workforce/WorkforceStaffTestHost.cs(45,33): warning CS8625: Cannot convert null literal to non-nullable reference type. [/Users/svendaneel/okam/wt-migstackmerge/WebApi.Tests/WebApi.Tests.csproj]
/Users/svendaneel/okam/wt-migstackmerge/WebApi.Tests/Workforce/WorkforceShiftExchangeTests.cs(45,99): warning CS8625: Cannot convert null literal to non-nullable reference type. [/Users/svendaneel/okam/wt-migstackmerge/WebApi.Tests/WebApi.Tests.csproj]
/Users/svendaneel/okam/wt-migstackmerge/WebApi.Tests/Workforce/WorkforceSupplementTests.cs(750,23): warning CS8625: Cannot convert null literal to non-nullable reference type. [/Users/svendaneel/okam/wt-migstackmerge/WebApi.Tests/WebApi.Tests.csproj]
/Users/svendaneel/okam/wt-migstackmerge/WebApi.Tests/Workforce/WorkforceSupplementTests.cs(751,21): warning CS8625: Cannot convert null literal to non-nullable reference type. [/Users/svendaneel/okam/wt-migstackmerge/WebApi.Tests/WebApi.Tests.csproj]
/Users/svendaneel/okam/wt-migstackmerge/WebApi.Tests/Workforce/WorkforceSupplementTests.cs(752,25): warning CS8625: Cannot convert null literal to non-nullable reference type. [/Users/svendaneel/okam/wt-migstackmerge/WebApi.Tests/WebApi.Tests.csproj]
/Users/svendaneel/okam/wt-migstackmerge/WebApi.Tests/Workforce/WorkforceTimesheetTestHost.cs(27,33): warning CS8625: Cannot convert null literal to non-nullable reference type. [/Users/svendaneel/okam/wt-migstackmerge/WebApi.Tests/WebApi.Tests.csproj]
/Users/svendaneel/okam/wt-migstackmerge/WebApi.Tests/Workforce/WorkforceTimesheetTestHost.cs(28,50): warning CS8625: Cannot convert null literal to non-nullable reference type. [/Users/svendaneel/okam/wt-migstackmerge/WebApi.Tests/WebApi.Tests.csproj]
/Users/svendaneel/okam/wt-migstackmerge/WebApi.Tests/Workforce/WorkforceTimesheetTestHost.cs(36,120): warning CS8625: Cannot convert null literal to non-nullable reference type. [/Users/svendaneel/okam/wt-migstackmerge/WebApi.Tests/WebApi.Tests.csproj]
/Users/svendaneel/okam/wt-migstackmerge/WebApi.Tests/Margin/MarginRecipeTestHost.cs(55,94): warning CS8625: Cannot convert null literal to non-nullable reference type. [/Users/svendaneel/okam/wt-migstackmerge/WebApi.Tests/WebApi.Tests.csproj]
/Users/svendaneel/okam/wt-migstackmerge/WebApi.Tests/Margin/MarginRecipeTestHost.cs(67,129): warning CS8625: Cannot convert null literal to non-nullable reference type. [/Users/svendaneel/okam/wt-migstackmerge/WebApi.Tests/WebApi.Tests.csproj]
/Users/svendaneel/okam/wt-migstackmerge/WebApi.Tests/Margin/MarginRecipeTestHost.cs(186,116): warning CS8625: Cannot convert null literal to non-nullable reference type. [/Users/svendaneel/okam/wt-migstackmerge/WebApi.Tests/WebApi.Tests.csproj]
/Users/svendaneel/okam/wt-migstackmerge/WebApi.Tests/Margin/MarginStatementsControllerTests.cs(196,37): warning CS8767: Nullability of reference types in type of parameter 'name' of 'MarginModuleSettings StaticMonitor.Get(string name)' doesn't match implicitly implemented member 'MarginModuleSettings IOptionsMonitor<MarginModuleSettings>.Get(string? name)' (possibly because of nullability attributes). [/Users/svendaneel/okam/wt-migstackmerge/WebApi.Tests/WebApi.Tests.csproj]
/Users/svendaneel/okam/wt-migstackmerge/WebApi.Tests/Workforce/WorkforceNotificationTransportTests.cs(847,136): warning CS8625: Cannot convert null literal to non-nullable reference type. [/Users/svendaneel/okam/wt-migstackmerge/WebApi.Tests/WebApi.Tests.csproj]
/Users/svendaneel/okam/wt-migstackmerge/WebApi.Tests/Workforce/WorkforceContractVsScheduleTests.cs(65,37): warning CS8625: Cannot convert null literal to non-nullable reference type. [/Users/svendaneel/okam/wt-migstackmerge/WebApi.Tests/WebApi.Tests.csproj]
/Users/svendaneel/okam/wt-migstackmerge/WebApi.Tests/Workforce/WorkforceRateAuthoringTests.cs(556,74): warning CS8625: Cannot convert null literal to non-nullable reference type. [/Users/svendaneel/okam/wt-migstackmerge/WebApi.Tests/WebApi.Tests.csproj]
/Users/svendaneel/okam/wt-migstackmerge/WebApi.Tests/MaintenanceServiceTests.cs(252,64): warning CS8625: Cannot convert null literal to non-nullable reference type. [/Users/svendaneel/okam/wt-migstackmerge/WebApi.Tests/WebApi.Tests.csproj]
/Users/svendaneel/okam/wt-migstackmerge/WebApi.Tests/MaintenanceServiceTests.cs(252,107): warning CS8625: Cannot convert null literal to non-nullable reference type. [/Users/svendaneel/okam/wt-migstackmerge/WebApi.Tests/WebApi.Tests.csproj]
/Users/svendaneel/okam/wt-migstackmerge/WebApi.Tests/MaintenanceServiceTests.cs(325,57): warning CS8625: Cannot convert null literal to non-nullable reference type. [/Users/svendaneel/okam/wt-migstackmerge/WebApi.Tests/WebApi.Tests.csproj]
/Users/svendaneel/okam/wt-migstackmerge/WebApi.Tests/MaintenanceServiceTests.cs(326,47): warning CS8625: Cannot convert null literal to non-nullable reference type. [/Users/svendaneel/okam/wt-migstackmerge/WebApi.Tests/WebApi.Tests.csproj]
/Users/svendaneel/okam/wt-migstackmerge/WebApi.Tests/Workforce/WorkforceRateTestHost.cs(21,33): warning CS8625: Cannot convert null literal to non-nullable reference type. [/Users/svendaneel/okam/wt-migstackmerge/WebApi.Tests/WebApi.Tests.csproj]
/Users/svendaneel/okam/wt-migstackmerge/WebApi.Tests/Growth/GrowthDispatchTestSupport.cs(52,110): warning CS8625: Cannot convert null literal to non-nullable reference type. [/Users/svendaneel/okam/wt-migstackmerge/WebApi.Tests/WebApi.Tests.csproj]
/Users/svendaneel/okam/wt-migstackmerge/WebApi.Tests/Growth/GrowthDispatchTestSupport.cs(53,37): warning CS8625: Cannot convert null literal to non-nullable reference type. [/Users/svendaneel/okam/wt-migstackmerge/WebApi.Tests/WebApi.Tests.csproj]
/Users/svendaneel/okam/wt-migstackmerge/WebApi.Tests/Growth/GrowthDispatchTestSupport.cs(69,18): warning CS8767: Nullability of reference types in type of parameter 'name' of 'T StaticOptionsMonitor<T>.Get(string name)' doesn't match implicitly implemented member 'T IOptionsMonitor<T>.Get(string? name)' (possibly because of nullability attributes). [/Users/svendaneel/okam/wt-migstackmerge/WebApi.Tests/WebApi.Tests.csproj]
/Users/svendaneel/okam/wt-migstackmerge/WebApi.Tests/Workforce/WorkforceRequestInboxUnionTests.cs(64,113): warning CS8625: Cannot convert null literal to non-nullable reference type. [/Users/svendaneel/okam/wt-migstackmerge/WebApi.Tests/WebApi.Tests.csproj]
/Users/svendaneel/okam/wt-migstackmerge/WebApi.Tests/Workforce/WorkforceRequestInboxUnionTests.cs(64,134): warning CS8625: Cannot convert null literal to non-nullable reference type. [/Users/svendaneel/okam/wt-migstackmerge/WebApi.Tests/WebApi.Tests.csproj]
/Users/svendaneel/okam/wt-migstackmerge/WebApi.Tests/Triage_mcpshopping_McpCheckoutTests.cs(329,162): warning CS8625: Cannot convert null literal to non-nullable reference type. [/Users/svendaneel/okam/wt-migstackmerge/WebApi.Tests/WebApi.Tests.csproj]
/Users/svendaneel/okam/wt-migstackmerge/WebApi.Tests/Triage_mcpshopping_McpCheckoutTests.cs(355,159): warning CS8625: Cannot convert null literal to non-nullable reference type. [/Users/svendaneel/okam/wt-migstackmerge/WebApi.Tests/WebApi.Tests.csproj]
/Users/svendaneel/okam/wt-migstackmerge/WebApi.Tests/Workforce/WorkforceScheduleTestHost.cs(24,33): warning CS8625: Cannot convert null literal to non-nullable reference type. [/Users/svendaneel/okam/wt-migstackmerge/WebApi.Tests/WebApi.Tests.csproj]
/Users/svendaneel/okam/wt-migstackmerge/WebApi.Tests/Workforce/WorkforceScheduleTestHost.cs(25,26): warning CS8625: Cannot convert null literal to non-nullable reference type. [/Users/svendaneel/okam/wt-migstackmerge/WebApi.Tests/WebApi.Tests.csproj]
/Users/svendaneel/okam/wt-migstackmerge/WebApi.Tests/Observability/OperationalNotificationPiiTests.cs(375,99): warning CS8625: Cannot convert null literal to non-nullable reference type. [/Users/svendaneel/okam/wt-migstackmerge/WebApi.Tests/WebApi.Tests.csproj]
/Users/svendaneel/okam/wt-migstackmerge/WebApi.Tests/Auth/ActorStampCallSiteTests.cs(171,26): warning CS8601: Possible null reference assignment. [/Users/svendaneel/okam/wt-migstackmerge/WebApi.Tests/WebApi.Tests.csproj]
/Users/svendaneel/okam/wt-migstackmerge/WebApi.Tests/Auth/ActorStampCallSiteTests.cs(140,23): warning CS8618: Non-nullable property 'UpdatedByReference' must contain a non-null value when exiting constructor. Consider declaring the property as nullable. [/Users/svendaneel/okam/wt-migstackmerge/WebApi.Tests/WebApi.Tests.csproj]
/Users/svendaneel/okam/wt-migstackmerge/WebApi.Tests/Growth/GrowthAttributionTests.cs(31,62): warning CS8625: Cannot convert null literal to non-nullable reference type. [/Users/svendaneel/okam/wt-migstackmerge/WebApi.Tests/WebApi.Tests.csproj]
/Users/svendaneel/okam/wt-migstackmerge/WebApi.Tests/Growth/GrowthAttributionTests.cs(192,62): warning CS8625: Cannot convert null literal to non-nullable reference type. [/Users/svendaneel/okam/wt-migstackmerge/WebApi.Tests/WebApi.Tests.csproj]
/Users/svendaneel/okam/wt-migstackmerge/WebApi.Tests/Auth/PowerUserRoleSeedTests.cs(267,69): warning CS8625: Cannot convert null literal to non-nullable reference type. [/Users/svendaneel/okam/wt-migstackmerge/WebApi.Tests/WebApi.Tests.csproj]
/Users/svendaneel/okam/wt-migstackmerge/WebApi.Tests/Growth/GrowthAttributionTests.cs(53,29): warning CS8600: Converting null literal or possible null value to non-nullable type. [/Users/svendaneel/okam/wt-migstackmerge/WebApi.Tests/WebApi.Tests.csproj]
/Users/svendaneel/okam/wt-migstackmerge/WebApi.Tests/Growth/GrowthAttributionTests.cs(55,29): warning CS8600: Converting null literal or possible null value to non-nullable type. [/Users/svendaneel/okam/wt-migstackmerge/WebApi.Tests/WebApi.Tests.csproj]
/Users/svendaneel/okam/wt-migstackmerge/WebApi.Tests/Growth/GrowthAttributionTests.cs(56,27): warning CS8604: Possible null reference argument for parameter 'value' in 'JToken.explicit operator bool(JToken value)'. [/Users/svendaneel/okam/wt-migstackmerge/WebApi.Tests/WebApi.Tests.csproj]
/Users/svendaneel/okam/wt-migstackmerge/WebApi.Tests/Growth/GrowthAttributionTests.cs(87,29): warning CS8600: Converting null literal or possible null value to non-nullable type. [/Users/svendaneel/okam/wt-migstackmerge/WebApi.Tests/WebApi.Tests.csproj]
/Users/svendaneel/okam/wt-migstackmerge/WebApi.Tests/Growth/GrowthAttributionTests.cs(88,38): warning CS8600: Converting null literal or possible null value to non-nullable type. [/Users/svendaneel/okam/wt-migstackmerge/WebApi.Tests/WebApi.Tests.csproj]
/Users/svendaneel/okam/wt-migstackmerge/WebApi.Tests/Events/FakeEventsReadPorts.cs(45,27): warning CS8629: Nullable value type may be null. [/Users/svendaneel/okam/wt-migstackmerge/WebApi.Tests/WebApi.Tests.csproj]
/Users/svendaneel/okam/wt-migstackmerge/WebApi.Tests/Growth/GrowthAttributionTests.cs(115,32): warning CS8604: Possible null reference argument for parameter 'value' in 'JToken.explicit operator bool(JToken value)'. [/Users/svendaneel/okam/wt-migstackmerge/WebApi.Tests/WebApi.Tests.csproj]
/Users/svendaneel/okam/wt-migstackmerge/WebApi.Tests/Growth/GrowthAttributionTests.cs(116,33): warning CS8600: Converting null literal or possible null value to non-nullable type. [/Users/svendaneel/okam/wt-migstackmerge/WebApi.Tests/WebApi.Tests.csproj]
/Users/svendaneel/okam/wt-migstackmerge/WebApi.Tests/Growth/GrowthAttributionTests.cs(117,25): warning CS8600: Converting null literal or possible null value to non-nullable type. [/Users/svendaneel/okam/wt-migstackmerge/WebApi.Tests/WebApi.Tests.csproj]
/Users/svendaneel/okam/wt-migstackmerge/WebApi.Tests/Growth/GrowthAttributionTests.cs(132,27): warning CS8604: Possible null reference argument for parameter 'value' in 'JToken.explicit operator bool(JToken value)'. [/Users/svendaneel/okam/wt-migstackmerge/WebApi.Tests/WebApi.Tests.csproj]
/Users/svendaneel/okam/wt-migstackmerge/WebApi.Tests/Growth/GrowthAttributionTests.cs(133,61): warning CS8600: Converting null literal or possible null value to non-nullable type. [/Users/svendaneel/okam/wt-migstackmerge/WebApi.Tests/WebApi.Tests.csproj]
/Users/svendaneel/okam/wt-migstackmerge/WebApi.Tests/Growth/GrowthAttributionTests.cs(134,29): warning CS8600: Converting null literal or possible null value to non-nullable type. [/Users/svendaneel/okam/wt-migstackmerge/WebApi.Tests/WebApi.Tests.csproj]
/Users/svendaneel/okam/wt-migstackmerge/WebApi.Tests/Growth/GrowthAuditWriterTests.cs(317,31): warning CS8602: Dereference of a possibly null reference. [/Users/svendaneel/okam/wt-migstackmerge/WebApi.Tests/WebApi.Tests.csproj]
/Users/svendaneel/okam/wt-migstackmerge/WebApi.Tests/Growth/GrowthAttributionTests.cs(180,16): warning CS8603: Possible null reference return. [/Users/svendaneel/okam/wt-migstackmerge/WebApi.Tests/WebApi.Tests.csproj]
/Users/svendaneel/okam/wt-migstackmerge/WebApi.Tests/Growth/GrowthWorld.cs(335,144): warning CS8625: Cannot convert null literal to non-nullable reference type. [/Users/svendaneel/okam/wt-migstackmerge/WebApi.Tests/WebApi.Tests.csproj]
/Users/svendaneel/okam/wt-migstackmerge/WebApi.Tests/Workforce/WorkforceW4MigrationLineageTests.cs(168,26): warning CS8600: Converting null literal or possible null value to non-nullable type. [/Users/svendaneel/okam/wt-migstackmerge/WebApi.Tests/WebApi.Tests.csproj]
/Users/svendaneel/okam/wt-migstackmerge/WebApi.Tests/Workforce/WorkforceW4MigrationLineageTests.cs(169,25): warning CS8600: Converting null literal or possible null value to non-nullable type. [/Users/svendaneel/okam/wt-migstackmerge/WebApi.Tests/WebApi.Tests.csproj]
/Users/svendaneel/okam/wt-migstackmerge/WebApi.Tests/Growth/GrowthAuditLedgerTests.cs(472,9): warning CS8603: Possible null reference return. [/Users/svendaneel/okam/wt-migstackmerge/WebApi.Tests/WebApi.Tests.csproj]
/Users/svendaneel/okam/wt-migstackmerge/WebApi.Tests/Auth/PowerUserRoleSeedTests.cs(350,20): warning CS8603: Possible null reference return. [/Users/svendaneel/okam/wt-migstackmerge/WebApi.Tests/WebApi.Tests.csproj]
/Users/svendaneel/okam/wt-migstackmerge/WebApi.Tests/Auth/PowerUserRoleSeedTests.cs(354,42): warning CS8604: Possible null reference argument for parameter 'user' in 'Task<bool> UserManager<ApplicationUser>.IsInRoleAsync(ApplicationUser user, string role)'. [/Users/svendaneel/okam/wt-migstackmerge/WebApi.Tests/WebApi.Tests.csproj]
/Users/svendaneel/okam/wt-migstackmerge/WebApi.Tests/Workforce/WorkforceW4MigrationLineageTests.cs(563,16): warning CS8600: Converting null literal or possible null value to non-nullable type. [/Users/svendaneel/okam/wt-migstackmerge/WebApi.Tests/WebApi.Tests.csproj]
/Users/svendaneel/okam/wt-migstackmerge/WebApi.Tests/Workforce/WorkforceW4MigrationLineageTests.cs(563,16): warning CS8603: Possible null reference return. [/Users/svendaneel/okam/wt-migstackmerge/WebApi.Tests/WebApi.Tests.csproj]
/Users/svendaneel/okam/wt-migstackmerge/WebApi.Tests/Workforce/WorkforceW4MigrationLineageTests.cs(599,16): warning CS8600: Converting null literal or possible null value to non-nullable type. [/Users/svendaneel/okam/wt-migstackmerge/WebApi.Tests/WebApi.Tests.csproj]
/Users/svendaneel/okam/wt-migstackmerge/WebApi.Tests/Workforce/WorkforceW4MigrationLineageTests.cs(599,16): warning CS8603: Possible null reference return. [/Users/svendaneel/okam/wt-migstackmerge/WebApi.Tests/WebApi.Tests.csproj]
/Users/svendaneel/okam/wt-migstackmerge/WebApi.Tests/Growth/GrowthWebhookSecretResolverTests.cs(37,62): warning CS8620: Argument of type 'Dictionary<string, string>' cannot be used for parameter 'initialData' of type 'IEnumerable<KeyValuePair<string, string?>>' in 'IConfigurationBuilder MemoryConfigurationBuilderExtensions.AddInMemoryCollection(IConfigurationBuilder configurationBuilder, IEnumerable<KeyValuePair<string, string?>>? initialData)' due to differences in the nullability of reference types. [/Users/svendaneel/okam/wt-migstackmerge/WebApi.Tests/WebApi.Tests.csproj]
/Users/svendaneel/okam/wt-migstackmerge/WebApi.Tests/Events/EventsTenantIsolationSweepTests.cs(70,16): warning CS8619: Nullability of reference types in value of type '(int? StatusCode, object?)' doesn't match target type '(int? Status, object Code)'. [/Users/svendaneel/okam/wt-migstackmerge/WebApi.Tests/WebApi.Tests.csproj]
/Users/svendaneel/okam/wt-migstackmerge/WebApi.Tests/Workforce/WorkforceW3MigrationLineageTests.cs(497,16): warning CS8600: Converting null literal or possible null value to non-nullable type. [/Users/svendaneel/okam/wt-migstackmerge/WebApi.Tests/WebApi.Tests.csproj]
/Users/svendaneel/okam/wt-migstackmerge/WebApi.Tests/Workforce/WorkforceW3MigrationLineageTests.cs(497,16): warning CS8603: Possible null reference return. [/Users/svendaneel/okam/wt-migstackmerge/WebApi.Tests/WebApi.Tests.csproj]
/Users/svendaneel/okam/wt-migstackmerge/WebApi.Tests/Workforce/WorkforceW2MigrationLineageTests.cs(255,25): warning CS8600: Converting null literal or possible null value to non-nullable type. [/Users/svendaneel/okam/wt-migstackmerge/WebApi.Tests/WebApi.Tests.csproj]
/Users/svendaneel/okam/wt-migstackmerge/WebApi.Tests/Workforce/WorkforceW2MigrationLineageTests.cs(255,38): warning CS8600: Converting null literal or possible null value to non-nullable type. [/Users/svendaneel/okam/wt-migstackmerge/WebApi.Tests/WebApi.Tests.csproj]
/Users/svendaneel/okam/wt-migstackmerge/WebApi.Tests/Events/EventsAttributionRefusalTests.cs(39,62): warning CS8625: Cannot convert null literal to non-nullable reference type. [/Users/svendaneel/okam/wt-migstackmerge/WebApi.Tests/WebApi.Tests.csproj]
/Users/svendaneel/okam/wt-migstackmerge/WebApi.Tests/Kassa/CheckLineOrderTests.cs(39,28): warning CS8600: Converting null literal or possible null value to non-nullable type. [/Users/svendaneel/okam/wt-migstackmerge/WebApi.Tests/WebApi.Tests.csproj]
/Users/svendaneel/okam/wt-migstackmerge/WebApi.Tests/Kassa/CheckLineOrderTests.cs(45,29): warning CS8602: Dereference of a possibly null reference. [/Users/svendaneel/okam/wt-migstackmerge/WebApi.Tests/WebApi.Tests.csproj]
/Users/svendaneel/okam/wt-migstackmerge/WebApi.Tests/Growth/GrowthConsentTextAuthoringTests.cs(272,25): warning CS8604: Possible null reference argument for parameter 'element' in 'IEnumerable<AllowAnonymousAttribute> CustomAttributeExtensions.GetCustomAttributes<AllowAnonymousAttribute>(MemberInfo element)'. [/Users/svendaneel/okam/wt-migstackmerge/WebApi.Tests/WebApi.Tests.csproj]
/Users/svendaneel/okam/wt-migstackmerge/WebApi.Tests/Kassa/Cov2_TerminalP1Tests.cs(49,81): warning CS8625: Cannot convert null literal to non-nullable reference type. [/Users/svendaneel/okam/wt-migstackmerge/WebApi.Tests/WebApi.Tests.csproj]
/Users/svendaneel/okam/wt-migstackmerge/WebApi.Tests/Kassa/Cov2_TerminalP1Tests.cs(52,76): warning CS8625: Cannot convert null literal to non-nullable reference type. [/Users/svendaneel/okam/wt-migstackmerge/WebApi.Tests/WebApi.Tests.csproj]
/Users/svendaneel/okam/wt-migstackmerge/WebApi.Tests/Kassa/Cov2_TerminalP1Tests.cs(53,78): warning CS8625: Cannot convert null literal to non-nullable reference type. [/Users/svendaneel/okam/wt-migstackmerge/WebApi.Tests/WebApi.Tests.csproj]
/Users/svendaneel/okam/wt-migstackmerge/WebApi.Tests/Kassa/Cov2_TerminalP1Tests.cs(57,73): warning CS8625: Cannot convert null literal to non-nullable reference type. [/Users/svendaneel/okam/wt-migstackmerge/WebApi.Tests/WebApi.Tests.csproj]
/Users/svendaneel/okam/wt-migstackmerge/WebApi.Tests/Kassa/Cov2_SurfboardP1Tests.cs(214,47): warning CS8604: Possible null reference argument for parameter 'value' in 'object Cov2_SurfboardVerifyStatusMachineTests.ReadProp(object value, string name)'. [/Users/svendaneel/okam/wt-migstackmerge/WebApi.Tests/WebApi.Tests.csproj]
/Users/svendaneel/okam/wt-migstackmerge/WebApi.Tests/MaintenanceServiceTests.cs(316,51): warning CS8619: Nullability of reference types in value of type 'Task<T?>' doesn't match target type 'Task<T>'. [/Users/svendaneel/okam/wt-migstackmerge/WebApi.Tests/WebApi.Tests.csproj]
/Users/svendaneel/okam/wt-migstackmerge/WebApi.Tests/Kassa/Cov2_SurfboardP1Tests.cs(254,42): warning CS8604: Possible null reference argument for parameter 'value' in 'object Cov2_SurfboardVerifyStatusMachineTests.ReadProp(object value, string name)'. [/Users/svendaneel/okam/wt-migstackmerge/WebApi.Tests/WebApi.Tests.csproj]
/Users/svendaneel/okam/wt-migstackmerge/WebApi.Tests/Kassa/Cov2_SurfboardP1Tests.cs(286,12): warning CS8603: Possible null reference return. [/Users/svendaneel/okam/wt-migstackmerge/WebApi.Tests/WebApi.Tests.csproj]
/Users/svendaneel/okam/wt-migstackmerge/WebApi.Tests/Kassa/Cov2_KitchenBoardP1Tests.cs(322,20): warning CS8603: Possible null reference return. [/Users/svendaneel/okam/wt-migstackmerge/WebApi.Tests/WebApi.Tests.csproj]
/Users/svendaneel/okam/wt-migstackmerge/WebApi.Tests/Events/EventsTenantIsolationSweepTests.cs(502,68): warning CS8601: Possible null reference assignment. [/Users/svendaneel/okam/wt-migstackmerge/WebApi.Tests/WebApi.Tests.csproj]
/Users/svendaneel/okam/wt-migstackmerge/WebApi.Tests/Workforce/WorkforceW2MigrationLineageTests.cs(443,16): warning CS8600: Converting null literal or possible null value to non-nullable type. [/Users/svendaneel/okam/wt-migstackmerge/WebApi.Tests/WebApi.Tests.csproj]
/Users/svendaneel/okam/wt-migstackmerge/WebApi.Tests/Workforce/WorkforceW2MigrationLineageTests.cs(443,16): warning CS8603: Possible null reference return. [/Users/svendaneel/okam/wt-migstackmerge/WebApi.Tests/WebApi.Tests.csproj]
/Users/svendaneel/okam/wt-migstackmerge/WebApi.Tests/Growth/GrowthDispatchMigrationLineageTests.cs(146,33): warning CS8605: Unboxing a possibly null value. [/Users/svendaneel/okam/wt-migstackmerge/WebApi.Tests/WebApi.Tests.csproj]
/Users/svendaneel/okam/wt-migstackmerge/WebApi.Tests/Growth/GrowthDispatchMigrationLineageTests.cs(281,24): warning CS8620: Argument of type '(string cols, string? filter)' cannot be used for parameter 'item' of type '(string, string)' in 'void List<(string, string)>.Add((string, string) item)' due to differences in the nullability of reference types. [/Users/svendaneel/okam/wt-migstackmerge/WebApi.Tests/WebApi.Tests.csproj]
/Users/svendaneel/okam/wt-migstackmerge/WebApi.Tests/Kassa/Cov2_ReportingP1Tests.cs(314,16): warning CS8619: Nullability of reference types in value of type 'string?[]' doesn't match target type 'string[]'. [/Users/svendaneel/okam/wt-migstackmerge/WebApi.Tests/WebApi.Tests.csproj]
/Users/svendaneel/okam/wt-migstackmerge/WebApi.Tests/Events/EventsStoreAdminAuthorizationPinTests.cs(465,16): warning CS8619: Nullability of reference types in value of type '(int? StatusCode, object?)' doesn't match target type '(int? Status, object Code)'. [/Users/svendaneel/okam/wt-migstackmerge/WebApi.Tests/WebApi.Tests.csproj]
/Users/svendaneel/okam/wt-migstackmerge/WebApi.Tests/Kassa/Cov_KitchenBoardGuardsTests.cs(218,20): warning CS8603: Possible null reference return. [/Users/svendaneel/okam/wt-migstackmerge/WebApi.Tests/WebApi.Tests.csproj]
/Users/svendaneel/okam/wt-migstackmerge/WebApi.Tests/Events/EventsStateMachineTests.cs(26,30): warning CS8625: Cannot convert null literal to non-nullable reference type. [/Users/svendaneel/okam/wt-migstackmerge/WebApi.Tests/WebApi.Tests.csproj]
/Users/svendaneel/okam/wt-migstackmerge/WebApi.Tests/Growth/GrowthDispatchTestSupport.cs(114,23): warning CS8618: Non-nullable property 'ContentHash' must contain a non-null value when exiting constructor. Consider declaring the property as nullable. [/Users/svendaneel/okam/wt-migstackmerge/WebApi.Tests/WebApi.Tests.csproj]
/Users/svendaneel/okam/wt-migstackmerge/WebApi.Tests/Growth/GrowthDispatchTestSupport.cs(71,68): warning CS8603: Possible null reference return. [/Users/svendaneel/okam/wt-migstackmerge/WebApi.Tests/WebApi.Tests.csproj]
/Users/svendaneel/okam/wt-migstackmerge/WebApi.Tests/Margin/MarginBHarness.cs(55,47): warning CS8625: Cannot convert null literal to non-nullable reference type. [/Users/svendaneel/okam/wt-migstackmerge/WebApi.Tests/WebApi.Tests.csproj]
/Users/svendaneel/okam/wt-migstackmerge/WebApi.Tests/Margin/MarginBHarness.cs(80,35): warning CS8625: Cannot convert null literal to non-nullable reference type. [/Users/svendaneel/okam/wt-migstackmerge/WebApi.Tests/WebApi.Tests.csproj]
/Users/svendaneel/okam/wt-migstackmerge/WebApi.Tests/Kassa/Cov2_TerminalP1Tests.cs(214,62): warning CS8625: Cannot convert null literal to non-nullable reference type. [/Users/svendaneel/okam/wt-migstackmerge/WebApi.Tests/WebApi.Tests.csproj]
/Users/svendaneel/okam/wt-migstackmerge/WebApi.Tests/Events/EventsRouteGateSweepTests.cs(97,95): warning CS8600: Converting null literal or possible null value to non-nullable type. [/Users/svendaneel/okam/wt-migstackmerge/WebApi.Tests/WebApi.Tests.csproj]
/Users/svendaneel/okam/wt-migstackmerge/WebApi.Tests/Events/EventsRouteGateSweepTests.cs(110,57): warning CS8620: Argument of type 'Dictionary<string, object>' cannot be used for parameter 'actionArguments' of type 'IDictionary<string, object?>' in 'ActionExecutingContext.ActionExecutingContext(ActionContext actionContext, IList<IFilterMetadata> filters, IDictionary<string, object?> actionArguments, object controller)' due to differences in the nullability of reference types. [/Users/svendaneel/okam/wt-migstackmerge/WebApi.Tests/WebApi.Tests.csproj]
/Users/svendaneel/okam/wt-migstackmerge/WebApi.Tests/Events/EventsRunSheetDietaryTests.cs(142,67): warning CS8625: Cannot convert null literal to non-nullable reference type. [/Users/svendaneel/okam/wt-migstackmerge/WebApi.Tests/WebApi.Tests.csproj]
/Users/svendaneel/okam/wt-migstackmerge/WebApi.Tests/Events/EventsRunSheetDietaryTests.cs(196,67): warning CS8625: Cannot convert null literal to non-nullable reference type. [/Users/svendaneel/okam/wt-migstackmerge/WebApi.Tests/WebApi.Tests.csproj]
/Users/svendaneel/okam/wt-migstackmerge/WebApi.Tests/Kassa/Cov2_TerminalP1Tests.cs(404,23): warning CS8618: Non-nullable property 'WebRootPath' must contain a non-null value when exiting constructor. Consider declaring the property as nullable. [/Users/svendaneel/okam/wt-migstackmerge/WebApi.Tests/WebApi.Tests.csproj]
/Users/svendaneel/okam/wt-migstackmerge/WebApi.Tests/Kassa/Cov2_TerminalP1Tests.cs(405,30): warning CS8618: Non-nullable property 'WebRootFileProvider' must contain a non-null value when exiting constructor. Consider declaring the property as nullable. [/Users/svendaneel/okam/wt-migstackmerge/WebApi.Tests/WebApi.Tests.csproj]
/Users/svendaneel/okam/wt-migstackmerge/WebApi.Tests/Kassa/Cov2_TerminalP1Tests.cs(407,30): warning CS8618: Non-nullable property 'ContentRootFileProvider' must contain a non-null value when exiting constructor. Consider declaring the property as nullable. [/Users/svendaneel/okam/wt-migstackmerge/WebApi.Tests/WebApi.Tests.csproj]
/Users/svendaneel/okam/wt-migstackmerge/WebApi.Tests/Events/EventsRunSheetDietaryTests.cs(224,67): warning CS8625: Cannot convert null literal to non-nullable reference type. [/Users/svendaneel/okam/wt-migstackmerge/WebApi.Tests/WebApi.Tests.csproj]
/Users/svendaneel/okam/wt-migstackmerge/WebApi.Tests/Events/EventsRunSheetDietaryTests.cs(241,67): warning CS8625: Cannot convert null literal to non-nullable reference type. [/Users/svendaneel/okam/wt-migstackmerge/WebApi.Tests/WebApi.Tests.csproj]
/Users/svendaneel/okam/wt-migstackmerge/WebApi.Tests/Events/EventsRunSheetDietaryTests.cs(271,67): warning CS8625: Cannot convert null literal to non-nullable reference type. [/Users/svendaneel/okam/wt-migstackmerge/WebApi.Tests/WebApi.Tests.csproj]
/Users/svendaneel/okam/wt-migstackmerge/WebApi.Tests/Events/EventsRunSheetDietaryTests.cs(289,67): warning CS8625: Cannot convert null literal to non-nullable reference type. [/Users/svendaneel/okam/wt-migstackmerge/WebApi.Tests/WebApi.Tests.csproj]
/Users/svendaneel/okam/wt-migstackmerge/WebApi.Tests/Events/EventsRunSheetDietaryTests.cs(318,67): warning CS8625: Cannot convert null literal to non-nullable reference type. [/Users/svendaneel/okam/wt-migstackmerge/WebApi.Tests/WebApi.Tests.csproj]
/Users/svendaneel/okam/wt-migstackmerge/WebApi.Tests/Events/EventsProviderServiceDoubles.cs(158,12): warning CS8619: Nullability of reference types in value of type 'Task<DinteroTransactionModel?>' doesn't match target type 'Task<DinteroTransactionModel>'. [/Users/svendaneel/okam/wt-migstackmerge/WebApi.Tests/WebApi.Tests.csproj]
/Users/svendaneel/okam/wt-migstackmerge/WebApi.Tests/Events/EventsProviderServiceDoubles.cs(133,19): warning CS8618: Non-nullable field 'LastRefundTransactionId' must contain a non-null value when exiting constructor. Consider declaring the field as nullable. [/Users/svendaneel/okam/wt-migstackmerge/WebApi.Tests/WebApi.Tests.csproj]
/Users/svendaneel/okam/wt-migstackmerge/WebApi.Tests/Events/EventsProviderServiceDoubles.cs(135,19): warning CS8618: Non-nullable field 'LastVoidTransactionId' must contain a non-null value when exiting constructor. Consider declaring the field as nullable. [/Users/svendaneel/okam/wt-migstackmerge/WebApi.Tests/WebApi.Tests.csproj]
/Users/svendaneel/okam/wt-migstackmerge/WebApi.Tests/Events/EventsProviderFixtures.cs(131,19): warning CS8618: Non-nullable property 'FileName' must contain a non-null value when exiting constructor. Consider declaring the property as nullable. [/Users/svendaneel/okam/wt-migstackmerge/WebApi.Tests/WebApi.Tests.csproj]
/Users/svendaneel/okam/wt-migstackmerge/WebApi.Tests/Events/EventsProviderFixtures.cs(132,19): warning CS8618: Non-nullable property 'RailState' must contain a non-null value when exiting constructor. Consider declaring the property as nullable. [/Users/svendaneel/okam/wt-migstackmerge/WebApi.Tests/WebApi.Tests.csproj]
/Users/svendaneel/okam/wt-migstackmerge/WebApi.Tests/Events/EventsProviderFixtures.cs(136,19): warning CS8618: Non-nullable property 'Provenance' must contain a non-null value when exiting constructor. Consider declaring the property as nullable. [/Users/svendaneel/okam/wt-migstackmerge/WebApi.Tests/WebApi.Tests.csproj]
/Users/svendaneel/okam/wt-migstackmerge/WebApi.Tests/Events/EventsProviderFixtures.cs(138,19): warning CS8618: Non-nullable property 'Source' must contain a non-null value when exiting constructor. Consider declaring the property as nullable. [/Users/svendaneel/okam/wt-migstackmerge/WebApi.Tests/WebApi.Tests.csproj]
/Users/svendaneel/okam/wt-migstackmerge/WebApi.Tests/Events/EventsProviderFixtures.cs(139,19): warning CS8618: Non-nullable property 'Note' must contain a non-null value when exiting constructor. Consider declaring the property as nullable. [/Users/svendaneel/okam/wt-migstackmerge/WebApi.Tests/WebApi.Tests.csproj]
/Users/svendaneel/okam/wt-migstackmerge/WebApi.Tests/Events/EventsProviderFixtures.cs(142,19): warning CS8618: Non-nullable property 'CapturedAt' must contain a non-null value when exiting constructor. Consider declaring the property as nullable. [/Users/svendaneel/okam/wt-migstackmerge/WebApi.Tests/WebApi.Tests.csproj]
/Users/svendaneel/okam/wt-migstackmerge/WebApi.Tests/Events/EventsProviderFixtures.cs(145,19): warning CS8618: Non-nullable property 'Account' must contain a non-null value when exiting constructor. Consider declaring the property as nullable. [/Users/svendaneel/okam/wt-migstackmerge/WebApi.Tests/WebApi.Tests.csproj]
/Users/svendaneel/okam/wt-migstackmerge/WebApi.Tests/Events/EventsProviderFixtures.cs(117,19): warning CS8618: Non-nullable property 'Provider' must contain a non-null value when exiting constructor. Consider declaring the property as nullable. [/Users/svendaneel/okam/wt-migstackmerge/WebApi.Tests/WebApi.Tests.csproj]
/Users/svendaneel/okam/wt-migstackmerge/WebApi.Tests/Events/EventsProviderFixtures.cs(118,19): warning CS8618: Non-nullable property 'Api' must contain a non-null value when exiting constructor. Consider declaring the property as nullable. [/Users/svendaneel/okam/wt-migstackmerge/WebApi.Tests/WebApi.Tests.csproj]
/Users/svendaneel/okam/wt-migstackmerge/WebApi.Tests/Events/EventsProviderFixtures.cs(119,19): warning CS8618: Non-nullable property 'ConsumedBy' must contain a non-null value when exiting constructor. Consider declaring the property as nullable. [/Users/svendaneel/okam/wt-migstackmerge/WebApi.Tests/WebApi.Tests.csproj]
/Users/svendaneel/okam/wt-migstackmerge/WebApi.Tests/Events/EventsProviderFixtures.cs(120,19): warning CS8618: Non-nullable property 'AmountUnit' must contain a non-null value when exiting constructor. Consider declaring the property as nullable. [/Users/svendaneel/okam/wt-migstackmerge/WebApi.Tests/WebApi.Tests.csproj]
/Users/svendaneel/okam/wt-migstackmerge/WebApi.Tests/Events/EventsDeadLetterSurfaceTests.cs(285,74): warning CS8625: Cannot convert null literal to non-nullable reference type. [/Users/svendaneel/okam/wt-migstackmerge/WebApi.Tests/WebApi.Tests.csproj]
/Users/svendaneel/okam/wt-migstackmerge/WebApi.Tests/Events/EventsDeadLetterSurfaceTests.cs(285,96): warning CS8625: Cannot convert null literal to non-nullable reference type. [/Users/svendaneel/okam/wt-migstackmerge/WebApi.Tests/WebApi.Tests.csproj]
/Users/svendaneel/okam/wt-migstackmerge/WebApi.Tests/Events/EventsProviderServiceDoubles.cs(54,12): warning CS8603: Possible null reference return. [/Users/svendaneel/okam/wt-migstackmerge/WebApi.Tests/WebApi.Tests.csproj]
/Users/svendaneel/okam/wt-migstackmerge/WebApi.Tests/Events/EventsProviderServiceDoubles.cs(32,26): warning CS8618: Non-nullable field 'Intent' must contain a non-null value when exiting constructor. Consider declaring the field as nullable. [/Users/svendaneel/okam/wt-migstackmerge/WebApi.Tests/WebApi.Tests.csproj]
/Users/svendaneel/okam/wt-migstackmerge/WebApi.Tests/Events/EventsProviderServiceDoubles.cs(35,19): warning CS8618: Non-nullable field 'LastRefundIntentId' must contain a non-null value when exiting constructor. Consider declaring the field as nullable. [/Users/svendaneel/okam/wt-migstackmerge/WebApi.Tests/WebApi.Tests.csproj]
/Users/svendaneel/okam/wt-migstackmerge/WebApi.Tests/Events/EventsProviderServiceDoubles.cs(37,19): warning CS8618: Non-nullable field 'LastCancelIntentId' must contain a non-null value when exiting constructor. Consider declaring the field as nullable. [/Users/svendaneel/okam/wt-migstackmerge/WebApi.Tests/WebApi.Tests.csproj]
/Users/svendaneel/okam/wt-migstackmerge/WebApi.Tests/Events/EventsProviderServiceDoubles.cs(114,12): warning CS8619: Nullability of reference types in value of type 'Task<VippsPaymentDetailsResponseModel?>' doesn't match target type 'Task<VippsPaymentDetailsResponseModel>'. [/Users/svendaneel/okam/wt-migstackmerge/WebApi.Tests/WebApi.Tests.csproj]
/Users/svendaneel/okam/wt-migstackmerge/WebApi.Tests/Events/EventsProviderServiceDoubles.cs(79,46): warning CS8618: Non-nullable field 'InitiateResponse' must contain a non-null value when exiting constructor. Consider declaring the field as nullable. [/Users/svendaneel/okam/wt-migstackmerge/WebApi.Tests/WebApi.Tests.csproj]
/Users/svendaneel/okam/wt-migstackmerge/WebApi.Tests/Events/EventsProviderServiceDoubles.cs(80,45): warning CS8618: Non-nullable field 'Details' must contain a non-null value when exiting constructor. Consider declaring the field as nullable. [/Users/svendaneel/okam/wt-migstackmerge/WebApi.Tests/WebApi.Tests.csproj]
/Users/svendaneel/okam/wt-migstackmerge/WebApi.Tests/Events/EventsProviderServiceDoubles.cs(85,19): warning CS8618: Non-nullable field 'LastRefundOrderId' must contain a non-null value when exiting constructor. Consider declaring the field as nullable. [/Users/svendaneel/okam/wt-migstackmerge/WebApi.Tests/WebApi.Tests.csproj]
/Users/svendaneel/okam/wt-migstackmerge/WebApi.Tests/Events/EventsProviderServiceDoubles.cs(87,19): warning CS8618: Non-nullable field 'LastCancelOrderId' must contain a non-null value when exiting constructor. Consider declaring the field as nullable. [/Users/svendaneel/okam/wt-migstackmerge/WebApi.Tests/WebApi.Tests.csproj]
/Users/svendaneel/okam/wt-migstackmerge/WebApi.Tests/Events/EventsProviderServiceDoubles.cs(89,19): warning CS8618: Non-nullable field 'LastCaptureOrderId' must contain a non-null value when exiting constructor. Consider declaring the field as nullable. [/Users/svendaneel/okam/wt-migstackmerge/WebApi.Tests/WebApi.Tests.csproj]
/Users/svendaneel/okam/wt-migstackmerge/WebApi.Tests/Events/EventsOutboxDeliveryTests.cs(253,84): warning CS8625: Cannot convert null literal to non-nullable reference type. [/Users/svendaneel/okam/wt-migstackmerge/WebApi.Tests/WebApi.Tests.csproj]
/Users/svendaneel/okam/wt-migstackmerge/WebApi.Tests/Events/EventsOutboxDeliveryTests.cs(253,106): warning CS8625: Cannot convert null literal to non-nullable reference type. [/Users/svendaneel/okam/wt-migstackmerge/WebApi.Tests/WebApi.Tests.csproj]
/Users/svendaneel/okam/wt-migstackmerge/WebApi.Tests/Growth/GrowthTestDoubleFidelityTests.cs(137,52): warning CS8625: Cannot convert null literal to non-nullable reference type. [/Users/svendaneel/okam/wt-migstackmerge/WebApi.Tests/WebApi.Tests.csproj]
/Users/svendaneel/okam/wt-migstackmerge/WebApi.Tests/Growth/GrowthTestDoubleFidelityTests.cs(151,36): warning CS8620: Argument of type 'Dictionary<string, string>' cannot be used for parameter 'initialData' of type 'IEnumerable<KeyValuePair<string, string?>>' in 'IConfigurationBuilder MemoryConfigurationBuilderExtensions.AddInMemoryCollection(IConfigurationBuilder configurationBuilder, IEnumerable<KeyValuePair<string, string?>>? initialData)' due to differences in the nullability of reference types. [/Users/svendaneel/okam/wt-migstackmerge/WebApi.Tests/WebApi.Tests.csproj]
/Users/svendaneel/okam/wt-migstackmerge/WebApi.Tests/Growth/GrowthTestDoubleFidelityTests.cs(170,54): warning CS8625: Cannot convert null literal to non-nullable reference type. [/Users/svendaneel/okam/wt-migstackmerge/WebApi.Tests/WebApi.Tests.csproj]
/Users/svendaneel/okam/wt-migstackmerge/WebApi.Tests/Events/EventsRunSheetDietaryTests.cs(354,67): warning CS8625: Cannot convert null literal to non-nullable reference type. [/Users/svendaneel/okam/wt-migstackmerge/WebApi.Tests/WebApi.Tests.csproj]
/Users/svendaneel/okam/wt-migstackmerge/WebApi.Tests/Events/EventsMigrationLineageTests.cs(242,29): warning CS8600: Converting null literal or possible null value to non-nullable type. [/Users/svendaneel/okam/wt-migstackmerge/WebApi.Tests/WebApi.Tests.csproj]
/Users/svendaneel/okam/wt-migstackmerge/WebApi.Tests/Events/EventsFlagCatalogCoherenceTests.cs(48,64): warning CS8625: Cannot convert null literal to non-nullable reference type. [/Users/svendaneel/okam/wt-migstackmerge/WebApi.Tests/WebApi.Tests.csproj]
/Users/svendaneel/okam/wt-migstackmerge/WebApi.Tests/Events/EventsFlagCatalogCoherenceTests.cs(91,64): warning CS8625: Cannot convert null literal to non-nullable reference type. [/Users/svendaneel/okam/wt-migstackmerge/WebApi.Tests/WebApi.Tests.csproj]
/Users/svendaneel/okam/wt-migstackmerge/WebApi.Tests/Events/EventsHarness.cs(74,46): warning CS8625: Cannot convert null literal to non-nullable reference type. [/Users/svendaneel/okam/wt-migstackmerge/WebApi.Tests/WebApi.Tests.csproj]
/Users/svendaneel/okam/wt-migstackmerge/WebApi.Tests/Events/EventsFakePaymentPort.cs(49,19): warning CS8618: Non-nullable property 'LastProviderReference' must contain a non-null value when exiting constructor. Consider declaring the property as nullable. [/Users/svendaneel/okam/wt-migstackmerge/WebApi.Tests/WebApi.Tests.csproj]
/Users/svendaneel/okam/wt-migstackmerge/WebApi.Tests/Events/EventsHarness.cs(108,34): warning CS8625: Cannot convert null literal to non-nullable reference type. [/Users/svendaneel/okam/wt-migstackmerge/WebApi.Tests/WebApi.Tests.csproj]
/Users/svendaneel/okam/wt-migstackmerge/WebApi.Tests/Events/EventsDepositPortReachableStateTests.cs(203,42): warning CS8625: Cannot convert null literal to non-nullable reference type. [/Users/svendaneel/okam/wt-migstackmerge/WebApi.Tests/WebApi.Tests.csproj]
/Users/svendaneel/okam/wt-migstackmerge/WebApi.Tests/Events/EventsDepositPortContract.cs(164,19): warning CS8618: Non-nullable property 'Name' must contain a non-null value when exiting constructor. Consider declaring the property as nullable. [/Users/svendaneel/okam/wt-migstackmerge/WebApi.Tests/WebApi.Tests.csproj]
/Users/svendaneel/okam/wt-migstackmerge/WebApi.Tests/Events/EventsDepositPortContract.cs(165,50): warning CS8618: Non-nullable property 'Drive' must contain a non-null value when exiting constructor. Consider declaring the property as nullable. [/Users/svendaneel/okam/wt-migstackmerge/WebApi.Tests/WebApi.Tests.csproj]
/Users/svendaneel/okam/wt-migstackmerge/WebApi.Tests/Events/EventsMigrationLineageTests.cs(370,16): warning CS8600: Converting null literal or possible null value to non-nullable type. [/Users/svendaneel/okam/wt-migstackmerge/WebApi.Tests/WebApi.Tests.csproj]
/Users/svendaneel/okam/wt-migstackmerge/WebApi.Tests/Events/EventsMigrationLineageTests.cs(370,16): warning CS8603: Possible null reference return. [/Users/svendaneel/okam/wt-migstackmerge/WebApi.Tests/WebApi.Tests.csproj]
/Users/svendaneel/okam/wt-migstackmerge/WebApi.Tests/Events/EventsModuleGateTests.cs(54,36): warning CS8620: Argument of type 'Dictionary<string, string>' cannot be used for parameter 'initialData' of type 'IEnumerable<KeyValuePair<string, string?>>' in 'IConfigurationBuilder MemoryConfigurationBuilderExtensions.AddInMemoryCollection(IConfigurationBuilder configurationBuilder, IEnumerable<KeyValuePair<string, string?>>? initialData)' due to differences in the nullability of reference types. [/Users/svendaneel/okam/wt-migstackmerge/WebApi.Tests/WebApi.Tests.csproj]
/Users/svendaneel/okam/wt-migstackmerge/WebApi.Tests/Events/EventsModuleGateTests.cs(67,57): warning CS8620: Argument of type 'Dictionary<string, object>' cannot be used for parameter 'actionArguments' of type 'IDictionary<string, object?>' in 'ActionExecutingContext.ActionExecutingContext(ActionContext actionContext, IList<IFilterMetadata> filters, IDictionary<string, object?> actionArguments, object controller)' due to differences in the nullability of reference types. [/Users/svendaneel/okam/wt-migstackmerge/WebApi.Tests/WebApi.Tests.csproj]
/Users/svendaneel/okam/wt-migstackmerge/WebApi.Tests/Kassa/Triage_accountingsummary_IdempotencyTests.cs(58,80): warning CS8625: Cannot convert null literal to non-nullable reference type. [/Users/svendaneel/okam/wt-migstackmerge/WebApi.Tests/WebApi.Tests.csproj]
/Users/svendaneel/okam/wt-migstackmerge/WebApi.Tests/Kassa/Res_tables_FloorPlanRenumberTests.cs(132,36): warning CS8625: Cannot convert null literal to non-nullable reference type. [/Users/svendaneel/okam/wt-migstackmerge/WebApi.Tests/WebApi.Tests.csproj]
/Users/svendaneel/okam/wt-migstackmerge/WebApi.Tests/Events/EventsDepositVippsRailTests.cs(314,49): warning CS8618: Non-nullable field 'Details' must contain a non-null value when exiting constructor. Consider declaring the field as nullable. [/Users/svendaneel/okam/wt-migstackmerge/WebApi.Tests/WebApi.Tests.csproj]
/Users/svendaneel/okam/wt-migstackmerge/WebApi.Tests/Kassa/OperatorSessionExceptionMiddlewareTests.cs(65,27): warning CS8618: Non-nullable property 'ReasonPhrase' must contain a non-null value when exiting constructor. Consider declaring the property as nullable. [/Users/svendaneel/okam/wt-migstackmerge/WebApi.Tests/WebApi.Tests.csproj]
/Users/svendaneel/okam/wt-migstackmerge/WebApi.Tests/Kassa/PosControllerCashSaleTests.cs(223,17): warning CS8600: Converting null literal or possible null value to non-nullable type. [/Users/svendaneel/okam/wt-migstackmerge/WebApi.Tests/WebApi.Tests.csproj]
/Users/svendaneel/okam/wt-migstackmerge/WebApi.Tests/Kassa/PosControllerCashSaleTests.cs(224,17): warning CS8600: Converting null literal or possible null value to non-nullable type. [/Users/svendaneel/okam/wt-migstackmerge/WebApi.Tests/WebApi.Tests.csproj]
/Users/svendaneel/okam/wt-migstackmerge/WebApi.Tests/Kassa/LoopR1_scen1_AddLineRacesMergeLineN.cs(68,33): warning CS8600: Converting null literal or possible null value to non-nullable type. [/Users/svendaneel/okam/wt-migstackmerge/WebApi.Tests/WebApi.Tests.csproj]
/Users/svendaneel/okam/wt-migstackmerge/WebApi.Tests/Kassa/LoopR1_bug_B26.cs(65,38): warning CS8600: Converting null literal or possible null value to non-nullable type. [/Users/svendaneel/okam/wt-migstackmerge/WebApi.Tests/WebApi.Tests.csproj]
/Users/svendaneel/okam/wt-migstackmerge/WebApi.Tests/Kassa/Cov_SurfboardOnlineCronTests.cs(197,71): warning CS8625: Cannot convert null literal to non-nullable reference type. [/Users/svendaneel/okam/wt-migstackmerge/WebApi.Tests/WebApi.Tests.csproj]
/Users/svendaneel/okam/wt-migstackmerge/WebApi.Tests/Workforce/WorkforceSupplementWiringTests.cs(96,33): warning CS8629: Nullable value type may be null. [/Users/svendaneel/okam/wt-migstackmerge/WebApi.Tests/WebApi.Tests.csproj]
/Users/svendaneel/okam/wt-migstackmerge/WebApi.Tests/Workforce/WorkforceSupplementWiringTests.cs(97,32): warning CS8629: Nullable value type may be null. [/Users/svendaneel/okam/wt-migstackmerge/WebApi.Tests/WebApi.Tests.csproj]
/Users/svendaneel/okam/wt-migstackmerge/WebApi.Tests/Workforce/WorkforceSupplementWiringTests.cs(98,33): warning CS8629: Nullable value type may be null. [/Users/svendaneel/okam/wt-migstackmerge/WebApi.Tests/WebApi.Tests.csproj]
/Users/svendaneel/okam/wt-migstackmerge/WebApi.Tests/Workforce/WorkforceSupplementWiringTests.cs(123,23): warning CS8629: Nullable value type may be null. [/Users/svendaneel/okam/wt-migstackmerge/WebApi.Tests/WebApi.Tests.csproj]
/Users/svendaneel/okam/wt-migstackmerge/WebApi.Tests/Workforce/WorkforceSupplementWiringTests.cs(124,37): warning CS8629: Nullable value type may be null. [/Users/svendaneel/okam/wt-migstackmerge/WebApi.Tests/WebApi.Tests.csproj]
/Users/svendaneel/okam/wt-migstackmerge/WebApi.Tests/Workforce/WorkforceSupplementWiringTests.cs(125,36): warning CS8629: Nullable value type may be null. [/Users/svendaneel/okam/wt-migstackmerge/WebApi.Tests/WebApi.Tests.csproj]
/Users/svendaneel/okam/wt-migstackmerge/WebApi.Tests/Workforce/WorkforceSupplementWiringTests.cs(126,38): warning CS8629: Nullable value type may be null. [/Users/svendaneel/okam/wt-migstackmerge/WebApi.Tests/WebApi.Tests.csproj]
/Users/svendaneel/okam/wt-migstackmerge/WebApi.Tests/Workforce/WorkforceSupplementWiringTests.cs(131,31): warning CS8629: Nullable value type may be null. [/Users/svendaneel/okam/wt-migstackmerge/WebApi.Tests/WebApi.Tests.csproj]
/Users/svendaneel/okam/wt-migstackmerge/WebApi.Tests/Workforce/WorkforceSupplementTests.cs(64,23): warning CS8600: Converting null literal or possible null value to non-nullable type. [/Users/svendaneel/okam/wt-migstackmerge/WebApi.Tests/WebApi.Tests.csproj]
/Users/svendaneel/okam/wt-migstackmerge/WebApi.Tests/Workforce/WorkforceSupplementTests.cs(67,28): warning CS8604: Possible null reference argument for parameter 'value' in 'JToken.explicit operator bool(JToken value)'. [/Users/svendaneel/okam/wt-migstackmerge/WebApi.Tests/WebApi.Tests.csproj]
/Users/svendaneel/okam/wt-migstackmerge/WebApi.Tests/Workforce/WorkforceSupplementTests.cs(68,45): warning CS8600: Converting null literal or possible null value to non-nullable type. [/Users/svendaneel/okam/wt-migstackmerge/WebApi.Tests/WebApi.Tests.csproj]
/Users/svendaneel/okam/wt-migstackmerge/WebApi.Tests/Workforce/WorkforceSupplementTests.cs(69,20): warning CS8600: Converting null literal or possible null value to non-nullable type. [/Users/svendaneel/okam/wt-migstackmerge/WebApi.Tests/WebApi.Tests.csproj]
/Users/svendaneel/okam/wt-migstackmerge/WebApi.Tests/Workforce/WorkforceSupplementTests.cs(69,20): warning CS8604: Possible null reference argument for parameter 'collection' in 'void Assert.All<JToken>(IEnumerable<JToken> collection, Action<JToken> action)'. [/Users/svendaneel/okam/wt-migstackmerge/WebApi.Tests/WebApi.Tests.csproj]
/Users/svendaneel/okam/wt-migstackmerge/WebApi.Tests/Workforce/WorkforceSupplementTests.cs(69,72): warning CS8604: Possible null reference argument for parameter 'value' in 'JToken.explicit operator bool(JToken value)'. [/Users/svendaneel/okam/wt-migstackmerge/WebApi.Tests/WebApi.Tests.csproj]
/Users/svendaneel/okam/wt-migstackmerge/WebApi.Tests/Workforce/WorkforceSupplementTests.cs(72,34): warning CS8600: Converting null literal or possible null value to non-nullable type. [/Users/svendaneel/okam/wt-migstackmerge/WebApi.Tests/WebApi.Tests.csproj]
/Users/svendaneel/okam/wt-migstackmerge/WebApi.Tests/Workforce/WorkforceSupplementTests.cs(151,23): warning CS8629: Nullable value type may be null. [/Users/svendaneel/okam/wt-migstackmerge/WebApi.Tests/WebApi.Tests.csproj]
/Users/svendaneel/okam/wt-migstackmerge/WebApi.Tests/Workforce/WorkforceSupplementTests.cs(152,21): warning CS8629: Nullable value type may be null. [/Users/svendaneel/okam/wt-migstackmerge/WebApi.Tests/WebApi.Tests.csproj]
/Users/svendaneel/okam/wt-migstackmerge/WebApi.Tests/Workforce/WorkforceSupplementTests.cs(153,33): warning CS8629: Nullable value type may be null. [/Users/svendaneel/okam/wt-migstackmerge/WebApi.Tests/WebApi.Tests.csproj]
/Users/svendaneel/okam/wt-migstackmerge/WebApi.Tests/Workforce/WorkforceStaffTestHost.cs(64,112): warning CS8625: Cannot convert null literal to non-nullable reference type. [/Users/svendaneel/okam/wt-migstackmerge/WebApi.Tests/WebApi.Tests.csproj]
/Users/svendaneel/okam/wt-migstackmerge/WebApi.Tests/Kassa/KitchenBoardServiceTests.cs(410,20): warning CS8603: Possible null reference return. [/Users/svendaneel/okam/wt-migstackmerge/WebApi.Tests/WebApi.Tests.csproj]
/Users/svendaneel/okam/wt-migstackmerge/WebApi.Tests/Workforce/WorkforceTimesheetImmutabilitySqlServerTests.cs(316,28): warning CS8604: Possible null reference argument for parameter 'item' in 'void List<string>.Add(string item)'. [/Users/svendaneel/okam/wt-migstackmerge/WebApi.Tests/WebApi.Tests.csproj]
/Users/svendaneel/okam/wt-migstackmerge/WebApi.Tests/Workforce/WorkforceTimesheetImmutabilitySqlServerTests.cs(338,20): warning CS8619: Nullability of reference types in value of type '(bool, bool, string?, string?)' doesn't match target type '(bool Found, bool Disabled, string Events, string Definition)'. [/Users/svendaneel/okam/wt-migstackmerge/WebApi.Tests/WebApi.Tests.csproj]
/Users/svendaneel/okam/wt-migstackmerge/WebApi.Tests/Workforce/WorkforceSupplementWiringTests.cs(279,31): warning CS8629: Nullable value type may be null. [/Users/svendaneel/okam/wt-migstackmerge/WebApi.Tests/WebApi.Tests.csproj]
/Users/svendaneel/okam/wt-migstackmerge/WebApi.Tests/Workforce/WorkforceSupplementWiringTests.cs(279,61): warning CS8629: Nullable value type may be null. [/Users/svendaneel/okam/wt-migstackmerge/WebApi.Tests/WebApi.Tests.csproj]
/Users/svendaneel/okam/wt-migstackmerge/WebApi.Tests/Workforce/WorkforceSupplementTests.cs(307,29): warning CS8625: Cannot convert null literal to non-nullable reference type. [/Users/svendaneel/okam/wt-migstackmerge/WebApi.Tests/WebApi.Tests.csproj]
/Users/svendaneel/okam/wt-migstackmerge/WebApi.Tests/Workforce/WorkforceScheduleCostTests.cs(239,69): warning CS8629: Nullable value type may be null. [/Users/svendaneel/okam/wt-migstackmerge/WebApi.Tests/WebApi.Tests.csproj]
/Users/svendaneel/okam/wt-migstackmerge/WebApi.Tests/Workforce/WorkforceScheduleCostTests.cs(244,65): warning CS8629: Nullable value type may be null. [/Users/svendaneel/okam/wt-migstackmerge/WebApi.Tests/WebApi.Tests.csproj]
/Users/svendaneel/okam/wt-migstackmerge/WebApi.Tests/Workforce/WorkforceSupplementTests.cs(439,69): warning CS8625: Cannot convert null literal to non-nullable reference type. [/Users/svendaneel/okam/wt-migstackmerge/WebApi.Tests/WebApi.Tests.csproj]
/Users/svendaneel/okam/wt-migstackmerge/WebApi.Tests/Workforce/WorkforceSupplementTests.cs(460,79): warning CS8600: Converting null literal or possible null value to non-nullable type. [/Users/svendaneel/okam/wt-migstackmerge/WebApi.Tests/WebApi.Tests.csproj]
/Users/svendaneel/okam/wt-migstackmerge/WebApi.Tests/Workforce/WorkforceScheduleCostTests.cs(347,67): warning CS8629: Nullable value type may be null. [/Users/svendaneel/okam/wt-migstackmerge/WebApi.Tests/WebApi.Tests.csproj]
/Users/svendaneel/okam/wt-migstackmerge/WebApi.Tests/Workforce/WorkforceScheduleCostTests.cs(354,73): warning CS8629: Nullable value type may be null. [/Users/svendaneel/okam/wt-migstackmerge/WebApi.Tests/WebApi.Tests.csproj]
/Users/svendaneel/okam/wt-migstackmerge/WebApi.Tests/Workforce/WorkforceRulePackSeedTests.cs(166,32): warning CS8600: Converting null literal or possible null value to non-nullable type. [/Users/svendaneel/okam/wt-migstackmerge/WebApi.Tests/WebApi.Tests.csproj]
/Users/svendaneel/okam/wt-migstackmerge/WebApi.Tests/Workforce/WorkforceRulePackSeedTests.cs(167,28): warning CS8604: Possible null reference argument for parameter 'value' in 'JToken.explicit operator bool(JToken value)'. [/Users/svendaneel/okam/wt-migstackmerge/WebApi.Tests/WebApi.Tests.csproj]
/Users/svendaneel/okam/wt-migstackmerge/WebApi.Tests/Workforce/WorkforceRulePackSeedTests.cs(168,45): warning CS8600: Converting null literal or possible null value to non-nullable type. [/Users/svendaneel/okam/wt-migstackmerge/WebApi.Tests/WebApi.Tests.csproj]
/Users/svendaneel/okam/wt-migstackmerge/WebApi.Tests/Workforce/WorkforceRulePackSeedTests.cs(170,21): warning CS8600: Converting null literal or possible null value to non-nullable type. [/Users/svendaneel/okam/wt-migstackmerge/WebApi.Tests/WebApi.Tests.csproj]
/Users/svendaneel/okam/wt-migstackmerge/WebApi.Tests/Workforce/WorkforceRulePackSeedTests.cs(172,20): warning CS8604: Possible null reference argument for parameter 'collection' in 'void Assert.All<JToken>(IEnumerable<JToken> collection, Action<JToken> action)'. [/Users/svendaneel/okam/wt-migstackmerge/WebApi.Tests/WebApi.Tests.csproj]
/Users/svendaneel/okam/wt-migstackmerge/WebApi.Tests/Workforce/WorkforceRulePackSeedTests.cs(172,51): warning CS8604: Possible null reference argument for parameter 'value' in 'JToken.explicit operator bool(JToken value)'. [/Users/svendaneel/okam/wt-migstackmerge/WebApi.Tests/WebApi.Tests.csproj]
/Users/svendaneel/okam/wt-migstackmerge/WebApi.Tests/Workforce/WorkforceRulePackSeedTests.cs(173,66): warning CS8600: Converting null literal or possible null value to non-nullable type. [/Users/svendaneel/okam/wt-migstackmerge/WebApi.Tests/WebApi.Tests.csproj]
/Users/svendaneel/okam/wt-migstackmerge/WebApi.Tests/Workforce/WorkforceRulePackSeedTests.cs(181,30): warning CS8604: Possible null reference argument for parameter 'value' in 'JToken.explicit operator int(JToken value)'. [/Users/svendaneel/okam/wt-migstackmerge/WebApi.Tests/WebApi.Tests.csproj]
/Users/svendaneel/okam/wt-migstackmerge/WebApi.Tests/Workforce/WorkforceRulePackSeedTests.cs(184,31): warning CS8600: Converting null literal or possible null value to non-nullable type. [/Users/svendaneel/okam/wt-migstackmerge/WebApi.Tests/WebApi.Tests.csproj]
/Users/svendaneel/okam/wt-migstackmerge/WebApi.Tests/Workforce/WorkforceRulePackSeedTests.cs(188,31): warning CS8600: Converting null literal or possible null value to non-nullable type. [/Users/svendaneel/okam/wt-migstackmerge/WebApi.Tests/WebApi.Tests.csproj]
/Users/svendaneel/okam/wt-migstackmerge/WebApi.Tests/Workforce/WorkforceRulePackSeedTests.cs(189,31): warning CS8600: Converting null literal or possible null value to non-nullable type. [/Users/svendaneel/okam/wt-migstackmerge/WebApi.Tests/WebApi.Tests.csproj]
/Users/svendaneel/okam/wt-migstackmerge/WebApi.Tests/Workforce/WorkforceRulePackSeedTests.cs(175,48): warning CS8604: Possible null reference argument for parameter 'value' in 'JToken.explicit operator double(JToken value)'. [/Users/svendaneel/okam/wt-migstackmerge/WebApi.Tests/WebApi.Tests.csproj]
/Users/svendaneel/okam/wt-migstackmerge/WebApi.Tests/Workforce/WorkforceRulePackSeedTests.cs(198,27): warning CS8600: Converting null literal or possible null value to non-nullable type. [/Users/svendaneel/okam/wt-migstackmerge/WebApi.Tests/WebApi.Tests.csproj]
/Users/svendaneel/okam/wt-migstackmerge/WebApi.Tests/Workforce/WorkforceNotificationTransportTests.cs(809,22): warning CS8618: Non-nullable property 'ThrowOnSend' must contain a non-null value when exiting constructor. Consider declaring the property as nullable. [/Users/svendaneel/okam/wt-migstackmerge/WebApi.Tests/WebApi.Tests.csproj]
/Users/svendaneel/okam/wt-migstackmerge/WebApi.Tests/Workforce/WorkforceNotificationTransportTests.cs(791,100): warning CS8625: Cannot convert null literal to non-nullable reference type. [/Users/svendaneel/okam/wt-migstackmerge/WebApi.Tests/WebApi.Tests.csproj]
/Users/svendaneel/okam/wt-migstackmerge/WebApi.Tests/Workforce/WorkforceNotificationTransportTests.cs(787,22): warning CS8618: Non-nullable property 'ThrowOnSend' must contain a non-null value when exiting constructor. Consider declaring the property as nullable. [/Users/svendaneel/okam/wt-migstackmerge/WebApi.Tests/WebApi.Tests.csproj]
/Users/svendaneel/okam/wt-migstackmerge/WebApi.Tests/Workforce/WorkforceNotificationTransportTests.cs(727,22): warning CS8618: Non-nullable property 'ThrowOnSend' must contain a non-null value when exiting constructor. Consider declaring the property as nullable. [/Users/svendaneel/okam/wt-migstackmerge/WebApi.Tests/WebApi.Tests.csproj]
/Users/svendaneel/okam/wt-migstackmerge/WebApi.Tests/Workforce/WorkforceNotificationTransportTests.cs(729,22): warning CS8618: Non-nullable property 'ThrowOnProbe' must contain a non-null value when exiting constructor. Consider declaring the property as nullable. [/Users/svendaneel/okam/wt-migstackmerge/WebApi.Tests/WebApi.Tests.csproj]
/Users/svendaneel/okam/wt-migstackmerge/WebApi.Tests/Workforce/WorkforceModuleGateTests.cs(95,26): warning CS8600: Converting null literal or possible null value to non-nullable type. [/Users/svendaneel/okam/wt-migstackmerge/WebApi.Tests/WebApi.Tests.csproj]
/Users/svendaneel/okam/wt-migstackmerge/WebApi.Tests/Workforce/WorkforceMigrationLineageTests.cs(97,23): warning CS8600: Converting null literal or possible null value to non-nullable type. [/Users/svendaneel/okam/wt-migstackmerge/WebApi.Tests/WebApi.Tests.csproj]
/Users/svendaneel/okam/wt-migstackmerge/WebApi.Tests/Workforce/WorkforceMigrationLineageTests.cs(97,38): warning CS8600: Converting null literal or possible null value to non-nullable type. [/Users/svendaneel/okam/wt-migstackmerge/WebApi.Tests/WebApi.Tests.csproj]
/Users/svendaneel/okam/wt-migstackmerge/WebApi.Tests/Workforce/WorkforceMigrationLineageTests.cs(97,51): warning CS8600: Converting null literal or possible null value to non-nullable type. [/Users/svendaneel/okam/wt-migstackmerge/WebApi.Tests/WebApi.Tests.csproj]
/Users/svendaneel/okam/wt-migstackmerge/WebApi.Tests/Workforce/WorkforceNotificationTransportTests.cs(480,37): warning CS8625: Cannot convert null literal to non-nullable reference type. [/Users/svendaneel/okam/wt-migstackmerge/WebApi.Tests/WebApi.Tests.csproj]
/Users/svendaneel/okam/wt-migstackmerge/WebApi.Tests/Workforce/WorkforceNotificationTransportTests.cs(527,37): warning CS8625: Cannot convert null literal to non-nullable reference type. [/Users/svendaneel/okam/wt-migstackmerge/WebApi.Tests/WebApi.Tests.csproj]
/Users/svendaneel/okam/wt-migstackmerge/WebApi.Tests/Workforce/WorkforceMigrationLineageTests.cs(418,16): warning CS8600: Converting null literal or possible null value to non-nullable type. [/Users/svendaneel/okam/wt-migstackmerge/WebApi.Tests/WebApi.Tests.csproj]
/Users/svendaneel/okam/wt-migstackmerge/WebApi.Tests/Workforce/WorkforceMigrationLineageTests.cs(418,16): warning CS8603: Possible null reference return. [/Users/svendaneel/okam/wt-migstackmerge/WebApi.Tests/WebApi.Tests.csproj]
/Users/svendaneel/okam/wt-migstackmerge/WebApi.Tests/Workforce/WorkforceLabourBandTests.cs(331,13): warning CS8629: Nullable value type may be null. [/Users/svendaneel/okam/wt-migstackmerge/WebApi.Tests/WebApi.Tests.csproj]
/Users/svendaneel/okam/wt-migstackmerge/WebApi.Tests/Workforce/WorkforceShiftExchangeTests.cs(624,16): warning CS8619: Nullability of reference types in value of type '(int? StatusCode, object?)' doesn't match target type '(int? Status, object Code)'. [/Users/svendaneel/okam/wt-migstackmerge/WebApi.Tests/WebApi.Tests.csproj]
/Users/svendaneel/okam/wt-migstackmerge/WebApi.Tests/Workforce/WorkforceHarness.cs(74,49): warning CS8625: Cannot convert null literal to non-nullable reference type. [/Users/svendaneel/okam/wt-migstackmerge/WebApi.Tests/WebApi.Tests.csproj]
/Users/svendaneel/okam/wt-migstackmerge/WebApi.Tests/Workforce/WorkforceHoursExportScenario.cs(118,41): warning CS8625: Cannot convert null literal to non-nullable reference type. [/Users/svendaneel/okam/wt-migstackmerge/WebApi.Tests/WebApi.Tests.csproj]
/Users/svendaneel/okam/wt-migstackmerge/WebApi.Tests/Workforce/WorkforceHarness.cs(108,37): warning CS8625: Cannot convert null literal to non-nullable reference type. [/Users/svendaneel/okam/wt-migstackmerge/WebApi.Tests/WebApi.Tests.csproj]
/Users/svendaneel/okam/wt-migstackmerge/WebApi.Tests/Workforce/WorkforceFlagConsumptionTests.cs(71,54): warning CS8600: Converting null literal or possible null value to non-nullable type. [/Users/svendaneel/okam/wt-migstackmerge/WebApi.Tests/WebApi.Tests.csproj]
/Users/svendaneel/okam/wt-migstackmerge/WebApi.Tests/Workforce/WorkforceExchangeTestHost.cs(62,13): warning CS0219: The variable 'storeId' is assigned but its value is never used [/Users/svendaneel/okam/wt-migstackmerge/WebApi.Tests/WebApi.Tests.csproj]
/Users/svendaneel/okam/wt-migstackmerge/WebApi.Tests/Workforce/WorkforceFlagCensus.cs(257,27): warning CS8604: Possible null reference argument for parameter 'code' in 'bool WorkforceFlagCensus.IsFlagRefusal(string code)'. [/Users/svendaneel/okam/wt-migstackmerge/WebApi.Tests/WebApi.Tests.csproj]
/Users/svendaneel/okam/wt-migstackmerge/WebApi.Tests/Workforce/WorkforceImportTestSeed.cs(76,61): warning CS8625: Cannot convert null literal to non-nullable reference type. [/Users/svendaneel/okam/wt-migstackmerge/WebApi.Tests/WebApi.Tests.csproj]
/Users/svendaneel/okam/wt-migstackmerge/WebApi.Tests/Workforce/WorkforceImportTestSeed.cs(77,62): warning CS8625: Cannot convert null literal to non-nullable reference type. [/Users/svendaneel/okam/wt-migstackmerge/WebApi.Tests/WebApi.Tests.csproj]
/Users/svendaneel/okam/wt-migstackmerge/WebApi.Tests/Workforce/WorkforceImportTestSeed.cs(81,84): warning CS8625: Cannot convert null literal to non-nullable reference type. [/Users/svendaneel/okam/wt-migstackmerge/WebApi.Tests/WebApi.Tests.csproj]
/Users/svendaneel/okam/wt-migstackmerge/WebApi.Tests/Workforce/WorkforceD1RaceSqlServerTests.cs(175,74): warning CS8602: Dereference of a possibly null reference. [/Users/svendaneel/okam/wt-migstackmerge/WebApi.Tests/WebApi.Tests.csproj]
/Users/svendaneel/okam/wt-migstackmerge/WebApi.Tests/Workforce/WorkforceLabourBandTests.cs(519,21): warning CS8629: Nullable value type may be null. [/Users/svendaneel/okam/wt-migstackmerge/WebApi.Tests/WebApi.Tests.csproj]
/Users/svendaneel/okam/wt-migstackmerge/WebApi.Tests/Workforce/WorkforceLabourBandTests.cs(520,21): warning CS8629: Nullable value type may be null. [/Users/svendaneel/okam/wt-migstackmerge/WebApi.Tests/WebApi.Tests.csproj]
/Users/svendaneel/okam/wt-migstackmerge/WebApi.Tests/Workforce/WorkforceLabourBandTests.cs(524,32): warning CS8629: Nullable value type may be null. [/Users/svendaneel/okam/wt-migstackmerge/WebApi.Tests/WebApi.Tests.csproj]
/Users/svendaneel/okam/wt-migstackmerge/WebApi.Tests/Workforce/WorkforceClockPersonnelListJoinTests.cs(71,20): warning CS8619: Nullability of reference types in value of type '(WorkforceClockIngestResult, WorkforceProblemException?)' doesn't match target type '(WorkforceClockIngestResult result, WorkforceProblemException problem)'. [/Users/svendaneel/okam/wt-migstackmerge/WebApi.Tests/WebApi.Tests.csproj]
/Users/svendaneel/okam/wt-migstackmerge/WebApi.Tests/Workforce/WorkforceClockPersonnelListJoinTests.cs(75,20): warning CS8619: Nullability of reference types in value of type '(WorkforceClockIngestResult?, WorkforceProblemException ex)' doesn't match target type '(WorkforceClockIngestResult result, WorkforceProblemException problem)'. [/Users/svendaneel/okam/wt-migstackmerge/WebApi.Tests/WebApi.Tests.csproj]
/Users/svendaneel/okam/wt-migstackmerge/WebApi.Tests/Workforce/WorkforceRateResolutionTests.cs(595,101): warning CS8625: Cannot convert null literal to non-nullable reference type. [/Users/svendaneel/okam/wt-migstackmerge/WebApi.Tests/WebApi.Tests.csproj]
/Users/svendaneel/okam/wt-migstackmerge/WebApi.Tests/Workforce/WorkforceConstraintViolationExactnessTests.cs(136,32): warning CS8600: Converting null literal or possible null value to non-nullable type. [/Users/svendaneel/okam/wt-migstackmerge/WebApi.Tests/WebApi.Tests.csproj]
/Users/svendaneel/okam/wt-migstackmerge/WebApi.Tests/Workforce/WorkforceConstraintViolationExactnessTests.cs(148,54): warning CS8604: Possible null reference argument for parameter 'result' in 'ProblemDetails WorkforceStaffResults.ProblemOf(IActionResult result, int expectedStatus)'. [/Users/svendaneel/okam/wt-migstackmerge/WebApi.Tests/WebApi.Tests.csproj]
/Users/svendaneel/okam/wt-migstackmerge/WebApi.Tests/Workforce/WorkforceConstraintViolationExactnessTests.cs(279,35): warning CS8602: Dereference of a possibly null reference. [/Users/svendaneel/okam/wt-migstackmerge/WebApi.Tests/WebApi.Tests.csproj]
/Users/svendaneel/okam/wt-migstackmerge/WebApi.Tests/Workforce/WorkforceConstraintViolationExactnessTests.cs(267,32): warning CS8618: Non-nullable property 'Raised' must contain a non-null value when exiting constructor. Consider declaring the property as nullable. [/Users/svendaneel/okam/wt-migstackmerge/WebApi.Tests/WebApi.Tests.csproj]
/Users/svendaneel/okam/wt-migstackmerge/WebApi.Tests/Workforce/WorkforceEndToEndJourneyTests.cs(831,89): warning CS8625: Cannot convert null literal to non-nullable reference type. [/Users/svendaneel/okam/wt-migstackmerge/WebApi.Tests/WebApi.Tests.csproj]
/Users/svendaneel/okam/wt-migstackmerge/WebApi.Tests/Workforce/TimesheetExportDuplicateRaceSqlServerTests.cs(108,44): warning CS8625: Cannot convert null literal to non-nullable reference type. [/Users/svendaneel/okam/wt-migstackmerge/WebApi.Tests/WebApi.Tests.csproj]
/Users/svendaneel/okam/wt-migstackmerge/WebApi.Tests/Workforce/WorkforceRateAuthoringTests.cs(275,66): warning CS8629: Nullable value type may be null. [/Users/svendaneel/okam/wt-migstackmerge/WebApi.Tests/WebApi.Tests.csproj]
/Users/svendaneel/okam/wt-migstackmerge/WebApi.Tests/Workforce/TimesheetExportDuplicateRaceSqlServerTests.cs(173,44): warning CS8625: Cannot convert null literal to non-nullable reference type. [/Users/svendaneel/okam/wt-migstackmerge/WebApi.Tests/WebApi.Tests.csproj]
/Users/svendaneel/okam/wt-migstackmerge/WebApi.Tests/Workforce/TimesheetExportDuplicateRaceSqlServerTests.cs(226,45): warning CS8625: Cannot convert null literal to non-nullable reference type. [/Users/svendaneel/okam/wt-migstackmerge/WebApi.Tests/WebApi.Tests.csproj]
/Users/svendaneel/okam/wt-migstackmerge/WebApi.Tests/Workforce/TimesheetExportDuplicateRaceSqlServerTests.cs(230,32): warning CS8625: Cannot convert null literal to non-nullable reference type. [/Users/svendaneel/okam/wt-migstackmerge/WebApi.Tests/WebApi.Tests.csproj]
/Users/svendaneel/okam/wt-migstackmerge/WebApi.Tests/Workforce/TimesheetAdjustmentOrdinalRaceSqlServerTests.cs(119,44): warning CS8625: Cannot convert null literal to non-nullable reference type. [/Users/svendaneel/okam/wt-migstackmerge/WebApi.Tests/WebApi.Tests.csproj]
/Users/svendaneel/okam/wt-migstackmerge/WebApi.Tests/Workforce/TimesheetAdjustmentOrdinalRaceSqlServerTests.cs(195,44): warning CS8625: Cannot convert null literal to non-nullable reference type. [/Users/svendaneel/okam/wt-migstackmerge/WebApi.Tests/WebApi.Tests.csproj]
/Users/svendaneel/okam/wt-migstackmerge/WebApi.Tests/Workforce/TimesheetAdjustmentOrdinalRaceSqlServerTests.cs(245,45): warning CS8625: Cannot convert null literal to non-nullable reference type. [/Users/svendaneel/okam/wt-migstackmerge/WebApi.Tests/WebApi.Tests.csproj]
/Users/svendaneel/okam/wt-migstackmerge/WebApi.Tests/Workforce/TimesheetAdjustmentOrdinalRaceSqlServerTests.cs(249,32): warning CS8625: Cannot convert null literal to non-nullable reference type. [/Users/svendaneel/okam/wt-migstackmerge/WebApi.Tests/WebApi.Tests.csproj]
/Users/svendaneel/okam/wt-migstackmerge/WebApi.Tests/Workforce/ShiftExchangeTenantIsolationTests.cs(35,16): warning CS8619: Nullability of reference types in value of type '(int? StatusCode, object?)' doesn't match target type '(int? Status, object Code)'. [/Users/svendaneel/okam/wt-migstackmerge/WebApi.Tests/WebApi.Tests.csproj]
/Users/svendaneel/okam/wt-migstackmerge/WebApi.Tests/Workforce/ScheduleTenantIsolationTests.cs(31,16): warning CS8619: Nullability of reference types in value of type '(int? StatusCode, object?)' doesn't match target type '(int? Status, object Code)'. [/Users/svendaneel/okam/wt-migstackmerge/WebApi.Tests/WebApi.Tests.csproj]
/Users/svendaneel/okam/wt-migstackmerge/WebApi.Tests/Workforce/SchedulePublishPreconditionSignalTests.cs(58,46): warning CS8625: Cannot convert null literal to non-nullable reference type. [/Users/svendaneel/okam/wt-migstackmerge/WebApi.Tests/WebApi.Tests.csproj]
/Users/svendaneel/okam/wt-migstackmerge/WebApi.Tests/Workforce/SchedulePublishPreconditionSignalTests.cs(95,46): warning CS8625: Cannot convert null literal to non-nullable reference type. [/Users/svendaneel/okam/wt-migstackmerge/WebApi.Tests/WebApi.Tests.csproj]
/Users/svendaneel/okam/wt-migstackmerge/WebApi.Tests/Workforce/SchedulePublishPreconditionSignalTests.cs(122,46): warning CS8625: Cannot convert null literal to non-nullable reference type. [/Users/svendaneel/okam/wt-migstackmerge/WebApi.Tests/WebApi.Tests.csproj]
/Users/svendaneel/okam/wt-migstackmerge/WebApi.Tests/Workforce/SchedulePublishPreconditionSignalTests.cs(137,46): warning CS8625: Cannot convert null literal to non-nullable reference type. [/Users/svendaneel/okam/wt-migstackmerge/WebApi.Tests/WebApi.Tests.csproj]
/Users/svendaneel/okam/wt-migstackmerge/WebApi.Tests/Workforce/WorkforceRateAuthoringTests.cs(324,66): warning CS8629: Nullable value type may be null. [/Users/svendaneel/okam/wt-migstackmerge/WebApi.Tests/WebApi.Tests.csproj]
/Users/svendaneel/okam/wt-migstackmerge/WebApi.Tests/Workforce/WorkforceAttendanceTestHost.cs(71,96): warning CS8625: Cannot convert null literal to non-nullable reference type. [/Users/svendaneel/okam/wt-migstackmerge/WebApi.Tests/WebApi.Tests.csproj]
/Users/svendaneel/okam/wt-migstackmerge/WebApi.Tests/Workforce/WorkforceInvitationTests.cs(386,72): warning CS8625: Cannot convert null literal to non-nullable reference type. [/Users/svendaneel/okam/wt-migstackmerge/WebApi.Tests/WebApi.Tests.csproj]
/Users/svendaneel/okam/wt-migstackmerge/WebApi.Tests/Workforce/PosClockSurfaceTests.cs(246,22): warning CS8625: Cannot convert null literal to non-nullable reference type. [/Users/svendaneel/okam/wt-migstackmerge/WebApi.Tests/WebApi.Tests.csproj]
/Users/svendaneel/okam/wt-migstackmerge/WebApi.Tests/Workforce/PosClockSurfaceTests.cs(427,29): warning CS8625: Cannot convert null literal to non-nullable reference type. [/Users/svendaneel/okam/wt-migstackmerge/WebApi.Tests/WebApi.Tests.csproj]
/Users/svendaneel/okam/wt-migstackmerge/WebApi.Tests/Workforce/NorwayWorkTimePolicyTests.cs(45,13): warning CS8600: Converting null literal or possible null value to non-nullable type. [/Users/svendaneel/okam/wt-migstackmerge/WebApi.Tests/WebApi.Tests.csproj]
/Users/svendaneel/okam/wt-migstackmerge/WebApi.Tests/Workforce/NorwayWorkTimePolicyTests.cs(45,13): warning CS8602: Dereference of a possibly null reference. [/Users/svendaneel/okam/wt-migstackmerge/WebApi.Tests/WebApi.Tests.csproj]
/Users/svendaneel/okam/wt-migstackmerge/WebApi.Tests/Workforce/IdentityCodeRegisterTests.cs(131,84): warning CS8625: Cannot convert null literal to non-nullable reference type. [/Users/svendaneel/okam/wt-migstackmerge/WebApi.Tests/WebApi.Tests.csproj]
/Users/svendaneel/okam/wt-migstackmerge/WebApi.Tests/Workforce/HoursExportTests.cs(81,39): warning CS8604: Possible null reference argument for parameter 'path' in 'DirectoryInfo Directory.CreateDirectory(string path)'. [/Users/svendaneel/okam/wt-migstackmerge/WebApi.Tests/WebApi.Tests.csproj]
/Users/svendaneel/okam/wt-migstackmerge/WebApi.Tests/Workforce/ScheduleExternalCommitmentsTests.cs(378,20): warning CS8619: Nullability of reference types in value of type '(int? StatusCode, object?)' doesn't match target type '(int? Status, object Code)'. [/Users/svendaneel/okam/wt-migstackmerge/WebApi.Tests/WebApi.Tests.csproj]
/Users/svendaneel/okam/wt-migstackmerge/WebApi.Tests/Workforce/PersonnelListProjectionTests.cs(323,86): warning CS8629: Nullable value type may be null. [/Users/svendaneel/okam/wt-migstackmerge/WebApi.Tests/WebApi.Tests.csproj]
/Users/svendaneel/okam/wt-migstackmerge/WebApi.Tests/Workforce/FailOnNPayrollFake.cs(31,12): warning CS8618: Non-nullable property 'LastSnapshot' must contain a non-null value when exiting constructor. Consider declaring the property as nullable. [/Users/svendaneel/okam/wt-migstackmerge/WebApi.Tests/WebApi.Tests.csproj]
/Users/svendaneel/okam/wt-migstackmerge/WebApi.Tests/Workforce/PublicationAcknowledgementRaceSqlServerTests.cs(84,48): warning CS8625: Cannot convert null literal to non-nullable reference type. [/Users/svendaneel/okam/wt-migstackmerge/WebApi.Tests/WebApi.Tests.csproj]
/Users/svendaneel/okam/wt-migstackmerge/WebApi.Tests/Workforce/CompetingPersonLoginInterceptor.cs(54,24): warning CS8600: Converting null literal or possible null value to non-nullable type. [/Users/svendaneel/okam/wt-migstackmerge/WebApi.Tests/WebApi.Tests.csproj]
/Users/svendaneel/okam/wt-migstackmerge/WebApi.Tests/Workforce/CompetingPersonLoginInterceptor.cs(54,24): warning CS8604: Possible null reference argument for parameter 'connection' in 'DbContextOptionsBuilder<ApplicationDbContext> SqliteDbContextOptionsBuilderExtensions.UseSqlite<ApplicationDbContext>(DbContextOptionsBuilder<ApplicationDbContext> optionsBuilder, DbConnection connection, Action<SqliteDbContextOptionsBuilder>? sqliteOptionsAction = null)'. [/Users/svendaneel/okam/wt-migstackmerge/WebApi.Tests/WebApi.Tests.csproj]
/Users/svendaneel/okam/wt-migstackmerge/WebApi.Tests/Workforce/PublicationAcknowledgementRaceSqlServerTests.cs(142,45): warning CS8625: Cannot convert null literal to non-nullable reference type. [/Users/svendaneel/okam/wt-migstackmerge/WebApi.Tests/WebApi.Tests.csproj]
/Users/svendaneel/okam/wt-migstackmerge/WebApi.Tests/Workforce/PublicationAcknowledgementRaceSqlServerTests.cs(146,32): warning CS8625: Cannot convert null literal to non-nullable reference type. [/Users/svendaneel/okam/wt-migstackmerge/WebApi.Tests/WebApi.Tests.csproj]
/Users/svendaneel/okam/wt-migstackmerge/WebApi.Tests/Workforce/CompetingAwardCommitInterceptor.cs(53,24): warning CS8600: Converting null literal or possible null value to non-nullable type. [/Users/svendaneel/okam/wt-migstackmerge/WebApi.Tests/WebApi.Tests.csproj]
/Users/svendaneel/okam/wt-migstackmerge/WebApi.Tests/Workforce/CompetingAwardCommitInterceptor.cs(53,24): warning CS8604: Possible null reference argument for parameter 'connection' in 'DbContextOptionsBuilder<ApplicationDbContext> SqliteDbContextOptionsBuilderExtensions.UseSqlite<ApplicationDbContext>(DbContextOptionsBuilder<ApplicationDbContext> optionsBuilder, DbConnection connection, Action<SqliteDbContextOptionsBuilder>? sqliteOptionsAction = null)'. [/Users/svendaneel/okam/wt-migstackmerge/WebApi.Tests/WebApi.Tests.csproj]
/Users/svendaneel/okam/wt-migstackmerge/WebApi.Tests/Workforce/CompetingActiveEngagementInterceptor.cs(54,12): warning CS8618: Non-nullable field '_observedViolation' must contain a non-null value when exiting constructor. Consider declaring the field as nullable. [/Users/svendaneel/okam/wt-migstackmerge/WebApi.Tests/WebApi.Tests.csproj]
/Users/svendaneel/okam/wt-migstackmerge/WebApi.Tests/Workforce/ClockOpenSessionConcurrencyTests.cs(58,20): warning CS8619: Nullability of reference types in value of type '(WorkforceClockIngestResult, WorkforceProblemException?)' doesn't match target type '(WorkforceClockIngestResult result, WorkforceProblemException problem)'. [/Users/svendaneel/okam/wt-migstackmerge/WebApi.Tests/WebApi.Tests.csproj]
/Users/svendaneel/okam/wt-migstackmerge/WebApi.Tests/Workforce/ClockOpenSessionConcurrencyTests.cs(62,20): warning CS8619: Nullability of reference types in value of type '(WorkforceClockIngestResult?, WorkforceProblemException ex)' doesn't match target type '(WorkforceClockIngestResult result, WorkforceProblemException problem)'. [/Users/svendaneel/okam/wt-migstackmerge/WebApi.Tests/WebApi.Tests.csproj]
/Users/svendaneel/okam/wt-migstackmerge/WebApi.Tests/Workforce/AttendanceAdjustmentTests.cs(135,98): warning CS8629: Nullable value type may be null. [/Users/svendaneel/okam/wt-migstackmerge/WebApi.Tests/WebApi.Tests.csproj]
/Users/svendaneel/okam/wt-migstackmerge/WebApi.Tests/Workforce/AttendanceAdjustmentTests.cs(202,99): warning CS8625: Cannot convert null literal to non-nullable reference type. [/Users/svendaneel/okam/wt-migstackmerge/WebApi.Tests/WebApi.Tests.csproj]
/Users/svendaneel/okam/wt-migstackmerge/WebApi.Tests/Workforce/WorkforceRateAuthoringTests.cs(590,16): warning CS8619: Nullability of reference types in value of type '(int? StatusCode, object?)' doesn't match target type '(int? Status, object Code)'. [/Users/svendaneel/okam/wt-migstackmerge/WebApi.Tests/WebApi.Tests.csproj]
/Users/svendaneel/okam/wt-migstackmerge/WebApi.Tests/Workforce/ShiftExchangeOneAwardRaceSqlServerTests.cs(178,45): warning CS8625: Cannot convert null literal to non-nullable reference type. [/Users/svendaneel/okam/wt-migstackmerge/WebApi.Tests/WebApi.Tests.csproj]
/Users/svendaneel/okam/wt-migstackmerge/WebApi.Tests/Wire/WorkforceWireTests.cs(456,16): warning CS8603: Possible null reference return. [/Users/svendaneel/okam/wt-migstackmerge/WebApi.Tests/WebApi.Tests.csproj]
/Users/svendaneel/okam/wt-migstackmerge/WebApi.Tests/Workforce/HoursExportTenantIsolationTests.cs(271,16): warning CS8619: Nullability of reference types in value of type '(int? StatusCode, object?)' doesn't match target type '(int? Status, object Code)'. [/Users/svendaneel/okam/wt-migstackmerge/WebApi.Tests/WebApi.Tests.csproj]
/Users/svendaneel/okam/wt-migstackmerge/WebApi.Tests/OrderExtensionsTests.cs(112,24): warning CS8629: Nullable value type may be null. [/Users/svendaneel/okam/wt-migstackmerge/WebApi.Tests/WebApi.Tests.csproj]
/Users/svendaneel/okam/wt-migstackmerge/WebApi.Tests/Margin/MarginW1MigrationLineageTests.cs(125,25): warning CS8600: Converting null literal or possible null value to non-nullable type. [/Users/svendaneel/okam/wt-migstackmerge/WebApi.Tests/WebApi.Tests.csproj]
/Users/svendaneel/okam/wt-migstackmerge/WebApi.Tests/Margin/MarginW1MigrationLineageTests.cs(125,38): warning CS8600: Converting null literal or possible null value to non-nullable type. [/Users/svendaneel/okam/wt-migstackmerge/WebApi.Tests/WebApi.Tests.csproj]
/Users/svendaneel/okam/wt-migstackmerge/WebApi.Tests/Margin/MarginStatusHonestStateTests.cs(139,32): warning CS8600: Converting null literal or possible null value to non-nullable type. [/Users/svendaneel/okam/wt-migstackmerge/WebApi.Tests/WebApi.Tests.csproj]
/Users/svendaneel/okam/wt-migstackmerge/WebApi.Tests/Margin/MarginStatusHonestStateTests.cs(142,40): warning CS8604: Possible null reference argument for parameter 'result' in 'void MarginStatusHonestStateTests.AssertNotAQuietSuccess(Exception thrown, IActionResult result, string because)'. [/Users/svendaneel/okam/wt-migstackmerge/WebApi.Tests/WebApi.Tests.csproj]
/Users/svendaneel/okam/wt-migstackmerge/WebApi.Tests/Margin/MarginStatusHonestStateTests.cs(159,32): warning CS8600: Converting null literal or possible null value to non-nullable type. [/Users/svendaneel/okam/wt-migstackmerge/WebApi.Tests/WebApi.Tests.csproj]
/Users/svendaneel/okam/wt-migstackmerge/WebApi.Tests/Margin/MarginStatusHonestStateTests.cs(162,40): warning CS8604: Possible null reference argument for parameter 'result' in 'void MarginStatusHonestStateTests.AssertNotAQuietSuccess(Exception thrown, IActionResult result, string because)'. [/Users/svendaneel/okam/wt-migstackmerge/WebApi.Tests/WebApi.Tests.csproj]
/Users/svendaneel/okam/wt-migstackmerge/WebApi.Tests/Margin/MarginTenantIsolationSweepTests.cs(1006,13): warning CS8618: Non-nullable property 'BothStoresAdmin' must contain a non-null value when exiting constructor. Consider declaring the property as nullable. [/Users/svendaneel/okam/wt-migstackmerge/WebApi.Tests/WebApi.Tests.csproj]
/Users/svendaneel/okam/wt-migstackmerge/WebApi.Tests/Margin/MarginTenantIsolationSweepTests.cs(1006,13): warning CS8618: Non-nullable property 'NeighbourAdmin' must contain a non-null value when exiting constructor. Consider declaring the property as nullable. [/Users/svendaneel/okam/wt-migstackmerge/WebApi.Tests/WebApi.Tests.csproj]
/Users/svendaneel/okam/wt-migstackmerge/WebApi.Tests/Margin/MarginTenantIsolationSweepTests.cs(1006,13): warning CS8618: Non-nullable property 'Stranger' must contain a non-null value when exiting constructor. Consider declaring the property as nullable. [/Users/svendaneel/okam/wt-migstackmerge/WebApi.Tests/WebApi.Tests.csproj]
/Users/svendaneel/okam/wt-migstackmerge/WebApi.Tests/Margin/MarginTenantIsolationSweepTests.cs(1006,13): warning CS8618: Non-nullable field '_caller' must contain a non-null value when exiting constructor. Consider declaring the field as nullable. [/Users/svendaneel/okam/wt-migstackmerge/WebApi.Tests/WebApi.Tests.csproj]
/Users/svendaneel/okam/wt-migstackmerge/WebApi.Tests/Margin/MarginStoreSeedCallSiteTests.cs(46,27): warning CS8629: Nullable value type may be null. [/Users/svendaneel/okam/wt-migstackmerge/WebApi.Tests/WebApi.Tests.csproj]
/Users/svendaneel/okam/wt-migstackmerge/WebApi.Tests/Workforce/SchedulePublishSqlServerTests.cs(175,28): warning CS8602: Dereference of a possibly null reference. [/Users/svendaneel/okam/wt-migstackmerge/WebApi.Tests/WebApi.Tests.csproj]
/Users/svendaneel/okam/wt-migstackmerge/WebApi.Tests/Margin/MarginW2MigrationLineageTests.cs(240,26): warning CS8600: Converting null literal or possible null value to non-nullable type. [/Users/svendaneel/okam/wt-migstackmerge/WebApi.Tests/WebApi.Tests.csproj]
/Users/svendaneel/okam/wt-migstackmerge/WebApi.Tests/Workforce/SchedulePublishSqlServerTests.cs(229,71): warning CS8600: Converting null literal or possible null value to non-nullable type. [/Users/svendaneel/okam/wt-migstackmerge/WebApi.Tests/WebApi.Tests.csproj]
/Users/svendaneel/okam/wt-migstackmerge/WebApi.Tests/Margin/MarginStoreSeedCallSiteTests.cs(123,9): warning CS8619: Nullability of reference types in value of type 'List<MarginStoreSeedCallSiteTests.StoreInsert?>' doesn't match target type 'List<MarginStoreSeedCallSiteTests.StoreInsert>'. [/Users/svendaneel/okam/wt-migstackmerge/WebApi.Tests/WebApi.Tests.csproj]
/Users/svendaneel/okam/wt-migstackmerge/WebApi.Tests/Margin/MarginW3MigrationLineageTests.cs(435,25): warning CS8600: Converting null literal or possible null value to non-nullable type. [/Users/svendaneel/okam/wt-migstackmerge/WebApi.Tests/WebApi.Tests.csproj]
/Users/svendaneel/okam/wt-migstackmerge/WebApi.Tests/Margin/MarginW3MigrationLineageTests.cs(435,38): warning CS8600: Converting null literal or possible null value to non-nullable type. [/Users/svendaneel/okam/wt-migstackmerge/WebApi.Tests/WebApi.Tests.csproj]
/Users/svendaneel/okam/wt-migstackmerge/WebApi.Tests/Margin/MarginW3MigrationLineageTests.cs(447,16): warning CS8619: Nullability of reference types in value of type '(string? cols, string? filter)' doesn't match target type '(string cols, string filter)'. [/Users/svendaneel/okam/wt-migstackmerge/WebApi.Tests/WebApi.Tests.csproj]
/Users/svendaneel/okam/wt-migstackmerge/WebApi.Tests/Margin/MarginStoreSeedCallSiteTests.cs(223,29): warning CS8605: Unboxing a possibly null value. [/Users/svendaneel/okam/wt-migstackmerge/WebApi.Tests/WebApi.Tests.csproj]
/Users/svendaneel/okam/wt-migstackmerge/WebApi.Tests/Margin/MarginStatementFinalizeLagTests.cs(257,87): warning CS8603: Possible null reference return. [/Users/svendaneel/okam/wt-migstackmerge/WebApi.Tests/WebApi.Tests.csproj]
/Users/svendaneel/okam/wt-migstackmerge/WebApi.Tests/Margin/MarginW1MigrationLineageTests.cs(469,16): warning CS8600: Converting null literal or possible null value to non-nullable type. [/Users/svendaneel/okam/wt-migstackmerge/WebApi.Tests/WebApi.Tests.csproj]
/Users/svendaneel/okam/wt-migstackmerge/WebApi.Tests/Margin/MarginW1MigrationLineageTests.cs(469,16): warning CS8603: Possible null reference return. [/Users/svendaneel/okam/wt-migstackmerge/WebApi.Tests/WebApi.Tests.csproj]
/Users/svendaneel/okam/wt-migstackmerge/WebApi.Tests/Margin/MarginRoundingRegimeTests.cs(53,66): warning CS8629: Nullable value type may be null. [/Users/svendaneel/okam/wt-migstackmerge/WebApi.Tests/WebApi.Tests.csproj]
/Users/svendaneel/okam/wt-migstackmerge/WebApi.Tests/Wire/WireTestDoubles.cs(212,40): warning CS8618: Non-nullable field '_outage' must contain a non-null value when exiting constructor. Consider declaring the field as nullable. [/Users/svendaneel/okam/wt-migstackmerge/WebApi.Tests/WebApi.Tests.csproj]
/Users/svendaneel/okam/wt-migstackmerge/WebApi.Tests/Margin/MarginRevisionGuardConvergenceTests.cs(155,67): warning CS8625: Cannot convert null literal to non-nullable reference type. [/Users/svendaneel/okam/wt-migstackmerge/WebApi.Tests/WebApi.Tests.csproj]
/Users/svendaneel/okam/wt-migstackmerge/WebApi.Tests/Margin/MarginRecipeTestHost.cs(64,53): warning CS8625: Cannot convert null literal to non-nullable reference type. [/Users/svendaneel/okam/wt-migstackmerge/WebApi.Tests/WebApi.Tests.csproj]
/Users/svendaneel/okam/wt-migstackmerge/WebApi.Tests/Wire/WireTestDoubles.cs(258,54): warning CS8625: Cannot convert null literal to non-nullable reference type. [/Users/svendaneel/okam/wt-migstackmerge/WebApi.Tests/WebApi.Tests.csproj]
/Users/svendaneel/okam/wt-migstackmerge/WebApi.Tests/Margin/MarginRecipeTestHost.cs(91,41): warning CS8625: Cannot convert null literal to non-nullable reference type. [/Users/svendaneel/okam/wt-migstackmerge/WebApi.Tests/WebApi.Tests.csproj]
/Users/svendaneel/okam/wt-migstackmerge/WebApi.Tests/Margin/MarginSalesSeamContractTests.cs(236,55): warning CS8602: Dereference of a possibly null reference. [/Users/svendaneel/okam/wt-migstackmerge/WebApi.Tests/WebApi.Tests.csproj]
/Users/svendaneel/okam/wt-migstackmerge/WebApi.Tests/Margin/MarginSalesSeamContractTests.cs(241,48): warning CS8602: Dereference of a possibly null reference. [/Users/svendaneel/okam/wt-migstackmerge/WebApi.Tests/WebApi.Tests.csproj]
/Users/svendaneel/okam/wt-migstackmerge/WebApi.Tests/Margin/MarginSalesSeamContractTests.cs(242,48): warning CS8602: Dereference of a possibly null reference. [/Users/svendaneel/okam/wt-migstackmerge/WebApi.Tests/WebApi.Tests.csproj]
/Users/svendaneel/okam/wt-migstackmerge/WebApi.Tests/Margin/MarginStoreSeedCallSiteTests.cs(145,23): warning CS8618: Non-nullable property 'File' must contain a non-null value when exiting constructor. Consider declaring the property as nullable. [/Users/svendaneel/okam/wt-migstackmerge/WebApi.Tests/WebApi.Tests.csproj]
/Users/svendaneel/okam/wt-migstackmerge/WebApi.Tests/Margin/MarginStoreSeedCallSiteTests.cs(146,23): warning CS8618: Non-nullable property 'DeclaringTypeName' must contain a non-null value when exiting constructor. Consider declaring the property as nullable. [/Users/svendaneel/okam/wt-migstackmerge/WebApi.Tests/WebApi.Tests.csproj]
/Users/svendaneel/okam/wt-migstackmerge/WebApi.Tests/Margin/MarginStoreSeedCallSiteTests.cs(147,23): warning CS8618: Non-nullable property 'Body' must contain a non-null value when exiting constructor. Consider declaring the property as nullable. [/Users/svendaneel/okam/wt-migstackmerge/WebApi.Tests/WebApi.Tests.csproj]
/Users/svendaneel/okam/wt-migstackmerge/WebApi.Tests/Margin/MarginStoreSeedCallSiteTests.cs(117,23): warning CS8618: Non-nullable property 'File' must contain a non-null value when exiting constructor. Consider declaring the property as nullable. [/Users/svendaneel/okam/wt-migstackmerge/WebApi.Tests/WebApi.Tests.csproj]
/Users/svendaneel/okam/wt-migstackmerge/WebApi.Tests/Margin/MarginStoreSeedCallSiteTests.cs(118,23): warning CS8618: Non-nullable property 'Expression' must contain a non-null value when exiting constructor. Consider declaring the property as nullable. [/Users/svendaneel/okam/wt-migstackmerge/WebApi.Tests/WebApi.Tests.csproj]
/Users/svendaneel/okam/wt-migstackmerge/WebApi.Tests/Wire/WireTestDoubles.cs(151,12): warning CS8619: Nullability of reference types in value of type 'Task<T?>' doesn't match target type 'Task<T>'. [/Users/svendaneel/okam/wt-migstackmerge/WebApi.Tests/WebApi.Tests.csproj]
/Users/svendaneel/okam/wt-migstackmerge/WebApi.Tests/Wire/WireTestDoubles.cs(155,24): warning CS8601: Possible null reference assignment. [/Users/svendaneel/okam/wt-migstackmerge/WebApi.Tests/WebApi.Tests.csproj]
/Users/svendaneel/okam/wt-migstackmerge/WebApi.Tests/Wire/WireTestDoubles.cs(124,100): warning CS8625: Cannot convert null literal to non-nullable reference type. [/Users/svendaneel/okam/wt-migstackmerge/WebApi.Tests/WebApi.Tests.csproj]
/Users/svendaneel/okam/wt-migstackmerge/WebApi.Tests/Wire/WireTestDoubles.cs(133,49): warning CS8625: Cannot convert null literal to non-nullable reference type. [/Users/svendaneel/okam/wt-migstackmerge/WebApi.Tests/WebApi.Tests.csproj]
/Users/svendaneel/okam/wt-migstackmerge/WebApi.Tests/Margin/MarginW3MigrationLineageTests.cs(481,16): warning CS8600: Converting null literal or possible null value to non-nullable type. [/Users/svendaneel/okam/wt-migstackmerge/WebApi.Tests/WebApi.Tests.csproj]
/Users/svendaneel/okam/wt-migstackmerge/WebApi.Tests/Margin/MarginW3MigrationLineageTests.cs(481,16): warning CS8603: Possible null reference return. [/Users/svendaneel/okam/wt-migstackmerge/WebApi.Tests/WebApi.Tests.csproj]
/Users/svendaneel/okam/wt-migstackmerge/WebApi.Tests/Wire/WireTestDoubles.cs(76,22): warning CS8618: Non-nullable property 'FailConfirmationCodeSend' must contain a non-null value when exiting constructor. Consider declaring the property as nullable. [/Users/svendaneel/okam/wt-migstackmerge/WebApi.Tests/WebApi.Tests.csproj]
/Users/svendaneel/okam/wt-migstackmerge/WebApi.Tests/Margin/MarginProductLinkRevisionGuardTests.cs(132,44): warning CS8625: Cannot convert null literal to non-nullable reference type. [/Users/svendaneel/okam/wt-migstackmerge/WebApi.Tests/WebApi.Tests.csproj]
/Users/svendaneel/okam/wt-migstackmerge/WebApi.Tests/Margin/MarginProductLinkRevisionGuardTests.cs(137,48): warning CS8625: Cannot convert null literal to non-nullable reference type. [/Users/svendaneel/okam/wt-migstackmerge/WebApi.Tests/WebApi.Tests.csproj]
/Users/svendaneel/okam/wt-migstackmerge/WebApi.Tests/Surfboard/SurfboardToTripletexPayoutE2eTests.cs(105,16): warning CS8618: Non-nullable property 'LastPath' must contain a non-null value when exiting constructor. Consider declaring the property as nullable. [/Users/svendaneel/okam/wt-migstackmerge/WebApi.Tests/WebApi.Tests.csproj]
/Users/svendaneel/okam/wt-migstackmerge/WebApi.Tests/Surfboard/SurfboardToTripletexPayoutE2eTests.cs(105,16): warning CS8618: Non-nullable property 'LastMerchantId' must contain a non-null value when exiting constructor. Consider declaring the property as nullable. [/Users/svendaneel/okam/wt-migstackmerge/WebApi.Tests/WebApi.Tests.csproj]
/Users/svendaneel/okam/wt-migstackmerge/WebApi.Tests/Surfboard/SurfboardToTripletexPayoutE2eTests.cs(113,139): warning CS8619: Nullability of reference types in value of type 'Task<T?>' doesn't match target type 'Task<T>'. [/Users/svendaneel/okam/wt-migstackmerge/WebApi.Tests/WebApi.Tests.csproj]
/Users/svendaneel/okam/wt-migstackmerge/WebApi.Tests/Surfboard/SurfboardToTripletexPayoutE2eTests.cs(114,138): warning CS8619: Nullability of reference types in value of type 'Task<T?>' doesn't match target type 'Task<T>'. [/Users/svendaneel/okam/wt-migstackmerge/WebApi.Tests/WebApi.Tests.csproj]
/Users/svendaneel/okam/wt-migstackmerge/WebApi.Tests/Surfboard/SurfboardToTripletexPayoutE2eTests.cs(115,140): warning CS8619: Nullability of reference types in value of type 'Task<T?>' doesn't match target type 'Task<T>'. [/Users/svendaneel/okam/wt-migstackmerge/WebApi.Tests/WebApi.Tests.csproj]
/Users/svendaneel/okam/wt-migstackmerge/WebApi.Tests/Surfboard/SurfboardToTripletexPayoutE2eTests.cs(116,128): warning CS8619: Nullability of reference types in value of type 'Task<T?>' doesn't match target type 'Task<T>'. [/Users/svendaneel/okam/wt-migstackmerge/WebApi.Tests/WebApi.Tests.csproj]
/Users/svendaneel/okam/wt-migstackmerge/WebApi.Tests/Margin/MarginTenantIsolationSweepTests.cs(1108,111): warning CS8625: Cannot convert null literal to non-nullable reference type. [/Users/svendaneel/okam/wt-migstackmerge/WebApi.Tests/WebApi.Tests.csproj]
/Users/svendaneel/okam/wt-migstackmerge/WebApi.Tests/Margin/MarginTenantIsolationSweepTests.cs(1114,288): warning CS8625: Cannot convert null literal to non-nullable reference type. [/Users/svendaneel/okam/wt-migstackmerge/WebApi.Tests/WebApi.Tests.csproj]
/Users/svendaneel/okam/wt-migstackmerge/WebApi.Tests/Growth/GrowthPrivacyDeliveryEvidenceTests.cs(287,9): warning CS8603: Possible null reference return. [/Users/svendaneel/okam/wt-migstackmerge/WebApi.Tests/WebApi.Tests.csproj]
/Users/svendaneel/okam/wt-migstackmerge/WebApi.Tests/Margin/MarginTenantIsolationSweepTests.cs(1133,95): warning CS8625: Cannot convert null literal to non-nullable reference type. [/Users/svendaneel/okam/wt-migstackmerge/WebApi.Tests/WebApi.Tests.csproj]
/Users/svendaneel/okam/wt-migstackmerge/WebApi.Tests/Margin/MarginPriceApprovalAttributionTests.cs(33,62): warning CS8625: Cannot convert null literal to non-nullable reference type. [/Users/svendaneel/okam/wt-migstackmerge/WebApi.Tests/WebApi.Tests.csproj]
/Users/svendaneel/okam/wt-migstackmerge/WebApi.Tests/Modules/TriggerRefusalAttributionTests.cs(407,27): warning CS8600: Converting null literal or possible null value to non-nullable type. [/Users/svendaneel/okam/wt-migstackmerge/WebApi.Tests/WebApi.Tests.csproj]
/Users/svendaneel/okam/wt-migstackmerge/WebApi.Tests/Modules/TriggerRefusalAttributionTests.cs(346,48): warning CS8618: Non-nullable field '_helpers' must contain a non-null value when exiting constructor. Consider declaring the field as nullable. [/Users/svendaneel/okam/wt-migstackmerge/WebApi.Tests/WebApi.Tests.csproj]
/Users/svendaneel/okam/wt-migstackmerge/WebApi.Tests/Margin/MarginModuleScaffoldTests.cs(231,87): warning CS8603: Possible null reference return. [/Users/svendaneel/okam/wt-migstackmerge/WebApi.Tests/WebApi.Tests.csproj]
/Users/svendaneel/okam/wt-migstackmerge/WebApi.Tests/Growth/GrowthPrivacyDeliveryEvidenceTests.cs(296,23): warning CS8618: Non-nullable property 'ResolvedBy' must contain a non-null value when exiting constructor. Consider declaring the property as nullable. [/Users/svendaneel/okam/wt-migstackmerge/WebApi.Tests/WebApi.Tests.csproj]
/Users/svendaneel/okam/wt-migstackmerge/WebApi.Tests/Margin/MarginRecipesControllerTests.cs(177,87): warning CS8603: Possible null reference return. [/Users/svendaneel/okam/wt-migstackmerge/WebApi.Tests/WebApi.Tests.csproj]
/Users/svendaneel/okam/wt-migstackmerge/WebApi.Tests/Services/EmailConfirmationSendOutcomeTests.cs(252,20): warning CS8603: Possible null reference return. [/Users/svendaneel/okam/wt-migstackmerge/WebApi.Tests/WebApi.Tests.csproj]
/Users/svendaneel/okam/wt-migstackmerge/WebApi.Tests/Margin/MarginJourneyE2ETests.cs(943,87): warning CS8603: Possible null reference return. [/Users/svendaneel/okam/wt-migstackmerge/WebApi.Tests/WebApi.Tests.csproj]
/Users/svendaneel/okam/wt-migstackmerge/WebApi.Tests/Wire/WireHostFixture.cs(371,68): warning CS8604: Possible null reference argument for parameter 's' in 'byte[] Encoding.GetBytes(string s)'. [/Users/svendaneel/okam/wt-migstackmerge/WebApi.Tests/WebApi.Tests.csproj]
/Users/svendaneel/okam/wt-migstackmerge/WebApi.Tests/Margin/MarginImportHarness.cs(66,52): warning CS8625: Cannot convert null literal to non-nullable reference type. [/Users/svendaneel/okam/wt-migstackmerge/WebApi.Tests/WebApi.Tests.csproj]
/Users/svendaneel/okam/wt-migstackmerge/WebApi.Tests/Margin/MarginImportHarness.cs(94,40): warning CS8625: Cannot convert null literal to non-nullable reference type. [/Users/svendaneel/okam/wt-migstackmerge/WebApi.Tests/WebApi.Tests.csproj]
/Users/svendaneel/okam/wt-migstackmerge/WebApi.Tests/Margin/MarginJourneyE2ETests.cs(555,51): warning CS8123: The tuple element name 'lineAmount' is ignored because a different name or no name is specified by the target type '(Guid ProductId, string ArticleId, string Name, int LineAmount, int Vat)'. [/Users/svendaneel/okam/wt-migstackmerge/WebApi.Tests/WebApi.Tests.csproj]
/Users/svendaneel/okam/wt-migstackmerge/WebApi.Tests/Margin/MarginJourneyE2ETests.cs(555,70): warning CS8123: The tuple element name 'vat' is ignored because a different name or no name is specified by the target type '(Guid ProductId, string ArticleId, string Name, int LineAmount, int Vat)'. [/Users/svendaneel/okam/wt-migstackmerge/WebApi.Tests/WebApi.Tests.csproj]
/Users/svendaneel/okam/wt-migstackmerge/WebApi.Tests/Margin/MarginJourneyE2ETests.cs(556,45): warning CS8123: The tuple element name 'lineAmount' is ignored because a different name or no name is specified by the target type '(Guid ProductId, string ArticleId, string Name, int LineAmount, int Vat)'. [/Users/svendaneel/okam/wt-migstackmerge/WebApi.Tests/WebApi.Tests.csproj]
/Users/svendaneel/okam/wt-migstackmerge/WebApi.Tests/Margin/MarginJourneyE2ETests.cs(556,63): warning CS8123: The tuple element name 'vat' is ignored because a different name or no name is specified by the target type '(Guid ProductId, string ArticleId, string Name, int LineAmount, int Vat)'. [/Users/svendaneel/okam/wt-migstackmerge/WebApi.Tests/WebApi.Tests.csproj]
/Users/svendaneel/okam/wt-migstackmerge/WebApi.Tests/Margin/MarginTenantIsolationSweepTests.cs(1141,97): warning CS8625: Cannot convert null literal to non-nullable reference type. [/Users/svendaneel/okam/wt-migstackmerge/WebApi.Tests/WebApi.Tests.csproj]
/Users/svendaneel/okam/wt-migstackmerge/WebApi.Tests/Margin/MarginFeatureFlagEffectiveTests.cs(41,30): warning CS8618: Non-nullable field '_connection' must contain a non-null value when exiting constructor. Consider declaring the field as nullable. [/Users/svendaneel/okam/wt-migstackmerge/WebApi.Tests/WebApi.Tests.csproj]
/Users/svendaneel/okam/wt-migstackmerge/WebApi.Tests/Margin/MarginFeatureFlagEffectiveTests.cs(201,87): warning CS8603: Possible null reference return. [/Users/svendaneel/okam/wt-migstackmerge/WebApi.Tests/WebApi.Tests.csproj]
/Users/svendaneel/okam/wt-migstackmerge/WebApi.Tests/Margin/MarginRecipeExplosionBoundTests.cs(373,26): warning CS8629: Nullable value type may be null. [/Users/svendaneel/okam/wt-migstackmerge/WebApi.Tests/WebApi.Tests.csproj]
/Users/svendaneel/okam/wt-migstackmerge/WebApi.Tests/Margin/MarginW2MigrationLineageTests.cs(496,25): warning CS8600: Converting null literal or possible null value to non-nullable type. [/Users/svendaneel/okam/wt-migstackmerge/WebApi.Tests/WebApi.Tests.csproj]
/Users/svendaneel/okam/wt-migstackmerge/WebApi.Tests/Margin/MarginW2MigrationLineageTests.cs(496,38): warning CS8600: Converting null literal or possible null value to non-nullable type. [/Users/svendaneel/okam/wt-migstackmerge/WebApi.Tests/WebApi.Tests.csproj]
/Users/svendaneel/okam/wt-migstackmerge/WebApi.Tests/Margin/MarginW2MigrationLineageTests.cs(508,16): warning CS8619: Nullability of reference types in value of type '(string? cols, string? filter)' doesn't match target type '(string cols, string filter)'. [/Users/svendaneel/okam/wt-migstackmerge/WebApi.Tests/WebApi.Tests.csproj]
/Users/svendaneel/okam/wt-migstackmerge/WebApi.Tests/Margin/MarginW2MigrationLineageTests.cs(543,16): warning CS8600: Converting null literal or possible null value to non-nullable type. [/Users/svendaneel/okam/wt-migstackmerge/WebApi.Tests/WebApi.Tests.csproj]
/Users/svendaneel/okam/wt-migstackmerge/WebApi.Tests/Margin/MarginW2MigrationLineageTests.cs(543,16): warning CS8603: Possible null reference return. [/Users/svendaneel/okam/wt-migstackmerge/WebApi.Tests/WebApi.Tests.csproj]
/Users/svendaneel/okam/wt-migstackmerge/WebApi.Tests/Margin/MarginBTestHost.cs(109,87): warning CS8603: Possible null reference return. [/Users/svendaneel/okam/wt-migstackmerge/WebApi.Tests/WebApi.Tests.csproj]
/Users/svendaneel/okam/wt-migstackmerge/WebApi.Tests/Kassa/Cov_DinteroTerminalCallbackControllerTests.cs(153,23): warning CS8618: Non-nullable property 'WebRootPath' must contain a non-null value when exiting constructor. Consider declaring the property as nullable. [/Users/svendaneel/okam/wt-migstackmerge/WebApi.Tests/WebApi.Tests.csproj]
/Users/svendaneel/okam/wt-migstackmerge/WebApi.Tests/Kassa/Cov_DinteroTerminalCallbackControllerTests.cs(154,30): warning CS8618: Non-nullable property 'WebRootFileProvider' must contain a non-null value when exiting constructor. Consider declaring the property as nullable. [/Users/svendaneel/okam/wt-migstackmerge/WebApi.Tests/WebApi.Tests.csproj]
/Users/svendaneel/okam/wt-migstackmerge/WebApi.Tests/Kassa/Cov_DinteroTerminalCallbackControllerTests.cs(156,30): warning CS8618: Non-nullable property 'ContentRootFileProvider' must contain a non-null value when exiting constructor. Consider declaring the property as nullable. [/Users/svendaneel/okam/wt-migstackmerge/WebApi.Tests/WebApi.Tests.csproj]
/Users/svendaneel/okam/wt-migstackmerge/WebApi.Tests/Margin/MarginBSqlServerTests.cs(216,24): warning CS8605: Unboxing a possibly null value. [/Users/svendaneel/okam/wt-migstackmerge/WebApi.Tests/WebApi.Tests.csproj]
/Users/svendaneel/okam/wt-migstackmerge/WebApi.Tests/Margin/MarginHarness.cs(78,46): warning CS8625: Cannot convert null literal to non-nullable reference type. [/Users/svendaneel/okam/wt-migstackmerge/WebApi.Tests/WebApi.Tests.csproj]
/Users/svendaneel/okam/wt-migstackmerge/WebApi.Tests/Margin/MarginHarness.cs(112,34): warning CS8625: Cannot convert null literal to non-nullable reference type. [/Users/svendaneel/okam/wt-migstackmerge/WebApi.Tests/WebApi.Tests.csproj]
/Users/svendaneel/okam/wt-migstackmerge/WebApi.Tests/Margin/MarginTenantIsolationSweepTests.cs(1520,87): warning CS8603: Possible null reference return. [/Users/svendaneel/okam/wt-migstackmerge/WebApi.Tests/WebApi.Tests.csproj]
/Users/svendaneel/okam/wt-migstackmerge/WebApi.Tests/Margin/MarginTenantIsolationSweepTests.cs(1505,23): warning CS8618: Non-nullable property 'RecipeName' must contain a non-null value when exiting constructor. Consider declaring the property as nullable. [/Users/svendaneel/okam/wt-migstackmerge/WebApi.Tests/WebApi.Tests.csproj]
/Users/svendaneel/okam/wt-migstackmerge/WebApi.Tests/Margin/MarginTenantIsolationSweepTests.cs(1506,23): warning CS8618: Non-nullable property 'SupplierName' must contain a non-null value when exiting constructor. Consider declaring the property as nullable. [/Users/svendaneel/okam/wt-migstackmerge/WebApi.Tests/WebApi.Tests.csproj]
/Users/svendaneel/okam/wt-migstackmerge/WebApi.Tests/Margin/MarginTenantIsolationSweepTests.cs(1507,23): warning CS8618: Non-nullable property 'ArticleNumber' must contain a non-null value when exiting constructor. Consider declaring the property as nullable. [/Users/svendaneel/okam/wt-migstackmerge/WebApi.Tests/WebApi.Tests.csproj]
/Users/svendaneel/okam/wt-migstackmerge/WebApi.Tests/Margin/MarginTenantIsolationSweepTests.cs(1508,23): warning CS8618: Non-nullable property 'ImportArticleNumber' must contain a non-null value when exiting constructor. Consider declaring the property as nullable. [/Users/svendaneel/okam/wt-migstackmerge/WebApi.Tests/WebApi.Tests.csproj]
/Users/svendaneel/okam/wt-migstackmerge/WebApi.Tests/Margin/MarginMenuMarginReadTests.cs(340,71): warning CS8629: Nullable value type may be null. [/Users/svendaneel/okam/wt-migstackmerge/WebApi.Tests/WebApi.Tests.csproj]
/Users/svendaneel/okam/wt-migstackmerge/WebApi.Tests/Margin/MarginMenuMarginReadTests.cs(475,43): warning CS8629: Nullable value type may be null. [/Users/svendaneel/okam/wt-migstackmerge/WebApi.Tests/WebApi.Tests.csproj]
/Users/svendaneel/okam/wt-migstackmerge/WebApi.Tests/Margin/MarginMenuMarginReadTests.cs(475,73): warning CS8629: Nullable value type may be null. [/Users/svendaneel/okam/wt-migstackmerge/WebApi.Tests/WebApi.Tests.csproj]
/Users/svendaneel/okam/wt-migstackmerge/WebApi.Tests/Margin/MarginPriceImportsControllerTests.cs(186,39): warning CS8618: Non-nullable property 'ThrowOnGet' must contain a non-null value when exiting constructor. Consider declaring the property as nullable. [/Users/svendaneel/okam/wt-migstackmerge/WebApi.Tests/WebApi.Tests.csproj]
/Users/svendaneel/okam/wt-migstackmerge/WebApi.Tests/Margin/MarginPriceImportsControllerTests.cs(187,29): warning CS8618: Non-nullable property 'ThrowOnApprove' must contain a non-null value when exiting constructor. Consider declaring the property as nullable. [/Users/svendaneel/okam/wt-migstackmerge/WebApi.Tests/WebApi.Tests.csproj]
/Users/svendaneel/okam/wt-migstackmerge/WebApi.Tests/Margin/MarginPriceImpactRankingTests.cs(381,33): warning CS8629: Nullable value type may be null. [/Users/svendaneel/okam/wt-migstackmerge/WebApi.Tests/WebApi.Tests.csproj]
/Users/svendaneel/okam/wt-migstackmerge/WebApi.Tests/Margin/MarginPriceImpactRankingTests.cs(400,27): warning CS8629: Nullable value type may be null. [/Users/svendaneel/okam/wt-migstackmerge/WebApi.Tests/WebApi.Tests.csproj]
/Users/svendaneel/okam/wt-migstackmerge/WebApi.Tests/Wire/WireHost.cs(701,19): warning CS8618: Non-nullable property 'EndpointAddress' must contain a non-null value when exiting constructor. Consider declaring the property as nullable. [/Users/svendaneel/okam/wt-migstackmerge/WebApi.Tests/WebApi.Tests.csproj]
/Users/svendaneel/okam/wt-migstackmerge/WebApi.Tests/Wire/WireHost.cs(678,73): warning CS8625: Cannot convert null literal to non-nullable reference type. [/Users/svendaneel/okam/wt-migstackmerge/WebApi.Tests/WebApi.Tests.csproj]
/Users/svendaneel/okam/wt-migstackmerge/WebApi.Tests/Wire/WireHost.cs(684,54): warning CS8625: Cannot convert null literal to non-nullable reference type. [/Users/svendaneel/okam/wt-migstackmerge/WebApi.Tests/WebApi.Tests.csproj]
/Users/svendaneel/okam/wt-migstackmerge/WebApi.Tests/Wire/WireHost.cs(108,12): warning CS8618: Non-nullable property 'Registrations' must contain a non-null value when exiting constructor. Consider declaring the property as nullable. [/Users/svendaneel/okam/wt-migstackmerge/WebApi.Tests/WebApi.Tests.csproj]
/Users/svendaneel/okam/wt-migstackmerge/WebApi.Tests/Wire/WireHost.cs(142,49): warning CS8620: Argument of type 'IEnumerable<KeyValuePair<string, string>>' cannot be used for parameter 'initialData' of type 'IEnumerable<KeyValuePair<string, string?>>' in 'IConfigurationBuilder MemoryConfigurationBuilderExtensions.AddInMemoryCollection(IConfigurationBuilder configurationBuilder, IEnumerable<KeyValuePair<string, string?>>? initialData)' due to differences in the nullability of reference types. [/Users/svendaneel/okam/wt-migstackmerge/WebApi.Tests/WebApi.Tests.csproj]
/Users/svendaneel/okam/wt-migstackmerge/WebApi.Tests/Margin/MarginDayRevenueReadTests.cs(264,62): warning CS8625: Cannot convert null literal to non-nullable reference type. [/Users/svendaneel/okam/wt-migstackmerge/WebApi.Tests/WebApi.Tests.csproj]
/Users/svendaneel/okam/wt-migstackmerge/WebApi.Tests/Margin/MarginDayRevenueReadTests.cs(432,87): warning CS8603: Possible null reference return. [/Users/svendaneel/okam/wt-migstackmerge/WebApi.Tests/WebApi.Tests.csproj]
/Users/svendaneel/okam/wt-migstackmerge/WebApi.Tests/Observability/OperationalNotificationPiiTests.cs(420,13): warning CS8619: Nullability of reference types in value of type 'Task<ApplicationUser?>' doesn't match target type 'Task<ApplicationUser>'. [/Users/svendaneel/okam/wt-migstackmerge/WebApi.Tests/WebApi.Tests.csproj]
/Users/svendaneel/okam/wt-migstackmerge/WebApi.Tests/Wire/WireHost.cs(358,16): warning CS8603: Possible null reference return. [/Users/svendaneel/okam/wt-migstackmerge/WebApi.Tests/WebApi.Tests.csproj]
/Users/svendaneel/okam/wt-migstackmerge/WebApi.Tests/Services/ConfirmEmailCodeRetirementTests.cs(147,20): warning CS8602: Dereference of a possibly null reference. [/Users/svendaneel/okam/wt-migstackmerge/WebApi.Tests/WebApi.Tests.csproj]
/Users/svendaneel/okam/wt-migstackmerge/WebApi.Tests/Services/ConfirmEmailCodeRetirementTests.cs(225,31): warning CS8625: Cannot convert null literal to non-nullable reference type. [/Users/svendaneel/okam/wt-migstackmerge/WebApi.Tests/WebApi.Tests.csproj]
/Users/svendaneel/okam/wt-migstackmerge/WebApi.Tests/Wire/ArbitraryAddressMailRateLimitWireTests.cs(201,16): warning CS8603: Possible null reference return. [/Users/svendaneel/okam/wt-migstackmerge/WebApi.Tests/WebApi.Tests.csproj]
/Users/svendaneel/okam/wt-migstackmerge/WebApi.Tests/Margin/MarginFixtureMatrixTests.cs(287,64): warning CS1998: This async method lacks 'await' operators and will run synchronously. Consider using the 'await' operator to await non-blocking API calls, or 'await Task.Run(...)' to do CPU-bound work on a background thread. [/Users/svendaneel/okam/wt-migstackmerge/WebApi.Tests/WebApi.Tests.csproj]
/Users/svendaneel/okam/wt-migstackmerge/WebApi.Tests/Wire/ArbitraryAddressMailRateLimitWireTests.cs(209,16): warning CS8603: Possible null reference return. [/Users/svendaneel/okam/wt-migstackmerge/WebApi.Tests/WebApi.Tests.csproj]
/Users/svendaneel/okam/wt-migstackmerge/WebApi.Tests/Wire/WireHost.cs(408,47): warning CS8600: Converting null literal or possible null value to non-nullable type. [/Users/svendaneel/okam/wt-migstackmerge/WebApi.Tests/WebApi.Tests.csproj]
/Users/svendaneel/okam/wt-migstackmerge/WebApi.Tests/Wire/WireHost.cs(487,13): warning CS0618: 'ApplicationInsightsServiceOptions.InstrumentationKey' is obsolete: 'InstrumentationKey based global ingestion is being deprecated. Use ApplicationInsightsServiceOptions.ConnectionString. See https://github.com/microsoft/ApplicationInsights-dotnet/issues/2560 for more details.' [/Users/svendaneel/okam/wt-migstackmerge/WebApi.Tests/WebApi.Tests.csproj]
/Users/svendaneel/okam/wt-migstackmerge/WebApi.Tests/Margin/MarginEhfInvoiceParserTests.cs(361,49): warning CS8603: Possible null reference return. [/Users/svendaneel/okam/wt-migstackmerge/WebApi.Tests/WebApi.Tests.csproj]
/Users/svendaneel/okam/wt-migstackmerge/WebApi.Tests/Margin/MarginEhfInvoiceParserTests.cs(366,16): warning CS8603: Possible null reference return. [/Users/svendaneel/okam/wt-migstackmerge/WebApi.Tests/WebApi.Tests.csproj]
/Users/svendaneel/okam/wt-migstackmerge/WebApi.Tests/Margin/MarginStatementsControllerTests.cs(197,87): warning CS8603: Possible null reference return. [/Users/svendaneel/okam/wt-migstackmerge/WebApi.Tests/WebApi.Tests.csproj]
/Users/svendaneel/okam/wt-migstackmerge/WebApi.Tests/Modules/RowversionAssertionProviderTests.cs(359,27): warning CS8600: Converting null literal or possible null value to non-nullable type. [/Users/svendaneel/okam/wt-migstackmerge/WebApi.Tests/WebApi.Tests.csproj]
/Users/svendaneel/okam/wt-migstackmerge/WebApi.Tests/Wire/EmailConfirmationFailureWireTests.cs(124,45): warning CS8625: Cannot convert null literal to non-nullable reference type. [/Users/svendaneel/okam/wt-migstackmerge/WebApi.Tests/WebApi.Tests.csproj]
/Users/svendaneel/okam/wt-migstackmerge/WebApi.Tests/Wire/EmailConfirmationFailureWireTests.cs(147,16): warning CS8603: Possible null reference return. [/Users/svendaneel/okam/wt-migstackmerge/WebApi.Tests/WebApi.Tests.csproj]
/Users/svendaneel/okam/wt-migstackmerge/WebApi.Tests/Services/ConfirmEmailCodeRetirementTests.cs(183,16): warning CS8618: Non-nullable property 'LastHttp' must contain a non-null value when exiting constructor. Consider declaring the property as nullable. [/Users/svendaneel/okam/wt-migstackmerge/WebApi.Tests/WebApi.Tests.csproj]
/Users/svendaneel/okam/wt-migstackmerge/WebApi.Tests/Wire/WireHost.cs(426,26): warning CS8618: Non-nullable property 'ApplicationDocumentRendererType' must contain a non-null value when exiting constructor. Consider declaring the property as nullable. [/Users/svendaneel/okam/wt-migstackmerge/WebApi.Tests/WebApi.Tests.csproj]
/Users/svendaneel/okam/wt-migstackmerge/WebApi.Tests/Margin/MarginEhfInvoiceParserTests.cs(382,12): warning CS8619: Nullability of reference types in value of type 'string?[]' doesn't match target type 'string[]'. [/Users/svendaneel/okam/wt-migstackmerge/WebApi.Tests/WebApi.Tests.csproj]
/Users/svendaneel/okam/wt-migstackmerge/WebApi.Tests/Services/ConfirmEmailCodeRetirementTests.cs(215,23): warning CS8618: Non-nullable property 'OutstandingCode' must contain a non-null value when exiting constructor. Consider declaring the property as nullable. [/Users/svendaneel/okam/wt-migstackmerge/WebApi.Tests/WebApi.Tests.csproj]
/Users/svendaneel/okam/wt-migstackmerge/WebApi.Tests/Meals/MealsW2MigrationLineageTests.cs(376,24): warning CS8600: Converting null literal or possible null value to non-nullable type. [/Users/svendaneel/okam/wt-migstackmerge/WebApi.Tests/WebApi.Tests.csproj]
/Users/svendaneel/okam/wt-migstackmerge/WebApi.Tests/Meals/MealsW2MigrationLineageTests.cs(390,24): warning CS8600: Converting null literal or possible null value to non-nullable type. [/Users/svendaneel/okam/wt-migstackmerge/WebApi.Tests/WebApi.Tests.csproj]
/Users/svendaneel/okam/wt-migstackmerge/WebApi.Tests/Wire/EventsDietaryRunSheetWireTests.cs(297,26): warning CS8600: Converting null literal or possible null value to non-nullable type. [/Users/svendaneel/okam/wt-migstackmerge/WebApi.Tests/WebApi.Tests.csproj]
/Users/svendaneel/okam/wt-migstackmerge/WebApi.Tests/Wire/EventsDietaryRunSheetWireTests.cs(342,13): warning CS8602: Dereference of a possibly null reference. [/Users/svendaneel/okam/wt-migstackmerge/WebApi.Tests/WebApi.Tests.csproj]
/Users/svendaneel/okam/wt-migstackmerge/WebApi.Tests/Wire/EventsDietaryRunSheetWireTests.cs(343,13): warning CS8602: Dereference of a possibly null reference. [/Users/svendaneel/okam/wt-migstackmerge/WebApi.Tests/WebApi.Tests.csproj]
/Users/svendaneel/okam/wt-migstackmerge/WebApi.Tests/Wire/EventsDietaryRunSheetWireTests.cs(353,17): warning CS8604: Possible null reference argument for parameter 'Section' in 'Item.Item(string Section, int SortOrder, string TimeLabel, string Body, string QuantityLabel)'. [/Users/svendaneel/okam/wt-migstackmerge/WebApi.Tests/WebApi.Tests.csproj]
/Users/svendaneel/okam/wt-migstackmerge/WebApi.Tests/Wire/EventsDietaryRunSheetWireTests.cs(355,17): warning CS8604: Possible null reference argument for parameter 'TimeLabel' in 'Item.Item(string Section, int SortOrder, string TimeLabel, string Body, string QuantityLabel)'. [/Users/svendaneel/okam/wt-migstackmerge/WebApi.Tests/WebApi.Tests.csproj]
/Users/svendaneel/okam/wt-migstackmerge/WebApi.Tests/Wire/EventsDietaryRunSheetWireTests.cs(356,17): warning CS8604: Possible null reference argument for parameter 'Body' in 'Item.Item(string Section, int SortOrder, string TimeLabel, string Body, string QuantityLabel)'. [/Users/svendaneel/okam/wt-migstackmerge/WebApi.Tests/WebApi.Tests.csproj]
/Users/svendaneel/okam/wt-migstackmerge/WebApi.Tests/Wire/EventsDietaryRunSheetWireTests.cs(357,17): warning CS8604: Possible null reference argument for parameter 'QuantityLabel' in 'Item.Item(string Section, int SortOrder, string TimeLabel, string Body, string QuantityLabel)'. [/Users/svendaneel/okam/wt-migstackmerge/WebApi.Tests/WebApi.Tests.csproj]
/Users/svendaneel/okam/wt-migstackmerge/WebApi.Tests/Training/TrainingCertificateExpiryProjectionTests.cs(257,37): warning CS8629: Nullable value type may be null. [/Users/svendaneel/okam/wt-migstackmerge/WebApi.Tests/WebApi.Tests.csproj]
/Users/svendaneel/okam/wt-migstackmerge/WebApi.Tests/Wire/WireHost.cs(630,70): warning CS8604: Possible null reference argument for parameter 'clientName' in 'DenyOutboundHttpHandler.DenyOutboundHttpHandler(string clientName)'. [/Users/svendaneel/okam/wt-migstackmerge/WebApi.Tests/WebApi.Tests.csproj]
/Users/svendaneel/okam/wt-migstackmerge/WebApi.Tests/Wire/TrainingWireTests.cs(201,69): warning CS8600: Converting null literal or possible null value to non-nullable type. [/Users/svendaneel/okam/wt-migstackmerge/WebApi.Tests/WebApi.Tests.csproj]
/Users/svendaneel/okam/wt-migstackmerge/WebApi.Tests/Wire/WireContainmentTests.cs(534,39): warning CS8600: Converting null literal or possible null value to non-nullable type. [/Users/svendaneel/okam/wt-migstackmerge/WebApi.Tests/WebApi.Tests.csproj]
/Users/svendaneel/okam/wt-migstackmerge/WebApi.Tests/Wire/WireContainmentTests.cs(545,45): warning CS8625: Cannot convert null literal to non-nullable reference type. [/Users/svendaneel/okam/wt-migstackmerge/WebApi.Tests/WebApi.Tests.csproj]
/Users/svendaneel/okam/wt-migstackmerge/WebApi.Tests/Wire/RequestBodyTelemetryPinTests.cs(125,12): warning CS8603: Possible null reference return. [/Users/svendaneel/okam/wt-migstackmerge/WebApi.Tests/WebApi.Tests.csproj]
/Users/svendaneel/okam/wt-migstackmerge/WebApi.Tests/Wire/RequestBodyTelemetryPinTests.cs(232,12): warning CS8619: Nullability of reference types in value of type 'object?[]' doesn't match target type 'object[]'. [/Users/svendaneel/okam/wt-migstackmerge/WebApi.Tests/WebApi.Tests.csproj]
/Users/svendaneel/okam/wt-migstackmerge/WebApi.Tests/Wire/RequestBodyTelemetryPinTests.cs(322,22): warning CS8604: Possible null reference argument for parameter 'node' in 'void RequestBodyTelemetryPinTests.Walk(object node, List<string> found, HashSet<object> seen, int depth)'. [/Users/svendaneel/okam/wt-migstackmerge/WebApi.Tests/WebApi.Tests.csproj]
/Users/svendaneel/okam/wt-migstackmerge/WebApi.Tests/Wire/RequestBodyTelemetryPinTests.cs(353,25): warning CS8600: Converting null literal or possible null value to non-nullable type. [/Users/svendaneel/okam/wt-migstackmerge/WebApi.Tests/WebApi.Tests.csproj]
/Users/svendaneel/okam/wt-migstackmerge/WebApi.Tests/Wire/RequestBodyTelemetryPinTests.cs(360,18): warning CS8604: Possible null reference argument for parameter 'node' in 'void RequestBodyTelemetryPinTests.Walk(object node, List<string> found, HashSet<object> seen, int depth)'. [/Users/svendaneel/okam/wt-migstackmerge/WebApi.Tests/WebApi.Tests.csproj]
/Users/svendaneel/okam/wt-migstackmerge/WebApi.Tests/Modules/ModuleFlagCensus.cs(299,22): warning CS8600: Converting null literal or possible null value to non-nullable type. [/Users/svendaneel/okam/wt-migstackmerge/WebApi.Tests/WebApi.Tests.csproj]
/Users/svendaneel/okam/wt-migstackmerge/WebApi.Tests/Wire/ModuleWireTests.cs(281,16): warning CS8603: Possible null reference return. [/Users/svendaneel/okam/wt-migstackmerge/WebApi.Tests/WebApi.Tests.csproj]
/Users/svendaneel/okam/wt-migstackmerge/WebApi.Tests/Wire/PdfDownloadWireTests.cs(67,13): warning CS8625: Cannot convert null literal to non-nullable reference type. [/Users/svendaneel/okam/wt-migstackmerge/WebApi.Tests/WebApi.Tests.csproj]
/Users/svendaneel/okam/wt-migstackmerge/WebApi.Tests/Wire/PdfDownloadWireTests.cs(77,13): warning CS8625: Cannot convert null literal to non-nullable reference type. [/Users/svendaneel/okam/wt-migstackmerge/WebApi.Tests/WebApi.Tests.csproj]
/Users/svendaneel/okam/wt-migstackmerge/WebApi.Tests/Wire/PdfDownloadWireTests.cs(87,13): warning CS8625: Cannot convert null literal to non-nullable reference type. [/Users/svendaneel/okam/wt-migstackmerge/WebApi.Tests/WebApi.Tests.csproj]
/Users/svendaneel/okam/wt-migstackmerge/WebApi.Tests/Wire/MealsWireTests.cs(216,16): warning CS8603: Possible null reference return. [/Users/svendaneel/okam/wt-migstackmerge/WebApi.Tests/WebApi.Tests.csproj]
/Users/svendaneel/okam/wt-migstackmerge/WebApi.Tests/Wire/MealsVenueReachabilityWireTests.cs(63,29): warning CS8600: Converting null literal or possible null value to non-nullable type. [/Users/svendaneel/okam/wt-migstackmerge/WebApi.Tests/WebApi.Tests.csproj]
/Users/svendaneel/okam/wt-migstackmerge/WebApi.Tests/Wire/MealsVenueReachabilityWireTests.cs(70,34): warning CS8602: Dereference of a possibly null reference. [/Users/svendaneel/okam/wt-migstackmerge/WebApi.Tests/WebApi.Tests.csproj]
/Users/svendaneel/okam/wt-migstackmerge/WebApi.Tests/Wire/MealsVenueReachabilityWireTests.cs(346,60): warning CS8625: Cannot convert null literal to non-nullable reference type. [/Users/svendaneel/okam/wt-migstackmerge/WebApi.Tests/WebApi.Tests.csproj]
/Users/svendaneel/okam/wt-migstackmerge/WebApi.Tests/Wire/MealsVenueReachabilityWireTests.cs(319,54): warning CS8603: Possible null reference return. [/Users/svendaneel/okam/wt-migstackmerge/WebApi.Tests/WebApi.Tests.csproj]
/Users/svendaneel/okam/wt-migstackmerge/WebApi.Tests/Wire/MealsVenueReachabilityWireTests.cs(294,27): warning CS8618: Non-nullable property 'Template' must contain a non-null value when exiting constructor. Consider declaring the property as nullable. [/Users/svendaneel/okam/wt-migstackmerge/WebApi.Tests/WebApi.Tests.csproj]
/Users/svendaneel/okam/wt-migstackmerge/WebApi.Tests/Wire/MealsVenueReachabilityWireTests.cs(296,27): warning CS8618: Non-nullable property 'Verb' must contain a non-null value when exiting constructor. Consider declaring the property as nullable. [/Users/svendaneel/okam/wt-migstackmerge/WebApi.Tests/WebApi.Tests.csproj]
/Users/svendaneel/okam/wt-migstackmerge/WebApi.Tests/Wire/MealsVenueReachabilityWireTests.cs(298,27): warning CS8618: Non-nullable property 'Url' must contain a non-null value when exiting constructor. Consider declaring the property as nullable. [/Users/svendaneel/okam/wt-migstackmerge/WebApi.Tests/WebApi.Tests.csproj]
/Users/svendaneel/okam/wt-migstackmerge/WebApi.Tests/Wire/MealsVenueReachabilityWireTests.cs(302,27): warning CS8618: Non-nullable property 'Body' must contain a non-null value when exiting constructor. Consider declaring the property as nullable. [/Users/svendaneel/okam/wt-migstackmerge/WebApi.Tests/WebApi.Tests.csproj]
/Users/svendaneel/okam/wt-migstackmerge/WebApi.Tests/Modules/ModuleFlagCensus.cs(369,61): warning CS8600: Converting null literal or possible null value to non-nullable type. [/Users/svendaneel/okam/wt-migstackmerge/WebApi.Tests/WebApi.Tests.csproj]
/Users/svendaneel/okam/wt-migstackmerge/WebApi.Tests/Modules/ModuleFlagCensus.cs(447,25): warning CS8600: Converting null literal or possible null value to non-nullable type. [/Users/svendaneel/okam/wt-migstackmerge/WebApi.Tests/WebApi.Tests.csproj]
/Users/svendaneel/okam/wt-migstackmerge/WebApi.Tests/Wire/MealsGateDeploymentWireTests.cs(138,12): warning CS8603: Possible null reference return. [/Users/svendaneel/okam/wt-migstackmerge/WebApi.Tests/WebApi.Tests.csproj]
/Users/svendaneel/okam/wt-migstackmerge/WebApi.Tests/Modules/ModuleFlagCensus.cs(468,24): warning CS8600: Converting null literal or possible null value to non-nullable type. [/Users/svendaneel/okam/wt-migstackmerge/WebApi.Tests/WebApi.Tests.csproj]
/Users/svendaneel/okam/wt-migstackmerge/WebApi.Tests/Modules/ModuleFlagCensus.cs(473,21): warning CS8600: Converting null literal or possible null value to non-nullable type. [/Users/svendaneel/okam/wt-migstackmerge/WebApi.Tests/WebApi.Tests.csproj]
/Users/svendaneel/okam/wt-migstackmerge/WebApi.Tests/Modules/ModuleFlagCensus.cs(480,25): warning CS8600: Converting null literal or possible null value to non-nullable type. [/Users/svendaneel/okam/wt-migstackmerge/WebApi.Tests/WebApi.Tests.csproj]
/Users/svendaneel/okam/wt-migstackmerge/WebApi.Tests/Wire/MealsGateDeploymentWireTests.cs(146,16): warning CS8603: Possible null reference return. [/Users/svendaneel/okam/wt-migstackmerge/WebApi.Tests/WebApi.Tests.csproj]
/Users/svendaneel/okam/wt-migstackmerge/WebApi.Tests/Modules/ModuleFlagCensus.cs(75,63): warning CS8600: Converting null literal or possible null value to non-nullable type. [/Users/svendaneel/okam/wt-migstackmerge/WebApi.Tests/WebApi.Tests.csproj]
/Users/svendaneel/okam/wt-migstackmerge/WebApi.Tests/Modules/ModuleFlagCensus.cs(100,77): warning CS8625: Cannot convert null literal to non-nullable reference type. [/Users/svendaneel/okam/wt-migstackmerge/WebApi.Tests/WebApi.Tests.csproj]
/Users/svendaneel/okam/wt-migstackmerge/WebApi.Tests/Modules/ModuleFlagCensus.cs(153,20): warning CS8603: Possible null reference return. [/Users/svendaneel/okam/wt-migstackmerge/WebApi.Tests/WebApi.Tests.csproj]
/Users/svendaneel/okam/wt-migstackmerge/WebApi.Tests/Modules/ModuleFlagCensus.cs(159,16): warning CS8603: Possible null reference return. [/Users/svendaneel/okam/wt-migstackmerge/WebApi.Tests/WebApi.Tests.csproj]
/Users/svendaneel/okam/wt-migstackmerge/WebApi.Tests/Modules/ModuleFlagCensus.cs(169,26): warning CS8600: Converting null literal or possible null value to non-nullable type. [/Users/svendaneel/okam/wt-migstackmerge/WebApi.Tests/WebApi.Tests.csproj]
/Users/svendaneel/okam/wt-migstackmerge/WebApi.Tests/Modules/ModuleFlagCensus.cs(176,38): warning CS8602: Dereference of a possibly null reference. [/Users/svendaneel/okam/wt-migstackmerge/WebApi.Tests/WebApi.Tests.csproj]
/Users/svendaneel/okam/wt-migstackmerge/WebApi.Tests/Wire/MealsQuoteReleaseWireTests.cs(316,100): warning CS8625: Cannot convert null literal to non-nullable reference type. [/Users/svendaneel/okam/wt-migstackmerge/WebApi.Tests/WebApi.Tests.csproj]
/Users/svendaneel/okam/wt-migstackmerge/WebApi.Tests/Wire/MealsQuoteReleaseWireTests.cs(327,16): warning CS8603: Possible null reference return. [/Users/svendaneel/okam/wt-migstackmerge/WebApi.Tests/WebApi.Tests.csproj]
/Users/svendaneel/okam/wt-migstackmerge/WebApi.Tests/Wire/MealsQuoteReleaseWireTests.cs(333,16): warning CS8603: Possible null reference return. [/Users/svendaneel/okam/wt-migstackmerge/WebApi.Tests/WebApi.Tests.csproj]
/Users/svendaneel/okam/wt-migstackmerge/WebApi.Tests/Modules/ModuleFeatureFlagContractTests.cs(151,58): warning CS8600: Converting null literal or possible null value to non-nullable type. [/Users/svendaneel/okam/wt-migstackmerge/WebApi.Tests/WebApi.Tests.csproj]
/Users/svendaneel/okam/wt-migstackmerge/WebApi.Tests/Modules/ModuleFeatureFlagContractTests.cs(238,70): warning CS8600: Converting null literal or possible null value to non-nullable type. [/Users/svendaneel/okam/wt-migstackmerge/WebApi.Tests/WebApi.Tests.csproj]
/Users/svendaneel/okam/wt-migstackmerge/WebApi.Tests/Wire/MealsFundedCheckoutWireTests.cs(254,65): warning CS8604: Possible null reference argument for parameter 'reservationToken' in 'Task<HttpResponseMessage> MealsFundedCheckoutWireFixture.CompleteAsync(HttpClient client, string reservationToken)'. [/Users/svendaneel/okam/wt-migstackmerge/WebApi.Tests/WebApi.Tests.csproj]
/Users/svendaneel/okam/wt-migstackmerge/WebApi.Tests/Wire/MealsDownloadHeaderWireTests.cs(123,66): warning CS8604: Possible null reference argument for parameter 's' in 'byte[] Encoding.GetBytes(string s)'. [/Users/svendaneel/okam/wt-migstackmerge/WebApi.Tests/WebApi.Tests.csproj]
/Users/svendaneel/okam/wt-migstackmerge/WebApi.Tests/Wire/MealsAgreementWireTests.cs(188,89): warning CS8625: Cannot convert null literal to non-nullable reference type. [/Users/svendaneel/okam/wt-migstackmerge/WebApi.Tests/WebApi.Tests.csproj]
/Users/svendaneel/okam/wt-migstackmerge/WebApi.Tests/Wire/MealsAgreementWireTests.cs(290,16): warning CS8603: Possible null reference return. [/Users/svendaneel/okam/wt-migstackmerge/WebApi.Tests/WebApi.Tests.csproj]
/Users/svendaneel/okam/wt-migstackmerge/WebApi.Tests/Wire/MarginWireTests.cs(214,16): warning CS8603: Possible null reference return. [/Users/svendaneel/okam/wt-migstackmerge/WebApi.Tests/WebApi.Tests.csproj]
/Users/svendaneel/okam/wt-migstackmerge/WebApi.Tests/Modules/ModuleConfigSectionDeclarationTests.cs(205,46): warning CS8604: Possible null reference argument for parameter 'module' in 'SettingsBinding.SettingsBinding(string module, Type settingsType, string section, string declaredIn)'. [/Users/svendaneel/okam/wt-migstackmerge/WebApi.Tests/WebApi.Tests.csproj]
/Users/svendaneel/okam/wt-migstackmerge/WebApi.Tests/Modules/ModuleConfigSectionDeclarationTests.cs(224,80): warning CS8625: Cannot convert null literal to non-nullable reference type. [/Users/svendaneel/okam/wt-migstackmerge/WebApi.Tests/WebApi.Tests.csproj]
/Users/svendaneel/okam/wt-migstackmerge/WebApi.Tests/Modules/ModuleConfigSectionDeclarationTests.cs(246,20): warning CS8603: Possible null reference return. [/Users/svendaneel/okam/wt-migstackmerge/WebApi.Tests/WebApi.Tests.csproj]
/Users/svendaneel/okam/wt-migstackmerge/WebApi.Tests/Modules/ModuleConfigSectionDeclarationTests.cs(253,20): warning CS8603: Possible null reference return. [/Users/svendaneel/okam/wt-migstackmerge/WebApi.Tests/WebApi.Tests.csproj]
/Users/svendaneel/okam/wt-migstackmerge/WebApi.Tests/Modules/ModuleConfigSectionDeclarationTests.cs(258,15): warning CS8600: Converting null literal or possible null value to non-nullable type. [/Users/svendaneel/okam/wt-migstackmerge/WebApi.Tests/WebApi.Tests.csproj]
/Users/svendaneel/okam/wt-migstackmerge/WebApi.Tests/Modules/ModuleConfigSectionDeclarationTests.cs(257,16): warning CS8603: Possible null reference return. [/Users/svendaneel/okam/wt-migstackmerge/WebApi.Tests/WebApi.Tests.csproj]
/Users/svendaneel/okam/wt-migstackmerge/WebApi.Tests/Modules/ModuleConfigSectionDeclarationTests.cs(266,15): warning CS8600: Converting null literal or possible null value to non-nullable type. [/Users/svendaneel/okam/wt-migstackmerge/WebApi.Tests/WebApi.Tests.csproj]
/Users/svendaneel/okam/wt-migstackmerge/WebApi.Tests/Modules/ModuleConfigSectionDeclarationTests.cs(265,16): warning CS8603: Possible null reference return. [/Users/svendaneel/okam/wt-migstackmerge/WebApi.Tests/WebApi.Tests.csproj]
/Users/svendaneel/okam/wt-migstackmerge/WebApi.Tests/Modules/ModuleConfigSectionDeclarationTests.cs(273,16): warning CS8603: Possible null reference return. [/Users/svendaneel/okam/wt-migstackmerge/WebApi.Tests/WebApi.Tests.csproj]
/Users/svendaneel/okam/wt-migstackmerge/WebApi.Tests/Wire/InvalidModelStateWireTests.cs(78,42): warning CS8604: Possible null reference argument for parameter 'value' in 'LogLevel Enum.Parse<LogLevel>(string value, bool ignoreCase)'. [/Users/svendaneel/okam/wt-migstackmerge/WebApi.Tests/WebApi.Tests.csproj]
/Users/svendaneel/okam/wt-migstackmerge/WebApi.Tests/Wire/InvalidModelStateWireTests.cs(80,13): warning CS8604: Possible null reference argument for parameter 'value' in 'LogLevel Enum.Parse<LogLevel>(string value, bool ignoreCase)'. [/Users/svendaneel/okam/wt-migstackmerge/WebApi.Tests/WebApi.Tests.csproj]
/Users/svendaneel/okam/wt-migstackmerge/WebApi.Tests/Wire/GrowthWebhookAuthWireTests.cs(144,95): warning CS8625: Cannot convert null literal to non-nullable reference type. [/Users/svendaneel/okam/wt-migstackmerge/WebApi.Tests/WebApi.Tests.csproj]
/Users/svendaneel/okam/wt-migstackmerge/WebApi.Tests/Wire/GrowthPublicIntakeWireTests.cs(321,16): warning CS8603: Possible null reference return. [/Users/svendaneel/okam/wt-migstackmerge/WebApi.Tests/WebApi.Tests.csproj]
/Users/svendaneel/okam/wt-migstackmerge/WebApi.Tests/Wire/GrowthWebhookAuthWireTests.cs(531,16): warning CS8603: Possible null reference return. [/Users/svendaneel/okam/wt-migstackmerge/WebApi.Tests/WebApi.Tests.csproj]
/Users/svendaneel/okam/wt-migstackmerge/WebApi.Tests/Wire/GrowthPrivacyNoticeDeliveryWireTests.cs(192,16): warning CS8603: Possible null reference return. [/Users/svendaneel/okam/wt-migstackmerge/WebApi.Tests/WebApi.Tests.csproj]
/Users/svendaneel/okam/wt-migstackmerge/WebApi.Tests/Wire/GrowthPrivacyNoticeDeliveryWireTests.cs(207,16): warning CS8603: Possible null reference return. [/Users/svendaneel/okam/wt-migstackmerge/WebApi.Tests/WebApi.Tests.csproj]
/Users/svendaneel/okam/wt-migstackmerge/WebApi.Tests/Wire/GrowthPlatformSurfacesWireTests.cs(264,16): warning CS8603: Possible null reference return. [/Users/svendaneel/okam/wt-migstackmerge/WebApi.Tests/WebApi.Tests.csproj]
/Users/svendaneel/okam/wt-migstackmerge/WebApi.Tests/Wire/GrowthDispatchActorWireTests.cs(319,68): warning CS8604: Possible null reference argument for parameter 's' in 'byte[] Encoding.GetBytes(string s)'. [/Users/svendaneel/okam/wt-migstackmerge/WebApi.Tests/WebApi.Tests.csproj]
/Users/svendaneel/okam/wt-migstackmerge/WebApi.Tests/Wire/GrowthDispatchActorWireTests.cs(233,16): warning CS8603: Possible null reference return. [/Users/svendaneel/okam/wt-migstackmerge/WebApi.Tests/WebApi.Tests.csproj]
/Users/svendaneel/okam/wt-migstackmerge/WebApi.Tests/Wire/GrowthConsentAdminWireTests.cs(239,89): warning CS8604: Possible null reference argument for parameter 'input' in 'DateTimeOffset DateTimeOffset.Parse(string input)'. [/Users/svendaneel/okam/wt-migstackmerge/WebApi.Tests/WebApi.Tests.csproj]
/Users/svendaneel/okam/wt-migstackmerge/WebApi.Tests/Wire/GrowthConsentAdminWireTests.cs(399,16): warning CS8603: Possible null reference return. [/Users/svendaneel/okam/wt-migstackmerge/WebApi.Tests/WebApi.Tests.csproj]
/Users/svendaneel/okam/wt-migstackmerge/WebApi.Tests/Wire/GrowthAuditWireTests.cs(178,16): warning CS8603: Possible null reference return. [/Users/svendaneel/okam/wt-migstackmerge/WebApi.Tests/WebApi.Tests.csproj]
/Users/svendaneel/okam/wt-migstackmerge/WebApi.Tests/Wire/EventsGuestOriginConfigurationWireTests.cs(52,27): warning CS8604: Possible null reference argument for parameter 'uriString' in 'Uri.Uri(string uriString, UriKind uriKind)'. [/Users/svendaneel/okam/wt-migstackmerge/WebApi.Tests/WebApi.Tests.csproj]
/Users/svendaneel/okam/wt-migstackmerge/WebApi.Tests/Surfboard/SurfboardTerminalFinalizeE2eTests.cs(135,16): warning CS8619: Nullability of reference types in value of type 'Task<T?>' doesn't match target type 'Task<T>'. [/Users/svendaneel/okam/wt-migstackmerge/WebApi.Tests/WebApi.Tests.csproj]
/Users/svendaneel/okam/wt-migstackmerge/WebApi.Tests/Surfboard/SurfboardTerminalFinalizeE2eTests.cs(138,16): warning CS8619: Nullability of reference types in value of type 'Task<T?>' doesn't match target type 'Task<T>'. [/Users/svendaneel/okam/wt-migstackmerge/WebApi.Tests/WebApi.Tests.csproj]
/Users/svendaneel/okam/wt-migstackmerge/WebApi.Tests/Surfboard/SurfboardTerminalFinalizeE2eTests.cs(141,16): warning CS8619: Nullability of reference types in value of type 'Task<T?>' doesn't match target type 'Task<T>'. [/Users/svendaneel/okam/wt-migstackmerge/WebApi.Tests/WebApi.Tests.csproj]
/Users/svendaneel/okam/wt-migstackmerge/WebApi.Tests/Surfboard/SurfboardRefundTaxTests.cs(201,142): warning CS8619: Nullability of reference types in value of type 'Task<T?>' doesn't match target type 'Task<T>'. [/Users/svendaneel/okam/wt-migstackmerge/WebApi.Tests/WebApi.Tests.csproj]
/Users/svendaneel/okam/wt-migstackmerge/WebApi.Tests/Surfboard/SurfboardRefundTaxTests.cs(203,155): warning CS8619: Nullability of reference types in value of type 'Task<T?>' doesn't match target type 'Task<T>'. [/Users/svendaneel/okam/wt-migstackmerge/WebApi.Tests/WebApi.Tests.csproj]
/Users/svendaneel/okam/wt-migstackmerge/WebApi.Tests/Surfboard/SurfboardRefundTaxTests.cs(205,157): warning CS8619: Nullability of reference types in value of type 'Task<T?>' doesn't match target type 'Task<T>'. [/Users/svendaneel/okam/wt-migstackmerge/WebApi.Tests/WebApi.Tests.csproj]
/Users/svendaneel/okam/wt-migstackmerge/WebApi.Tests/Surfboard/SurfboardRefundTaxTests.cs(207,145): warning CS8619: Nullability of reference types in value of type 'Task<T?>' doesn't match target type 'Task<T>'. [/Users/svendaneel/okam/wt-migstackmerge/WebApi.Tests/WebApi.Tests.csproj]
/Users/svendaneel/okam/wt-migstackmerge/WebApi.Tests/Wire/EventsWireTests.cs(681,16): warning CS8603: Possible null reference return. [/Users/svendaneel/okam/wt-migstackmerge/WebApi.Tests/WebApi.Tests.csproj]
/Users/svendaneel/okam/wt-migstackmerge/WebApi.Tests/Wire/EventsWireTests.cs(699,16): warning CS8603: Possible null reference return. [/Users/svendaneel/okam/wt-migstackmerge/WebApi.Tests/WebApi.Tests.csproj]
/Users/svendaneel/okam/wt-migstackmerge/WebApi.Tests/Wire/EventsWireTests.cs(705,16): warning CS8603: Possible null reference return. [/Users/svendaneel/okam/wt-migstackmerge/WebApi.Tests/WebApi.Tests.csproj]
/Users/svendaneel/okam/wt-migstackmerge/WebApi.Tests/Surfboard/SurfboardCashSplitSmokeTests.cs(106,34): warning CS8600: Converting null literal or possible null value to non-nullable type. [/Users/svendaneel/okam/wt-migstackmerge/WebApi.Tests/WebApi.Tests.csproj]
/Users/svendaneel/okam/wt-migstackmerge/WebApi.Tests/Surfboard/SurfboardCashSplitSmokeTests.cs(150,23): warning CS8618: Non-nullable property 'PaymentId' must contain a non-null value when exiting constructor. Consider declaring the property as nullable. [/Users/svendaneel/okam/wt-migstackmerge/WebApi.Tests/WebApi.Tests.csproj]
/Users/svendaneel/okam/wt-migstackmerge/WebApi.Tests/Surfboard/SurfboardCashSplitSmokeTests.cs(151,23): warning CS8618: Non-nullable property 'PaymentStatus' must contain a non-null value when exiting constructor. Consider declaring the property as nullable. [/Users/svendaneel/okam/wt-migstackmerge/WebApi.Tests/WebApi.Tests.csproj]
/Users/svendaneel/okam/wt-migstackmerge/WebApi.Tests/Surfboard/SurfboardCashSplitSmokeTests.cs(152,23): warning CS8618: Non-nullable property 'PaymentMethod' must contain a non-null value when exiting constructor. Consider declaring the property as nullable. [/Users/svendaneel/okam/wt-migstackmerge/WebApi.Tests/WebApi.Tests.csproj]
/Users/svendaneel/okam/wt-migstackmerge/WebApi.Tests/Surfboard/SurfboardCashSplitSmokeTests.cs(144,23): warning CS8618: Non-nullable property 'OrderStatus' must contain a non-null value when exiting constructor. Consider declaring the property as nullable. [/Users/svendaneel/okam/wt-migstackmerge/WebApi.Tests/WebApi.Tests.csproj]
/Users/svendaneel/okam/wt-migstackmerge/WebApi.Tests/Surfboard/SurfboardCashSplitSmokeTests.cs(145,33): warning CS8618: Non-nullable property 'Payments' must contain a non-null value when exiting constructor. Consider declaring the property as nullable. [/Users/svendaneel/okam/wt-migstackmerge/WebApi.Tests/WebApi.Tests.csproj]
/Users/svendaneel/okam/wt-migstackmerge/WebApi.Tests/Surfboard/SurfboardCashSplitSmokeTests.cs(139,23): warning CS8618: Non-nullable property 'PaymentId' must contain a non-null value when exiting constructor. Consider declaring the property as nullable. [/Users/svendaneel/okam/wt-migstackmerge/WebApi.Tests/WebApi.Tests.csproj]
/Users/svendaneel/okam/wt-migstackmerge/WebApi.Tests/Surfboard/SurfboardCashSplitSmokeTests.cs(133,23): warning CS8618: Non-nullable property 'OrderId' must contain a non-null value when exiting constructor. Consider declaring the property as nullable. [/Users/svendaneel/okam/wt-migstackmerge/WebApi.Tests/WebApi.Tests.csproj]
/Users/svendaneel/okam/wt-migstackmerge/WebApi.Tests/Surfboard/SurfboardCashSplitSmokeTests.cs(134,23): warning CS8618: Non-nullable property 'PaymentId' must contain a non-null value when exiting constructor. Consider declaring the property as nullable. [/Users/svendaneel/okam/wt-migstackmerge/WebApi.Tests/WebApi.Tests.csproj]
/Users/svendaneel/okam/wt-migstackmerge/WebApi.Tests/Surfboard/SurfboardCashPointTerminalStatusTests.cs(61,95): warning CS8625: Cannot convert null literal to non-nullable reference type. [/Users/svendaneel/okam/wt-migstackmerge/WebApi.Tests/WebApi.Tests.csproj]
/Users/svendaneel/okam/wt-migstackmerge/WebApi.Tests/Surfboard/SurfboardCallbackConcurrencyTests.cs(210,30): warning CS8618: Non-nullable property 'WebRootFileProvider' must contain a non-null value when exiting constructor. Consider declaring the property as nullable. [/Users/svendaneel/okam/wt-migstackmerge/WebApi.Tests/WebApi.Tests.csproj]
/Users/svendaneel/okam/wt-migstackmerge/WebApi.Tests/Surfboard/SurfboardCallbackConcurrencyTests.cs(212,30): warning CS8618: Non-nullable property 'ContentRootFileProvider' must contain a non-null value when exiting constructor. Consider declaring the property as nullable. [/Users/svendaneel/okam/wt-migstackmerge/WebApi.Tests/WebApi.Tests.csproj]
/Users/svendaneel/okam/wt-migstackmerge/WebApi.Tests/Training/TrainingServiceKit.cs(122,13): warning CS8625: Cannot convert null literal to non-nullable reference type. [/Users/svendaneel/okam/wt-migstackmerge/WebApi.Tests/WebApi.Tests.csproj]
/Users/svendaneel/okam/wt-migstackmerge/WebApi.Tests/Training/TrainingLineageCatalog.cs(29,24): warning CS8604: Possible null reference argument for parameter 'item' in 'void List<string>.Add(string item)'. [/Users/svendaneel/okam/wt-migstackmerge/WebApi.Tests/WebApi.Tests.csproj]
/Users/svendaneel/okam/wt-migstackmerge/WebApi.Tests/Training/TrainingLineageCatalog.cs(44,16): warning CS8600: Converting null literal or possible null value to non-nullable type. [/Users/svendaneel/okam/wt-migstackmerge/WebApi.Tests/WebApi.Tests.csproj]
/Users/svendaneel/okam/wt-migstackmerge/WebApi.Tests/Training/TrainingLineageCatalog.cs(44,16): warning CS8603: Possible null reference return. [/Users/svendaneel/okam/wt-migstackmerge/WebApi.Tests/WebApi.Tests.csproj]
/Users/svendaneel/okam/wt-migstackmerge/WebApi.Tests/Training/TrainingLineageCatalog.cs(192,20): warning CS8619: Nullability of reference types in value of type '(bool, bool, string?, string?)' doesn't match target type '(bool Found, bool Disabled, string Events, string Definition)'. [/Users/svendaneel/okam/wt-migstackmerge/WebApi.Tests/WebApi.Tests.csproj]
/Users/svendaneel/okam/wt-migstackmerge/WebApi.Tests/Training/TrainingLineageCatalog.cs(193,16): warning CS8619: Nullability of reference types in value of type '(bool, bool, string?, string?)' doesn't match target type '(bool Found, bool Disabled, string Events, string Definition)'. [/Users/svendaneel/okam/wt-migstackmerge/WebApi.Tests/WebApi.Tests.csproj]
/Users/svendaneel/okam/wt-migstackmerge/WebApi.Tests/Training/TrainingHarness.cs(58,48): warning CS8625: Cannot convert null literal to non-nullable reference type. [/Users/svendaneel/okam/wt-migstackmerge/WebApi.Tests/WebApi.Tests.csproj]
/Users/svendaneel/okam/wt-migstackmerge/WebApi.Tests/Training/TrainingHarness.cs(93,36): warning CS8625: Cannot convert null literal to non-nullable reference type. [/Users/svendaneel/okam/wt-migstackmerge/WebApi.Tests/WebApi.Tests.csproj]
/Users/svendaneel/okam/wt-migstackmerge/WebApi.Tests/Training/TrainingFlagConsumptionTests.cs(95,54): warning CS8600: Converting null literal or possible null value to non-nullable type. [/Users/svendaneel/okam/wt-migstackmerge/WebApi.Tests/WebApi.Tests.csproj]
/Users/svendaneel/okam/wt-migstackmerge/WebApi.Tests/Training/TrainingFlagCensusCoverageTests.cs(107,44): warning CS8604: Possible null reference argument for parameter 'template' in 'string TrainingFlagCensusCoverageTests.Canonical(string verb, string template)'. [/Users/svendaneel/okam/wt-migstackmerge/WebApi.Tests/WebApi.Tests.csproj]
/Users/svendaneel/okam/wt-migstackmerge/WebApi.Tests/Training/TrainingCourseVersionImmutabilityTests.cs(145,16): warning CS8603: Possible null reference return. [/Users/svendaneel/okam/wt-migstackmerge/WebApi.Tests/WebApi.Tests.csproj]
/Users/svendaneel/okam/wt-migstackmerge/WebApi.Tests/Training/TrainingContentHashIntegrityTests.cs(297,71): warning CS8602: Dereference of a possibly null reference. [/Users/svendaneel/okam/wt-migstackmerge/WebApi.Tests/WebApi.Tests.csproj]
/Users/svendaneel/okam/wt-migstackmerge/WebApi.Tests/Training/TrainingDerivedVerdictTests.cs(393,16): warning CS8603: Possible null reference return. [/Users/svendaneel/okam/wt-migstackmerge/WebApi.Tests/WebApi.Tests.csproj]
/Users/svendaneel/okam/wt-migstackmerge/WebApi.Tests/Growth/GrowthFeatureFlagGateTests.cs(55,12): warning CS8618: Non-nullable field '_connection' must contain a non-null value when exiting constructor. Consider declaring the field as nullable. [/Users/svendaneel/okam/wt-migstackmerge/WebApi.Tests/WebApi.Tests.csproj]
/Users/svendaneel/okam/wt-migstackmerge/WebApi.Tests/Training/TrainingFeatureFlagCompositionTests.cs(29,30): warning CS8618: Non-nullable field '_connection' must contain a non-null value when exiting constructor. Consider declaring the field as nullable. [/Users/svendaneel/okam/wt-migstackmerge/WebApi.Tests/WebApi.Tests.csproj]
/Users/svendaneel/okam/wt-migstackmerge/WebApi.Tests/Training/TrainingFeatureFlagCompositionTests.cs(30,29): warning CS8618: Non-nullable field '_provider' must contain a non-null value when exiting constructor. Consider declaring the field as nullable. [/Users/svendaneel/okam/wt-migstackmerge/WebApi.Tests/WebApi.Tests.csproj]
/Users/svendaneel/okam/wt-migstackmerge/WebApi.Tests/Growth/GrowthKillSwitchTests.cs(131,16): warning CS8618: Non-nullable property 'OnAfterRead' must contain a non-null value when exiting constructor. Consider declaring the property as nullable. [/Users/svendaneel/okam/wt-migstackmerge/WebApi.Tests/WebApi.Tests.csproj]
/Users/svendaneel/okam/wt-migstackmerge/WebApi.Tests/Growth/GrowthDispatchUnsubscribeHeaderTests.cs(143,102): warning CS8625: Cannot convert null literal to non-nullable reference type. [/Users/svendaneel/okam/wt-migstackmerge/WebApi.Tests/WebApi.Tests.csproj]
/Users/svendaneel/okam/wt-migstackmerge/WebApi.Tests/Growth/GrowthDispatchUnsubscribeHeaderTests.cs(189,93): warning CS8625: Cannot convert null literal to non-nullable reference type. [/Users/svendaneel/okam/wt-migstackmerge/WebApi.Tests/WebApi.Tests.csproj]
/Users/svendaneel/okam/wt-migstackmerge/WebApi.Tests/Meals/MealsStatementJournalTruthOracleTests.cs(303,27): warning CS8629: Nullable value type may be null. [/Users/svendaneel/okam/wt-migstackmerge/WebApi.Tests/WebApi.Tests.csproj]
/Users/svendaneel/okam/wt-migstackmerge/WebApi.Tests/Meals/MealsStatementJournalTruthOracleTests.cs(304,31): warning CS8629: Nullable value type may be null. [/Users/svendaneel/okam/wt-migstackmerge/WebApi.Tests/WebApi.Tests.csproj]
/Users/svendaneel/okam/wt-migstackmerge/WebApi.Tests/Meals/MealsRouteGateMap.cs(220,56): warning CS8600: Converting null literal or possible null value to non-nullable type. [/Users/svendaneel/okam/wt-migstackmerge/WebApi.Tests/WebApi.Tests.csproj]
/Users/svendaneel/okam/wt-migstackmerge/WebApi.Tests/Meals/MealsRouteGateMap.cs(251,20): warning CS8603: Possible null reference return. [/Users/svendaneel/okam/wt-migstackmerge/WebApi.Tests/WebApi.Tests.csproj]
/Users/svendaneel/okam/wt-migstackmerge/WebApi.Tests/Meals/MealsRouteGateMap.cs(257,55): warning CS8600: Converting null literal or possible null value to non-nullable type. [/Users/svendaneel/okam/wt-migstackmerge/WebApi.Tests/WebApi.Tests.csproj]
/Users/svendaneel/okam/wt-migstackmerge/WebApi.Tests/Meals/MealsRouteGateMap.cs(269,16): warning CS8603: Possible null reference return. [/Users/svendaneel/okam/wt-migstackmerge/WebApi.Tests/WebApi.Tests.csproj]
/Users/svendaneel/okam/wt-migstackmerge/WebApi.Tests/Meals/MealsRouteGateReachabilityTests.cs(193,79): warning CS8600: Converting null literal or possible null value to non-nullable type. [/Users/svendaneel/okam/wt-migstackmerge/WebApi.Tests/WebApi.Tests.csproj]
/Users/svendaneel/okam/wt-migstackmerge/WebApi.Tests/Meals/MealsRouteGateMap.cs(345,20): warning CS8603: Possible null reference return. [/Users/svendaneel/okam/wt-migstackmerge/WebApi.Tests/WebApi.Tests.csproj]
/Users/svendaneel/okam/wt-migstackmerge/WebApi.Tests/Meals/MealsRouteGateMap.cs(348,33): warning CS8604: Possible null reference argument for parameter 'source' in 'IReadOnlyDictionary<string, string> MealsRouteGateMap.FieldTypes(string source)'. [/Users/svendaneel/okam/wt-migstackmerge/WebApi.Tests/WebApi.Tests.csproj]
/Users/svendaneel/okam/wt-migstackmerge/WebApi.Tests/Meals/MealsRouteGateMap.cs(352,55): warning CS8600: Converting null literal or possible null value to non-nullable type. [/Users/svendaneel/okam/wt-migstackmerge/WebApi.Tests/WebApi.Tests.csproj]
/Users/svendaneel/okam/wt-migstackmerge/WebApi.Tests/Meals/MealsRouteGateMap.cs(359,16): warning CS8603: Possible null reference return. [/Users/svendaneel/okam/wt-migstackmerge/WebApi.Tests/WebApi.Tests.csproj]
/Users/svendaneel/okam/wt-migstackmerge/WebApi.Tests/Meals/MealsRouteGateMap.cs(371,20): warning CS8603: Possible null reference return. [/Users/svendaneel/okam/wt-migstackmerge/WebApi.Tests/WebApi.Tests.csproj]
/Users/svendaneel/okam/wt-migstackmerge/WebApi.Tests/Meals/MealsRouteGateMap.cs(378,20): warning CS8603: Possible null reference return. [/Users/svendaneel/okam/wt-migstackmerge/WebApi.Tests/WebApi.Tests.csproj]
/Users/svendaneel/okam/wt-migstackmerge/WebApi.Tests/Meals/MealsRouteGateMap.cs(384,20): warning CS8603: Possible null reference return. [/Users/svendaneel/okam/wt-migstackmerge/WebApi.Tests/WebApi.Tests.csproj]
/Users/svendaneel/okam/wt-migstackmerge/WebApi.Tests/Meals/MealsRouteGateMap.cs(389,57): warning CS8600: Converting null literal or possible null value to non-nullable type. [/Users/svendaneel/okam/wt-migstackmerge/WebApi.Tests/WebApi.Tests.csproj]
/Users/svendaneel/okam/wt-migstackmerge/WebApi.Tests/Meals/MealsRouteGateMap.cs(389,16): warning CS8603: Possible null reference return. [/Users/svendaneel/okam/wt-migstackmerge/WebApi.Tests/WebApi.Tests.csproj]
/Users/svendaneel/okam/wt-migstackmerge/WebApi.Tests/Meals/MealsRouteGateMap.cs(402,60): warning CS8600: Converting null literal or possible null value to non-nullable type. [/Users/svendaneel/okam/wt-migstackmerge/WebApi.Tests/WebApi.Tests.csproj]
/Users/svendaneel/okam/wt-migstackmerge/WebApi.Tests/Meals/MealsRouteGateMap.cs(402,16): warning CS8603: Possible null reference return. [/Users/svendaneel/okam/wt-migstackmerge/WebApi.Tests/WebApi.Tests.csproj]
/Users/svendaneel/okam/wt-migstackmerge/WebApi.Tests/Meals/MealsRouteGateMap.cs(409,71): warning CS8600: Converting null literal or possible null value to non-nullable type. [/Users/svendaneel/okam/wt-migstackmerge/WebApi.Tests/WebApi.Tests.csproj]
/Users/svendaneel/okam/wt-migstackmerge/WebApi.Tests/Meals/MealsRouteGateMap.cs(409,16): warning CS8603: Possible null reference return. [/Users/svendaneel/okam/wt-migstackmerge/WebApi.Tests/WebApi.Tests.csproj]
/Users/svendaneel/okam/wt-migstackmerge/WebApi.Tests/Meals/MealsStatementTestHost.cs(68,37): warning CS8618: Non-nullable property 'Context' must contain a non-null value when exiting constructor. Consider declaring the property as nullable. [/Users/svendaneel/okam/wt-migstackmerge/WebApi.Tests/WebApi.Tests.csproj]
/Users/svendaneel/okam/wt-migstackmerge/WebApi.Tests/Meals/MealsStatementTestHost.cs(69,32): warning CS8618: Non-nullable property 'Gate' must contain a non-null value when exiting constructor. Consider declaring the property as nullable. [/Users/svendaneel/okam/wt-migstackmerge/WebApi.Tests/WebApi.Tests.csproj]
/Users/svendaneel/okam/wt-migstackmerge/WebApi.Tests/Meals/MealsStatementTestHost.cs(70,32): warning CS8618: Non-nullable property 'StoreAccess' must contain a non-null value when exiting constructor. Consider declaring the property as nullable. [/Users/svendaneel/okam/wt-migstackmerge/WebApi.Tests/WebApi.Tests.csproj]
/Users/svendaneel/okam/wt-migstackmerge/WebApi.Tests/Meals/MealsStatementTestHost.cs(71,38): warning CS8618: Non-nullable property 'Statements' must contain a non-null value when exiting constructor. Consider declaring the property as nullable. [/Users/svendaneel/okam/wt-migstackmerge/WebApi.Tests/WebApi.Tests.csproj]
/Users/svendaneel/okam/wt-migstackmerge/WebApi.Tests/Meals/MealsStatementTestHost.cs(72,44): warning CS8618: Non-nullable property 'Export' must contain a non-null value when exiting constructor. Consider declaring the property as nullable. [/Users/svendaneel/okam/wt-migstackmerge/WebApi.Tests/WebApi.Tests.csproj]
/Users/svendaneel/okam/wt-migstackmerge/WebApi.Tests/Meals/MealsStatementTestHost.cs(73,43): warning CS8618: Non-nullable property 'Reconciliation' must contain a non-null value when exiting constructor. Consider declaring the property as nullable. [/Users/svendaneel/okam/wt-migstackmerge/WebApi.Tests/WebApi.Tests.csproj]
/Users/svendaneel/okam/wt-migstackmerge/WebApi.Tests/Growth/GrowthMigrationLineageTests.cs(332,24): warning CS8620: Argument of type '(string cols, string? filter)' cannot be used for parameter 'item' of type '(string, string)' in 'void List<(string, string)>.Add((string, string) item)' due to differences in the nullability of reference types. [/Users/svendaneel/okam/wt-migstackmerge/WebApi.Tests/WebApi.Tests.csproj]
/Users/svendaneel/okam/wt-migstackmerge/WebApi.Tests/Growth/GrowthMigrationLineageTests.cs(367,16): warning CS8600: Converting null literal or possible null value to non-nullable type. [/Users/svendaneel/okam/wt-migstackmerge/WebApi.Tests/WebApi.Tests.csproj]
/Users/svendaneel/okam/wt-migstackmerge/WebApi.Tests/Growth/GrowthMigrationLineageTests.cs(367,16): warning CS8603: Possible null reference return. [/Users/svendaneel/okam/wt-migstackmerge/WebApi.Tests/WebApi.Tests.csproj]
/Users/svendaneel/okam/wt-migstackmerge/WebApi.Tests/Meals/MealsStatementSqlServerTests.cs(74,23): warning CS8618: Non-nullable property 'Code' must contain a non-null value when exiting constructor. Consider declaring the property as nullable. [/Users/svendaneel/okam/wt-migstackmerge/WebApi.Tests/WebApi.Tests.csproj]
/Users/svendaneel/okam/wt-migstackmerge/WebApi.Tests/Meals/MealsMembershipTestHost.cs(70,42): warning CS8604: Possible null reference argument for parameter 'interceptor' in 'ApplicationDbContext MealsHarness.NewContext(ISaveChangesInterceptor interceptor = null)'. [/Users/svendaneel/okam/wt-migstackmerge/WebApi.Tests/WebApi.Tests.csproj]
/Users/svendaneel/okam/wt-migstackmerge/WebApi.Tests/Meals/MealsMembershipTestHost.cs(117,94): warning CS8604: Possible null reference argument for parameter 'email' in 'void MealsWorld.SeedAccount(ApplicationDbContext context, string userId, string phoneNumber, string email)'. [/Users/svendaneel/okam/wt-migstackmerge/WebApi.Tests/WebApi.Tests.csproj]
/Users/svendaneel/okam/wt-migstackmerge/WebApi.Tests/Meals/MealsLineageCatalog.cs(115,25): warning CS8600: Converting null literal or possible null value to non-nullable type. [/Users/svendaneel/okam/wt-migstackmerge/WebApi.Tests/WebApi.Tests.csproj]
/Users/svendaneel/okam/wt-migstackmerge/WebApi.Tests/Meals/MealsLineageCatalog.cs(115,38): warning CS8600: Converting null literal or possible null value to non-nullable type. [/Users/svendaneel/okam/wt-migstackmerge/WebApi.Tests/WebApi.Tests.csproj]
/Users/svendaneel/okam/wt-migstackmerge/WebApi.Tests/Meals/MealsLineageCatalog.cs(119,22): warning CS8600: Converting null literal or possible null value to non-nullable type. [/Users/svendaneel/okam/wt-migstackmerge/WebApi.Tests/WebApi.Tests.csproj]
/Users/svendaneel/okam/wt-migstackmerge/WebApi.Tests/Meals/MealsLineageCatalog.cs(122,16): warning CS8619: Nullability of reference types in value of type '(string? cols, string? filter)' doesn't match target type '(string Columns, string Filter)'. [/Users/svendaneel/okam/wt-migstackmerge/WebApi.Tests/WebApi.Tests.csproj]
/Users/svendaneel/okam/wt-migstackmerge/WebApi.Tests/Meals/MealsRouteGateMap.cs(551,16): warning CS8603: Possible null reference return. [/Users/svendaneel/okam/wt-migstackmerge/WebApi.Tests/WebApi.Tests.csproj]
/Users/svendaneel/okam/wt-migstackmerge/WebApi.Tests/Meals/MealsRouteGateMap.cs(610,16): warning CS8603: Possible null reference return. [/Users/svendaneel/okam/wt-migstackmerge/WebApi.Tests/WebApi.Tests.csproj]
/Users/svendaneel/okam/wt-migstackmerge/WebApi.Tests/Meals/MealsLineageCatalog.cs(177,16): warning CS8603: Possible null reference return. [/Users/svendaneel/okam/wt-migstackmerge/WebApi.Tests/WebApi.Tests.csproj]
/Users/svendaneel/okam/wt-migstackmerge/WebApi.Tests/Meals/MealsRouteGateMap.cs(629,24): warning CS8603: Possible null reference return. [/Users/svendaneel/okam/wt-migstackmerge/WebApi.Tests/WebApi.Tests.csproj]
/Users/svendaneel/okam/wt-migstackmerge/WebApi.Tests/Meals/MealsRouteGateMap.cs(635,20): warning CS8603: Possible null reference return. [/Users/svendaneel/okam/wt-migstackmerge/WebApi.Tests/WebApi.Tests.csproj]
/Users/svendaneel/okam/wt-migstackmerge/WebApi.Tests/Meals/MealsRouteGateMap.cs(655,16): warning CS8603: Possible null reference return. [/Users/svendaneel/okam/wt-migstackmerge/WebApi.Tests/WebApi.Tests.csproj]
/Users/svendaneel/okam/wt-migstackmerge/WebApi.Tests/Meals/MealsRouteGateReachabilityTests.cs(536,16): warning CS8603: Possible null reference return. [/Users/svendaneel/okam/wt-migstackmerge/WebApi.Tests/WebApi.Tests.csproj]
/Users/svendaneel/okam/wt-migstackmerge/WebApi.Tests/Meals/MealsRouteGateReachabilityTests.cs(549,20): warning CS8603: Possible null reference return. [/Users/svendaneel/okam/wt-migstackmerge/WebApi.Tests/WebApi.Tests.csproj]
/Users/svendaneel/okam/wt-migstackmerge/WebApi.Tests/Meals/MealsRouteGateReachabilityTests.cs(556,15): warning CS8600: Converting null literal or possible null value to non-nullable type. [/Users/svendaneel/okam/wt-migstackmerge/WebApi.Tests/WebApi.Tests.csproj]
/Users/svendaneel/okam/wt-migstackmerge/WebApi.Tests/Meals/MealsRouteGateReachabilityTests.cs(555,16): warning CS8603: Possible null reference return. [/Users/svendaneel/okam/wt-migstackmerge/WebApi.Tests/WebApi.Tests.csproj]
/Users/svendaneel/okam/wt-migstackmerge/WebApi.Tests/Meals/MealsRouteGateReachabilityTests.cs(561,12): warning CS8603: Possible null reference return. [/Users/svendaneel/okam/wt-migstackmerge/WebApi.Tests/WebApi.Tests.csproj]
/Users/svendaneel/okam/wt-migstackmerge/WebApi.Tests/Meals/MealsRouteGateReachabilityTests.cs(564,12): warning CS8603: Possible null reference return. [/Users/svendaneel/okam/wt-migstackmerge/WebApi.Tests/WebApi.Tests.csproj]
/Users/svendaneel/okam/wt-migstackmerge/WebApi.Tests/Meals/MealsRouteGateReachabilityTests.cs(416,23): warning CS8618: Non-nullable property 'Section' must contain a non-null value when exiting constructor. Consider declaring the property as nullable. [/Users/svendaneel/okam/wt-migstackmerge/WebApi.Tests/WebApi.Tests.csproj]
/Users/svendaneel/okam/wt-migstackmerge/WebApi.Tests/Meals/MealsRouteGateReachabilityTests.cs(418,23): warning CS8618: Non-nullable property 'DeclaredIn' must contain a non-null value when exiting constructor. Consider declaring the property as nullable. [/Users/svendaneel/okam/wt-migstackmerge/WebApi.Tests/WebApi.Tests.csproj]
/Users/svendaneel/okam/wt-migstackmerge/WebApi.Tests/Meals/MealsRouteGateReachabilityTests.cs(420,23): warning CS8618: Non-nullable property 'BindingMethod' must contain a non-null value when exiting constructor. Consider declaring the property as nullable. [/Users/svendaneel/okam/wt-migstackmerge/WebApi.Tests/WebApi.Tests.csproj]
/Users/svendaneel/okam/wt-migstackmerge/WebApi.Tests/Meals/MealsHarness.cs(76,45): warning CS8625: Cannot convert null literal to non-nullable reference type. [/Users/svendaneel/okam/wt-migstackmerge/WebApi.Tests/WebApi.Tests.csproj]
/Users/svendaneel/okam/wt-migstackmerge/WebApi.Tests/Meals/MealsHarness.cs(110,33): warning CS8625: Cannot convert null literal to non-nullable reference type. [/Users/svendaneel/okam/wt-migstackmerge/WebApi.Tests/WebApi.Tests.csproj]
/Users/svendaneel/okam/wt-migstackmerge/WebApi.Tests/Meals/MealsDeliveryReceiptSqlServerTests.cs(349,46): warning CS8601: Possible null reference assignment. [/Users/svendaneel/okam/wt-migstackmerge/WebApi.Tests/WebApi.Tests.csproj]
/Users/svendaneel/okam/wt-migstackmerge/WebApi.Tests/Meals/MealsMembershipSqlServerTests.cs(199,32): warning CS8600: Converting null literal or possible null value to non-nullable type. [/Users/svendaneel/okam/wt-migstackmerge/WebApi.Tests/WebApi.Tests.csproj]
/Users/svendaneel/okam/wt-migstackmerge/WebApi.Tests/Meals/MealsMembershipSqlServerTests.cs(199,32): warning CS8604: Possible null reference argument for parameter 'item' in 'void List<string>.Add(string item)'. [/Users/svendaneel/okam/wt-migstackmerge/WebApi.Tests/WebApi.Tests.csproj]
/Users/svendaneel/okam/wt-migstackmerge/WebApi.Tests/Meals/MealsDarkSurfaceIndistinguishabilityTests.cs(433,120): warning CS8625: Cannot convert null literal to non-nullable reference type. [/Users/svendaneel/okam/wt-migstackmerge/WebApi.Tests/WebApi.Tests.csproj]
/Users/svendaneel/okam/wt-migstackmerge/WebApi.Tests/Meals/MealsCompanyContractTests.cs(103,52): warning CS8625: Cannot convert null literal to non-nullable reference type. [/Users/svendaneel/okam/wt-migstackmerge/WebApi.Tests/WebApi.Tests.csproj]
/Users/svendaneel/okam/wt-migstackmerge/WebApi.Tests/Meals/MealsCheckoutJourneyKit.cs(79,27): warning CS8618: Non-nullable property 'Order' must contain a non-null value when exiting constructor. Consider declaring the property as nullable. [/Users/svendaneel/okam/wt-migstackmerge/WebApi.Tests/WebApi.Tests.csproj]
/Users/svendaneel/okam/wt-migstackmerge/WebApi.Tests/Meals/MealsCheckoutJourneyKit.cs(203,20): warning CS8619: Nullability of reference types in value of type 'Task<Cart?>' doesn't match target type 'Task<Cart>'. [/Users/svendaneel/okam/wt-migstackmerge/WebApi.Tests/WebApi.Tests.csproj]
/Users/svendaneel/okam/wt-migstackmerge/WebApi.Tests/Meals/MealsFeatureFlagCompositionTests.cs(44,30): warning CS8618: Non-nullable field '_connection' must contain a non-null value when exiting constructor. Consider declaring the field as nullable. [/Users/svendaneel/okam/wt-migstackmerge/WebApi.Tests/WebApi.Tests.csproj]
/Users/svendaneel/okam/wt-migstackmerge/WebApi.Tests/Workforce/WorkforceRequestsDecisionSqlServerTests.cs(66,9): warning xUnit2013: Do not use Assert.Equal() to check for collection size. Use Assert.Single instead. (https://xunit.net/xunit.analyzers/rules/xUnit2013) [/Users/svendaneel/okam/wt-migstackmerge/WebApi.Tests/WebApi.Tests.csproj]
/Users/svendaneel/okam/wt-migstackmerge/WebApi.Tests/Workforce/SchedulePublishSqlServerTests.cs(184,52): warning EF1002: Method 'ExecuteSqlRawAsync' inserts interpolated strings directly into the SQL, without any protection against SQL injection. Consider using 'ExecuteSqlAsync' instead, which protects against SQL injection, or make sure that the value is sanitized and suppress the warning. [/Users/svendaneel/okam/wt-migstackmerge/WebApi.Tests/WebApi.Tests.csproj]
/Users/svendaneel/okam/wt-migstackmerge/WebApi.Tests/Wire/PdfRendererOutageWireTests.cs(80,16): warning xUnit1026: Theory method 'A_renderer_outage_is_a_handled_502_on_every_download_route' on test class 'PdfRendererOutageWireTests' does not use parameter 'what'. Use the parameter, or remove the parameter and associated data. (https://xunit.net/xunit.analyzers/rules/xUnit1026) [/Users/svendaneel/okam/wt-migstackmerge/WebApi.Tests/WebApi.Tests.csproj]
/Users/svendaneel/okam/wt-migstackmerge/WebApi.Tests/Training/TrainingEvidenceReadTests.cs(207,9): warning xUnit2013: Do not use Assert.Equal() to check for collection size. Use Assert.Single instead. (https://xunit.net/xunit.analyzers/rules/xUnit2013) [/Users/svendaneel/okam/wt-migstackmerge/WebApi.Tests/WebApi.Tests.csproj]
  WebApi.Tests -> /Users/svendaneel/okam/wt-migstackmerge/WebApi.Tests/bin/Debug/net8.0/WebApi.Tests.dll
Test run for /Users/svendaneel/okam/wt-migstackmerge/WebApi.Tests/bin/Debug/net8.0/WebApi.Tests.dll (.NETCoreApp,Version=v8.0)
Microsoft (R) Test Execution Command Line Tool Version 17.8.0 (arm64)
Copyright (c) Microsoft Corporation.  All rights reserved.

Starting test execution, please wait...
A total of 1 test files matched the specified pattern.
warn: Microsoft.EntityFrameworkCore.Model.Validation[10622]
      Entity 'Order' has a global query filter defined and is the required end of a relationship with the entity 'CheckSplit'. This may lead to unexpected results when the required entity is filtered out. Either configure the navigation as optional, or define matching query filters for both entities in the navigation. See https://go.microsoft.com/fwlink/?linkid=2131316 for more information.
warn: Microsoft.EntityFrameworkCore.Model.Validation[10622]
      Entity 'Order' has a global query filter defined and is the required end of a relationship with the entity 'OrderPayment'. This may lead to unexpected results when the required entity is filtered out. Either configure the navigation as optional, or define matching query filters for both entities in the navigation. See https://go.microsoft.com/fwlink/?linkid=2131316 for more information.
warn: Microsoft.EntityFrameworkCore.Model.Validation[10622]
      Entity 'Order' has a global query filter defined and is the required end of a relationship with the entity 'PosSettlement'. This may lead to unexpected results when the required entity is filtered out. Either configure the navigation as optional, or define matching query filters for both entities in the navigation. See https://go.microsoft.com/fwlink/?linkid=2131316 for more information.
warn: Microsoft.EntityFrameworkCore.Model.Validation[10622]
      Entity 'Order' has a global query filter defined and is the required end of a relationship with the entity 'RegularDiscountUsage'. This may lead to unexpected results when the required entity is filtered out. Either configure the navigation as optional, or define matching query filters for both entities in the navigation. See https://go.microsoft.com/fwlink/?linkid=2131316 for more information.
warn: Microsoft.EntityFrameworkCore.Model.Validation[10622]
      Entity 'Order' has a global query filter defined and is the required end of a relationship with the entity 'WoltDeliveryInfo'. This may lead to unexpected results when the required entity is filtered out. Either configure the navigation as optional, or define matching query filters for both entities in the navigation. See https://go.microsoft.com/fwlink/?linkid=2131316 for more information.
warn: Microsoft.EntityFrameworkCore.Model.Validation[20601]
      The 'TerminalProvider' property 'TerminalProvider' on entity type 'Store' is configured with a database-generated default, but has no configured sentinel value. The database-generated default will always be used for inserts when the property has the value 'Auto', since this is the CLR default for the 'TerminalProvider' type. Consider using a nullable type, using a nullable backing field, or setting the sentinel value for the property to ensure the database default is used when, and only when, appropriate. See https://aka.ms/efcore-docs-default-values for more information.
info: Microsoft.EntityFrameworkCore.Database.Command[20101]
      Executed DbCommand (3ms) [Parameters=[@__name_0='?' (Size = 13)], CommandType='Text', CommandTimeout='30']
      SELECT "o"."Id", "o"."ConcurrencyToken", "o"."Description", "o"."Descriptions", "o"."DisplayName", "o"."DisplayNames", "o"."Name", "o"."Properties", "o"."Resources"
      FROM "OpenIddictScopes" AS "o"
      WHERE "o"."Name" = @__name_0
      LIMIT 1
info: Microsoft.EntityFrameworkCore.Database.Command[20101]
      Executed DbCommand (0ms) [Parameters=[@__name_0='?' (Size = 13)], CommandType='Text', CommandTimeout='30']
      SELECT "o"."Id", "o"."ConcurrencyToken", "o"."Description", "o"."Descriptions", "o"."DisplayName", "o"."DisplayNames", "o"."Name", "o"."Properties", "o"."Resources"
      FROM "OpenIddictScopes" AS "o"
      WHERE "o"."Name" = @__name_0
      LIMIT 1
info: Microsoft.EntityFrameworkCore.Database.Command[20101]
      Executed DbCommand (0ms) [Parameters=[@p0='?' (Size = 36), @p1='?' (Size = 36), @p2='?' (Size = 67), @p3='?', @p4='?' (Size = 38), @p5='?', @p6='?' (Size = 13), @p7='?', @p8='?' (Size = 29)], CommandType='Text', CommandTimeout='30']
      INSERT INTO "OpenIddictScopes" ("Id", "ConcurrencyToken", "Description", "Descriptions", "DisplayName", "DisplayNames", "Name", "Properties", "Resources")
      VALUES (@p0, @p1, @p2, @p3, @p4, @p5, @p6, @p7, @p8);
info: Microsoft.EntityFrameworkCore.Database.Command[20101]
      Executed DbCommand (0ms) [Parameters=[@__name_0='?' (Size = 13)], CommandType='Text', CommandTimeout='30']
      SELECT "o"."Id", "o"."ConcurrencyToken", "o"."Description", "o"."Descriptions", "o"."DisplayName", "o"."DisplayNames", "o"."Name", "o"."Properties", "o"."Resources"
      FROM "OpenIddictScopes" AS "o"
      WHERE "o"."Name" = @__name_0
      LIMIT 1
info: Microsoft.EntityFrameworkCore.Database.Command[20101]
      Executed DbCommand (0ms) [Parameters=[@__name_0='?' (Size = 13)], CommandType='Text', CommandTimeout='30']
      SELECT "o"."Id", "o"."ConcurrencyToken", "o"."Description", "o"."Descriptions", "o"."DisplayName", "o"."DisplayNames", "o"."Name", "o"."Properties", "o"."Resources"
      FROM "OpenIddictScopes" AS "o"
      WHERE "o"."Name" = @__name_0
      LIMIT 1
info: Microsoft.EntityFrameworkCore.Database.Command[20101]
      Executed DbCommand (0ms) [Parameters=[@p0='?' (Size = 36), @p1='?' (Size = 36), @p2='?' (Size = 73), @p3='?', @p4='?' (Size = 16), @p5='?', @p6='?' (Size = 13), @p7='?', @p8='?' (Size = 29)], CommandType='Text', CommandTimeout='30']
      INSERT INTO "OpenIddictScopes" ("Id", "ConcurrencyToken", "Description", "Descriptions", "DisplayName", "DisplayNames", "Name", "Properties", "Resources")
      VALUES (@p0, @p1, @p2, @p3, @p4, @p5, @p6, @p7, @p8);
info: Microsoft.EntityFrameworkCore.Database.Command[20101]
      Executed DbCommand (0ms) [Parameters=[@__name_0='?' (Size = 17)], CommandType='Text', CommandTimeout='30']
      SELECT "o"."Id", "o"."ConcurrencyToken", "o"."Description", "o"."Descriptions", "o"."DisplayName", "o"."DisplayNames", "o"."Name", "o"."Properties", "o"."Resources"
      FROM "OpenIddictScopes" AS "o"
      WHERE "o"."Name" = @__name_0
      LIMIT 1
info: Microsoft.EntityFrameworkCore.Database.Command[20101]
      Executed DbCommand (0ms) [Parameters=[@__name_0='?' (Size = 17)], CommandType='Text', CommandTimeout='30']
      SELECT "o"."Id", "o"."ConcurrencyToken", "o"."Description", "o"."Descriptions", "o"."DisplayName", "o"."DisplayNames", "o"."Name", "o"."Properties", "o"."Resources"
      FROM "OpenIddictScopes" AS "o"
      WHERE "o"."Name" = @__name_0
      LIMIT 1
info: Microsoft.EntityFrameworkCore.Database.Command[20101]
      Executed DbCommand (0ms) [Parameters=[@p0='?' (Size = 36), @p1='?' (Size = 36), @p2='?' (Size = 87), @p3='?', @p4='?' (Size = 32), @p5='?', @p6='?' (Size = 17), @p7='?', @p8='?' (Size = 29)], CommandType='Text', CommandTimeout='30']
      INSERT INTO "OpenIddictScopes" ("Id", "ConcurrencyToken", "Description", "Descriptions", "DisplayName", "DisplayNames", "Name", "Properties", "Resources")
      VALUES (@p0, @p1, @p2, @p3, @p4, @p5, @p6, @p7, @p8);
info: Microsoft.EntityFrameworkCore.Database.Command[20101]
      Executed DbCommand (0ms) [Parameters=[@__name_0='?' (Size = 20)], CommandType='Text', CommandTimeout='30']
      SELECT "o"."Id", "o"."ConcurrencyToken", "o"."Description", "o"."Descriptions", "o"."DisplayName", "o"."DisplayNames", "o"."Name", "o"."Properties", "o"."Resources"
      FROM "OpenIddictScopes" AS "o"
      WHERE "o"."Name" = @__name_0
      LIMIT 1
info: Microsoft.EntityFrameworkCore.Database.Command[20101]
      Executed DbCommand (0ms) [Parameters=[@__name_0='?' (Size = 20)], CommandType='Text', CommandTimeout='30']
      SELECT "o"."Id", "o"."ConcurrencyToken", "o"."Description", "o"."Descriptions", "o"."DisplayName", "o"."DisplayNames", "o"."Name", "o"."Properties", "o"."Resources"
      FROM "OpenIddictScopes" AS "o"
      WHERE "o"."Name" = @__name_0
      LIMIT 1
info: Microsoft.EntityFrameworkCore.Database.Command[20101]
      Executed DbCommand (0ms) [Parameters=[@p0='?' (Size = 36), @p1='?' (Size = 36), @p2='?' (Size = 106), @p3='?', @p4='?' (Size = 19), @p5='?', @p6='?' (Size = 20), @p7='?', @p8='?' (Size = 29)], CommandType='Text', CommandTimeout='30']
      INSERT INTO "OpenIddictScopes" ("Id", "ConcurrencyToken", "Description", "Descriptions", "DisplayName", "DisplayNames", "Name", "Properties", "Resources")
      VALUES (@p0, @p1, @p2, @p3, @p4, @p5, @p6, @p7, @p8);
info: Microsoft.EntityFrameworkCore.Database.Command[20101]
      Executed DbCommand (0ms) [Parameters=[@__identifier_0='?' (Size = 13)], CommandType='Text', CommandTimeout='30']
      SELECT "o"."Id", "o"."ApplicationType", "o"."ClientId", "o"."ClientSecret", "o"."ClientType", "o"."ConcurrencyToken", "o"."ConsentType", "o"."DisplayName", "o"."DisplayNames", "o"."JsonWebKeySet", "o"."Permissions", "o"."PostLogoutRedirectUris", "o"."Properties", "o"."RedirectUris", "o"."Requirements", "o"."Settings"
      FROM "OpenIddictApplications" AS "o"
      WHERE "o"."ClientId" = @__identifier_0
      LIMIT 1
info: Microsoft.EntityFrameworkCore.Database.Command[20101]
      Executed DbCommand (0ms) [Parameters=[@__identifier_0='?' (Size = 13)], CommandType='Text', CommandTimeout='30']
      SELECT "o"."Id", "o"."ApplicationType", "o"."ClientId", "o"."ClientSecret", "o"."ClientType", "o"."ConcurrencyToken", "o"."ConsentType", "o"."DisplayName", "o"."DisplayNames", "o"."JsonWebKeySet", "o"."Permissions", "o"."PostLogoutRedirectUris", "o"."Properties", "o"."RedirectUris", "o"."Requirements", "o"."Settings"
      FROM "OpenIddictApplications" AS "o"
      WHERE "o"."ClientId" = @__identifier_0
      LIMIT 1
info: Microsoft.EntityFrameworkCore.Database.Command[20101]
      Executed DbCommand (0ms) [Parameters=[@p0='?' (Size = 36), @p1='?', @p2='?' (Size = 13), @p3='?', @p4='?' (Size = 6), @p5='?' (Size = 36), @p6='?' (Size = 8), @p7='?' (Size = 13), @p8='?', @p9='?', @p10='?' (Size = 232), @p11='?', @p12='?', @p13='?' (Size = 145), @p14='?' (Size = 11), @p15='?' (Size = 55)], CommandType='Text', CommandTimeout='30']
      INSERT INTO "OpenIddictApplications" ("Id", "ApplicationType", "ClientId", "ClientSecret", "ClientType", "ConcurrencyToken", "ConsentType", "DisplayName", "DisplayNames", "JsonWebKeySet", "Permissions", "PostLogoutRedirectUris", "Properties", "RedirectUris", "Requirements", "Settings")
      VALUES (@p0, @p1, @p2, @p3, @p4, @p5, @p6, @p7, @p8, @p9, @p10, @p11, @p12, @p13, @p14, @p15);
info: Microsoft.AspNetCore.DataProtection.KeyManagement.XmlKeyManager[62]
      User profile is available. Using '/Users/svendaneel/.aspnet/DataProtection-Keys' as key repository; keys will not be encrypted at rest.
info: Microsoft.EntityFrameworkCore.Database.Command[20101]
      Executed DbCommand (0ms) [Parameters=[@__normalizedName_0='?' (Size = 13)], CommandType='Text', CommandTimeout='30']
      SELECT "a"."Id", "a"."ConcurrencyStamp", "a"."Name", "a"."NormalizedName"
      FROM "AspNetRoles" AS "a"
      WHERE "a"."NormalizedName" = @__normalizedName_0
      LIMIT 1
crit: WebApi.Program[0]
      AppSettings:AdminUserPhoneNumber cannot name an account: it is empty or holds characters outside the set Identity allows in an account name (+0123456789), so the lookup can never match and NOBODY will ever hold PowerUserRole in this deployment. Every [Authorize(Roles = PowerUserRole)] endpoint refuses every caller and StoreAdminPolicy admits store admins only. Committed appsettings.json ships the "Set in Azure" placeholder, so an environment that does not override the value lands here: set it in Azure configuration or user secrets to the administrator's phone number in the exact form the account is registered with.
info: Microsoft.EntityFrameworkCore.Database.Command[20101]
      Executed DbCommand (0ms) [Parameters=[], CommandType='Text', CommandTimeout='30']
      SELECT "w"."DecisionTablesJson"
      FROM "WorkforceRuleSetVersions" AS "w"
      WHERE "w"."Jurisdiction" = 'NO' AND "w"."PackName" = 'NO-AML-2026-07' AND "w"."Version" = 2
      LIMIT 1
info: Microsoft.EntityFrameworkCore.Database.Command[20101]
      Executed DbCommand (0ms) [Parameters=[@p0='?' (DbType = Guid), @p1='?', @p2='?' (DbType = DateTime), @p3='?', @p4='?' (DbType = DateTime), @p5='?' (Size = 5065), @p6='?' (DbType = DateTime), @p7='?' (DbType = DateTime), @p8='?' (Size = 6), @p9='?' (Size = 2), @p10='?' (Size = 14), @p11='?' (DbType = Int32)], CommandType='Text', CommandTimeout='30']
      INSERT INTO "WorkforceRuleSetVersions" ("Id", "CounselSignatureRef", "CounselSignedAtUtc", "CounselSignedBy", "CreatedAtUtc", "DecisionTablesJson", "EffectiveFromUtc", "EffectiveToUtc", "EnforcementMode", "Jurisdiction", "PackName", "Version")
      VALUES (@p0, @p1, @p2, @p3, @p4, @p5, @p6, @p7, @p8, @p9, @p10, @p11);
info: Microsoft.EntityFrameworkCore.Database.Command[20101]
      Executed DbCommand (0ms) [Parameters=[], CommandType='Text', CommandTimeout='30']
      SELECT EXISTS (
          SELECT 1
          FROM "GrowthConsentTextVersions" AS "g"
          WHERE "g"."Locale" = 'nb-NO')
info: Microsoft.EntityFrameworkCore.Database.Command[20101]
      Executed DbCommand (0ms) [Parameters=[@p0='?' (DbType = Boolean), @p1='?' (DbType = DateTimeOffset), @p2='?' (Size = 5), @p3='?' (Size = 152), @p4='?' (DbType = Int32)], CommandType='Text', CommandTimeout='30']
      INSERT INTO "GrowthConsentTextVersions" ("CoversOpenMeasurement", "EffectiveAt", "Locale", "Text", "Version")
      VALUES (@p0, @p1, @p2, @p3, @p4)
      RETURNING "Id";
warn: WebApi[0]
      Seeded the SHIPPED BASELINE Growth consent text for locale nb-NO as v1. This wording is COUNSEL-UNSIGNED: guests are now being shown, and recorded as agreeing to, copy no human has signed off. Publish reviewed wording via POST /v1/growth/consent-texts (PowerUser) — it becomes a NEW version and v1 stays byte-unchanged, because live receipts pin it.
info: Microsoft.EntityFrameworkCore.Database.Command[20101]
      Executed DbCommand (0ms) [Parameters=[@__userId_0='?' (Size = 12)], CommandType='Text', CommandTimeout='30']
      SELECT "a"."Id", "a"."AccessFailedCount", "a"."BirthDate", "a"."City", "a"."CommaSeparatedFavoriteProductIds", "a"."ConcurrencyStamp", "a"."Confirmed", "a"."DeliveryInstructions", "a"."Email", "a"."EmailConfirmationCode", "a"."EmailConfirmationCodeExpiry", "a"."EmailConfirmed", "a"."FirstName", "a"."FullAddress", "a"."IsKeyAccountDirector", "a"."IsKeyAccountManager", "a"."IsPowerUser", "a"."KeyAccountDirectorId", "a"."LastName", "a"."LockoutEnabled", "a"."LockoutEnd", "a"."NormalizedEmail", "a"."NormalizedUserName", "a"."PasswordHash", "a"."PhoneNumber", "a"."PhoneNumberConfirmed", "a"."Registered", "a"."SecurityStamp", "a"."ShowFeedback", "a"."StripeCustomerId", "a"."TwoFactorEnabled", "a"."UserName", "a"."ZipCode"
      FROM "AspNetUsers" AS "a"
      WHERE "a"."Id" = @__userId_0
      LIMIT 2
info: Microsoft.EntityFrameworkCore.Database.Command[20101]
      Executed DbCommand (0ms) [Parameters=[@__userId_0='?' (Size = 12)], CommandType='Text', CommandTimeout='30']
      SELECT "a0"."Name"
      FROM "AspNetUserRoles" AS "a"
      INNER JOIN "AspNetRoles" AS "a0" ON "a"."RoleId" = "a0"."Id"
      WHERE "a"."UserId" = @__userId_0
info: Microsoft.EntityFrameworkCore.Database.Command[20101]
      Executed DbCommand (0ms) [Parameters=[@__userId_0='?' (Size = 12)], CommandType='Text', CommandTimeout='30']
      SELECT "a"."Id", "a"."AccessFailedCount", "a"."BirthDate", "a"."City", "a"."CommaSeparatedFavoriteProductIds", "a"."ConcurrencyStamp", "a"."Confirmed", "a"."DeliveryInstructions", "a"."Email", "a"."EmailConfirmationCode", "a"."EmailConfirmationCodeExpiry", "a"."EmailConfirmed", "a"."FirstName", "a"."FullAddress", "a"."IsKeyAccountDirector", "a"."IsKeyAccountManager", "a"."IsPowerUser", "a"."KeyAccountDirectorId", "a"."LastName", "a"."LockoutEnabled", "a"."LockoutEnd", "a"."NormalizedEmail", "a"."NormalizedUserName", "a"."PasswordHash", "a"."PhoneNumber", "a"."PhoneNumberConfirmed", "a"."Registered", "a"."SecurityStamp", "a"."ShowFeedback", "a"."StripeCustomerId", "a"."TwoFactorEnabled", "a"."UserName", "a"."ZipCode"
      FROM "AspNetUsers" AS "a"
      WHERE "a"."Id" = @__userId_0
      LIMIT 2
info: Microsoft.EntityFrameworkCore.Database.Command[20101]
      Executed DbCommand (0ms) [Parameters=[@__userId_0='?' (Size = 12)], CommandType='Text', CommandTimeout='30']
      SELECT "a0"."Name"
      FROM "AspNetUserRoles" AS "a"
      INNER JOIN "AspNetRoles" AS "a0" ON "a"."RoleId" = "a0"."Id"
      WHERE "a"."UserId" = @__userId_0
info: Microsoft.EntityFrameworkCore.Database.Command[20101]
      Executed DbCommand (0ms) [Parameters=[@__userId_0='?' (Size = 15)], CommandType='Text', CommandTimeout='30']
      SELECT "a"."Id", "a"."AccessFailedCount", "a"."BirthDate", "a"."City", "a"."CommaSeparatedFavoriteProductIds", "a"."ConcurrencyStamp", "a"."Confirmed", "a"."DeliveryInstructions", "a"."Email", "a"."EmailConfirmationCode", "a"."EmailConfirmationCodeExpiry", "a"."EmailConfirmed", "a"."FirstName", "a"."FullAddress", "a"."IsKeyAccountDirector", "a"."IsKeyAccountManager", "a"."IsPowerUser", "a"."KeyAccountDirectorId", "a"."LastName", "a"."LockoutEnabled", "a"."LockoutEnd", "a"."NormalizedEmail", "a"."NormalizedUserName", "a"."PasswordHash", "a"."PhoneNumber", "a"."PhoneNumberConfirmed", "a"."Registered", "a"."SecurityStamp", "a"."ShowFeedback", "a"."StripeCustomerId", "a"."TwoFactorEnabled", "a"."UserName", "a"."ZipCode"
      FROM "AspNetUsers" AS "a"
      WHERE "a"."Id" = @__userId_0
      LIMIT 2
info: Microsoft.EntityFrameworkCore.Database.Command[20101]
      Executed DbCommand (0ms) [Parameters=[@__userId_0='?' (Size = 15)], CommandType='Text', CommandTimeout='30']
      SELECT "a0"."Name"
      FROM "AspNetUserRoles" AS "a"
      INNER JOIN "AspNetRoles" AS "a0" ON "a"."RoleId" = "a0"."Id"
      WHERE "a"."UserId" = @__userId_0
info: Microsoft.EntityFrameworkCore.Database.Command[20101]
      Executed DbCommand (0ms) [Parameters=[@__userId_0='?' (Size = 13)], CommandType='Text', CommandTimeout='30']
      SELECT "a"."Id", "a"."AccessFailedCount", "a"."BirthDate", "a"."City", "a"."CommaSeparatedFavoriteProductIds", "a"."ConcurrencyStamp", "a"."Confirmed", "a"."DeliveryInstructions", "a"."Email", "a"."EmailConfirmationCode", "a"."EmailConfirmationCodeExpiry", "a"."EmailConfirmed", "a"."FirstName", "a"."FullAddress", "a"."IsKeyAccountDirector", "a"."IsKeyAccountManager", "a"."IsPowerUser", "a"."KeyAccountDirectorId", "a"."LastName", "a"."LockoutEnabled", "a"."LockoutEnd", "a"."NormalizedEmail", "a"."NormalizedUserName", "a"."PasswordHash", "a"."PhoneNumber", "a"."PhoneNumberConfirmed", "a"."Registered", "a"."SecurityStamp", "a"."ShowFeedback", "a"."StripeCustomerId", "a"."TwoFactorEnabled", "a"."UserName", "a"."ZipCode"
      FROM "AspNetUsers" AS "a"
      WHERE "a"."Id" = @__userId_0
      LIMIT 2
info: Microsoft.EntityFrameworkCore.Database.Command[20101]
      Executed DbCommand (0ms) [Parameters=[@__userId_0='?' (Size = 13)], CommandType='Text', CommandTimeout='30']
      SELECT "a0"."Name"
      FROM "AspNetUserRoles" AS "a"
      INNER JOIN "AspNetRoles" AS "a0" ON "a"."RoleId" = "a0"."Id"
      WHERE "a"."UserId" = @__userId_0
info: Microsoft.AspNetCore.Hosting.Diagnostics[1]
      Request starting HTTP/1.1 GET http://localhost/margin/price-imports/template?storeId=4190 - - -
warn: Microsoft.AspNetCore.HttpsPolicy.HttpsRedirectionMiddleware[3]
      Failed to determine the https port for redirect.
info: Microsoft.AspNetCore.Cors.Infrastructure.CorsService[4]
      CORS policy execution successful.
info: Microsoft.EntityFrameworkCore.Database.Command[20101]
      Executed DbCommand (0ms) [Parameters=[@__p_0='?' (Size = 19)], CommandType='Text', CommandTimeout='30']
      SELECT "a"."Id", "a"."AccessFailedCount", "a"."BirthDate", "a"."City", "a"."CommaSeparatedFavoriteProductIds", "a"."ConcurrencyStamp", "a"."Confirmed", "a"."DeliveryInstructions", "a"."Email", "a"."EmailConfirmationCode", "a"."EmailConfirmationCodeExpiry", "a"."EmailConfirmed", "a"."FirstName", "a"."FullAddress", "a"."IsKeyAccountDirector", "a"."IsKeyAccountManager", "a"."IsPowerUser", "a"."KeyAccountDirectorId", "a"."LastName", "a"."LockoutEnabled", "a"."LockoutEnd", "a"."NormalizedEmail", "a"."NormalizedUserName", "a"."PasswordHash", "a"."PhoneNumber", "a"."PhoneNumberConfirmed", "a"."Registered", "a"."SecurityStamp", "a"."ShowFeedback", "a"."StripeCustomerId", "a"."TwoFactorEnabled", "a"."UserName", "a"."ZipCode"
      FROM "AspNetUsers" AS "a"
      WHERE "a"."Id" = @__p_0
      LIMIT 1
info: Microsoft.AspNetCore.Routing.EndpointMiddleware[0]
      Executing endpoint 'WebApi.Controllers.MarginPriceImportsController.Template (WebApi)'
info: Microsoft.AspNetCore.Mvc.Infrastructure.ControllerActionInvoker[102]
      Route matched with {action = "Template", controller = "MarginPriceImports"}. Executing controller action with signature System.Threading.Tasks.Task`1[Microsoft.AspNetCore.Mvc.IActionResult] Template(Int32) on controller WebApi.Controllers.MarginPriceImportsController (WebApi).
info: Microsoft.AspNetCore.Mvc.Infrastructure.ControllerActionInvoker[101]
      Executing action method WebApi.Controllers.MarginPriceImportsController.Template (WebApi) - Validation state: Valid
info: Microsoft.EntityFrameworkCore.Database.Command[20101]
      Executed DbCommand (0ms) [Parameters=[@__storeId_0='?' (DbType = Int32), @__flagKey_1='?' (Size = 13)], CommandType='Text', CommandTimeout='30']
      SELECT "s"."Enabled"
      FROM "StoreFeatureFlags" AS "s"
      WHERE "s"."StoreId" = @__storeId_0 AND "s"."FlagKey" = @__flagKey_1
      LIMIT 1
info: Microsoft.EntityFrameworkCore.Database.Command[20101]
      Executed DbCommand (0ms) [Parameters=[@__storeId_0='?' (DbType = Int32), @__flagKey_1='?' (Size = 18)], CommandType='Text', CommandTimeout='30']
      SELECT "s"."Enabled"
      FROM "StoreFeatureFlags" AS "s"
      WHERE "s"."StoreId" = @__storeId_0 AND "s"."FlagKey" = @__flagKey_1
      LIMIT 1
info: Microsoft.EntityFrameworkCore.Database.Command[20101]
      Executed DbCommand (0ms) [Parameters=[@__storeId_0='?' (DbType = Int32)], CommandType='Text', CommandTimeout='30']
      SELECT "t"."StoreId", "t"."AddressId", "t"."AllowOrdersAfterOpeningHours", "t"."ApplicationFeeAmount", "t"."ApplicationFeePercent", "t"."Approved", "t"."BankAccountId", "t"."ContactEmails", "t"."Country", "t"."CurrencyCode", "t"."DeliveryEstimatedMinutes", "t"."DineHomeDeliveryEnabled", "t"."DineHomeOutletId", "t"."DinteroEnabled", "t"."FeedbackMessage", "t"."FeedbackUrl", "t"."GiftcardBankAccountNumber", "t"."GiftcardEnabled", "t"."HomeDeliveryEnabled", "t"."HomeDeliveryFromAddressId", "t"."LegalName", "t"."MinimumOrderPriceForHomeDelivery", "t"."Name", "t"."PayInStoreEnabled", "t"."PayoutStoreId", "t"."PhoneNumber", "t"."PickupEstimatedMinutes", "t"."Registered", "t"."RewardProgramId", "t"."SelfCheckout", "t"."SelfPickUp", "t"."SendInvoiceToEmails", "t"."SmsSenderName", "t"."StatusMessage", "t"."StripeEnabled", "t"."SurfboardEnabled", "t"."TableDeliveryEnabled", "t"."TableReservationEnabled", "t"."TerminalProvider", "t"."TimeZone", "t"."TipHeading", "t"."TipPercentEnabled", "t"."VAT", "t"."VippsEnabled", "t"."VippsMsn", "t"."WarningMessage", "t"."WoltCustomerDeliveryFeeAmount", "t"."WoltDriveEnabled", "t"."WoltDriveMerchantId", "t"."WoltDriveMerchantKey", "t"."WoltDriveVenueId", "t"."WoltServiceFeeAmount", "s0"."ApplicationUserId", "s0"."StoreId"
      FROM (
          SELECT "s"."StoreId", "s"."AddressId", "s"."AllowOrdersAfterOpeningHours", "s"."ApplicationFeeAmount", "s"."ApplicationFeePercent", "s"."Approved", "s"."BankAccountId", "s"."ContactEmails", "s"."Country", "s"."CurrencyCode", "s"."DeliveryEstimatedMinutes", "s"."DineHomeDeliveryEnabled", "s"."DineHomeOutletId", "s"."DinteroEnabled", "s"."FeedbackMessage", "s"."FeedbackUrl", "s"."GiftcardBankAccountNumber", "s"."GiftcardEnabled", "s"."HomeDeliveryEnabled", "s"."HomeDeliveryFromAddressId", "s"."LegalName", "s"."MinimumOrderPriceForHomeDelivery", "s"."Name", "s"."PayInStoreEnabled", "s"."PayoutStoreId", "s"."PhoneNumber", "s"."PickupEstimatedMinutes", "s"."Registered", "s"."RewardProgramId", "s"."SelfCheckout", "s"."SelfPickUp", "s"."SendInvoiceToEmails", "s"."SmsSenderName", "s"."StatusMessage", "s"."StripeEnabled", "s"."SurfboardEnabled", "s"."TableDeliveryEnabled", "s"."TableReservationEnabled", "s"."TerminalProvider", "s"."TimeZone", "s"."TipHeading", "s"."TipPercentEnabled", "s"."VAT", "s"."VippsEnabled", "s"."VippsMsn", "s"."WarningMessage", "s"."WoltCustomerDeliveryFeeAmount", "s"."WoltDriveEnabled", "s"."WoltDriveMerchantId", "s"."WoltDriveMerchantKey", "s"."WoltDriveVenueId", "s"."WoltServiceFeeAmount"
          FROM "Stores" AS "s"
          WHERE "s"."StoreId" = @__storeId_0
          LIMIT 1
      ) AS "t"
      LEFT JOIN "StoreAdmins" AS "s0" ON "t"."StoreId" = "s0"."StoreId"
      ORDER BY "t"."StoreId", "s0"."ApplicationUserId"
info: Microsoft.AspNetCore.Mvc.Infrastructure.ControllerActionInvoker[103]
      Executed action method WebApi.Controllers.MarginPriceImportsController.Template (WebApi), returned result Microsoft.AspNetCore.Mvc.FileContentResult in 32.129ms.
info: Microsoft.AspNetCore.Mvc.Infrastructure.FileContentResultExecutor[2]
      Executing FileContentResult, sending file with download name 'margin-price-import-template.csv' ...
info: Microsoft.AspNetCore.Mvc.Infrastructure.ControllerActionInvoker[105]
      Executed action WebApi.Controllers.MarginPriceImportsController.Template (WebApi) in 50.378ms
info: Microsoft.AspNetCore.Routing.EndpointMiddleware[1]
      Executed endpoint 'WebApi.Controllers.MarginPriceImportsController.Template (WebApi)'
info: Microsoft.AspNetCore.Hosting.Diagnostics[2]
      Request finished HTTP/1.1 GET http://localhost/margin/price-imports/template?storeId=4190 - 200 78 text/csv 196.0749ms
info: Microsoft.AspNetCore.Hosting.Diagnostics[1]
      Request starting HTTP/1.1 GET http://localhost/margin/statements/d0117104-0000-0000-0000-000000000001/export?storeId=4190 - - -
info: Microsoft.AspNetCore.Cors.Infrastructure.CorsService[4]
      CORS policy execution successful.
info: Microsoft.EntityFrameworkCore.Database.Command[20101]
      Executed DbCommand (0ms) [Parameters=[@__p_0='?' (Size = 19)], CommandType='Text', CommandTimeout='30']
      SELECT "a"."Id", "a"."AccessFailedCount", "a"."BirthDate", "a"."City", "a"."CommaSeparatedFavoriteProductIds", "a"."ConcurrencyStamp", "a"."Confirmed", "a"."DeliveryInstructions", "a"."Email", "a"."EmailConfirmationCode", "a"."EmailConfirmationCodeExpiry", "a"."EmailConfirmed", "a"."FirstName", "a"."FullAddress", "a"."IsKeyAccountDirector", "a"."IsKeyAccountManager", "a"."IsPowerUser", "a"."KeyAccountDirectorId", "a"."LastName", "a"."LockoutEnabled", "a"."LockoutEnd", "a"."NormalizedEmail", "a"."NormalizedUserName", "a"."PasswordHash", "a"."PhoneNumber", "a"."PhoneNumberConfirmed", "a"."Registered", "a"."SecurityStamp", "a"."ShowFeedback", "a"."StripeCustomerId", "a"."TwoFactorEnabled", "a"."UserName", "a"."ZipCode"
      FROM "AspNetUsers" AS "a"
      WHERE "a"."Id" = @__p_0
      LIMIT 1
info: Microsoft.AspNetCore.Routing.EndpointMiddleware[0]
      Executing endpoint 'WebApi.Controllers.MarginStatementsController.Export (WebApi)'
info: Microsoft.AspNetCore.Mvc.Infrastructure.ControllerActionInvoker[102]
      Route matched with {action = "Export", controller = "MarginStatements"}. Executing controller action with signature System.Threading.Tasks.Task`1[Microsoft.AspNetCore.Mvc.IActionResult] Export(Int32, System.Guid) on controller WebApi.Controllers.MarginStatementsController (WebApi).
info: Microsoft.AspNetCore.Mvc.Infrastructure.ControllerActionInvoker[101]
      Executing action method WebApi.Controllers.MarginStatementsController.Export (WebApi) - Validation state: Valid
info: Microsoft.EntityFrameworkCore.Database.Command[20101]
      Executed DbCommand (0ms) [Parameters=[@__storeId_0='?' (DbType = Int32), @__flagKey_1='?' (Size = 13)], CommandType='Text', CommandTimeout='30']
      SELECT "s"."Enabled"
      FROM "StoreFeatureFlags" AS "s"
      WHERE "s"."StoreId" = @__storeId_0 AND "s"."FlagKey" = @__flagKey_1
      LIMIT 1
info: Microsoft.EntityFrameworkCore.Database.Command[20101]
      Executed DbCommand (0ms) [Parameters=[@__storeId_0='?' (DbType = Int32), @__flagKey_1='?' (Size = 17)], CommandType='Text', CommandTimeout='30']
      SELECT "s"."Enabled"
      FROM "StoreFeatureFlags" AS "s"
      WHERE "s"."StoreId" = @__storeId_0 AND "s"."FlagKey" = @__flagKey_1
      LIMIT 1
info: Microsoft.EntityFrameworkCore.Database.Command[20101]
      Executed DbCommand (0ms) [Parameters=[@__storeId_0='?' (DbType = Int32)], CommandType='Text', CommandTimeout='30']
      SELECT "t"."StoreId", "t"."AddressId", "t"."AllowOrdersAfterOpeningHours", "t"."ApplicationFeeAmount", "t"."ApplicationFeePercent", "t"."Approved", "t"."BankAccountId", "t"."ContactEmails", "t"."Country", "t"."CurrencyCode", "t"."DeliveryEstimatedMinutes", "t"."DineHomeDeliveryEnabled", "t"."DineHomeOutletId", "t"."DinteroEnabled", "t"."FeedbackMessage", "t"."FeedbackUrl", "t"."GiftcardBankAccountNumber", "t"."GiftcardEnabled", "t"."HomeDeliveryEnabled", "t"."HomeDeliveryFromAddressId", "t"."LegalName", "t"."MinimumOrderPriceForHomeDelivery", "t"."Name", "t"."PayInStoreEnabled", "t"."PayoutStoreId", "t"."PhoneNumber", "t"."PickupEstimatedMinutes", "t"."Registered", "t"."RewardProgramId", "t"."SelfCheckout", "t"."SelfPickUp", "t"."SendInvoiceToEmails", "t"."SmsSenderName", "t"."StatusMessage", "t"."StripeEnabled", "t"."SurfboardEnabled", "t"."TableDeliveryEnabled", "t"."TableReservationEnabled", "t"."TerminalProvider", "t"."TimeZone", "t"."TipHeading", "t"."TipPercentEnabled", "t"."VAT", "t"."VippsEnabled", "t"."VippsMsn", "t"."WarningMessage", "t"."WoltCustomerDeliveryFeeAmount", "t"."WoltDriveEnabled", "t"."WoltDriveMerchantId", "t"."WoltDriveMerchantKey", "t"."WoltDriveVenueId", "t"."WoltServiceFeeAmount", "s0"."ApplicationUserId", "s0"."StoreId"
      FROM (
          SELECT "s"."StoreId", "s"."AddressId", "s"."AllowOrdersAfterOpeningHours", "s"."ApplicationFeeAmount", "s"."ApplicationFeePercent", "s"."Approved", "s"."BankAccountId", "s"."ContactEmails", "s"."Country", "s"."CurrencyCode", "s"."DeliveryEstimatedMinutes", "s"."DineHomeDeliveryEnabled", "s"."DineHomeOutletId", "s"."DinteroEnabled", "s"."FeedbackMessage", "s"."FeedbackUrl", "s"."GiftcardBankAccountNumber", "s"."GiftcardEnabled", "s"."HomeDeliveryEnabled", "s"."HomeDeliveryFromAddressId", "s"."LegalName", "s"."MinimumOrderPriceForHomeDelivery", "s"."Name", "s"."PayInStoreEnabled", "s"."PayoutStoreId", "s"."PhoneNumber", "s"."PickupEstimatedMinutes", "s"."Registered", "s"."RewardProgramId", "s"."SelfCheckout", "s"."SelfPickUp", "s"."SendInvoiceToEmails", "s"."SmsSenderName", "s"."StatusMessage", "s"."StripeEnabled", "s"."SurfboardEnabled", "s"."TableDeliveryEnabled", "s"."TableReservationEnabled", "s"."TerminalProvider", "s"."TimeZone", "s"."TipHeading", "s"."TipPercentEnabled", "s"."VAT", "s"."VippsEnabled", "s"."VippsMsn", "s"."WarningMessage", "s"."WoltCustomerDeliveryFeeAmount", "s"."WoltDriveEnabled", "s"."WoltDriveMerchantId", "s"."WoltDriveMerchantKey", "s"."WoltDriveVenueId", "s"."WoltServiceFeeAmount"
          FROM "Stores" AS "s"
          WHERE "s"."StoreId" = @__storeId_0
          LIMIT 1
      ) AS "t"
      LEFT JOIN "StoreAdmins" AS "s0" ON "t"."StoreId" = "s0"."StoreId"
      ORDER BY "t"."StoreId", "s0"."ApplicationUserId"
info: Microsoft.EntityFrameworkCore.Database.Command[20101]
      Executed DbCommand (0ms) [Parameters=[@__storeId_0='?' (DbType = Int32), @__statementId_1='?' (DbType = Guid)], CommandType='Text', CommandTimeout='30']
      SELECT "m"."StatementId", "m"."ActualFoodCostPercent", "m"."ActualPurchaseSpendMinor", "m"."CalculationTimestampUtc", "m"."ClosingStockValueMinor", "m"."ConcurrencyVersion", "m"."CoveragePercent", "m"."CreatedAtUtc", "m"."FinalizedAtUtc", "m"."GapPercentagePoints", "m"."InputReceiptJson", "m"."NetFoodSalesMinor", "m"."OpeningStockValueMinor", "m"."PeriodEnd", "m"."PeriodStart", "m"."PreviousStatementId", "m"."ProjectionWatermark", "m"."RevisionNumber", "m"."State", "m"."StoreId", "m"."TheoreticalFoodCostPercent", "m"."TheoreticalIngredientCostMinor"
      FROM "MarginPeriodStatements" AS "m"
      WHERE "m"."StoreId" = @__storeId_0 AND "m"."StatementId" = @__statementId_1
      LIMIT 1
info: Microsoft.EntityFrameworkCore.Database.Command[20101]
      Executed DbCommand (0ms) [Parameters=[@__storeId_0='?' (DbType = Int32), @__statementId_1='?' (DbType = Guid)], CommandType='Text', CommandTimeout='30']
      SELECT "m"."Id", "m"."AmountMinor", "m"."ConcurrencyVersion", "m"."CreatedAtUtc", "m"."Currency", "m"."Note", "m"."SpendDate", "m"."StatementId", "m"."StoreId", "m"."SupplierId"
      FROM "MarginPurchaseSpendEntries" AS "m"
      WHERE "m"."StoreId" = @__storeId_0 AND "m"."StatementId" = @__statementId_1
info: Microsoft.EntityFrameworkCore.Database.Command[20101]
      Executed DbCommand (0ms) [Parameters=[@__storeId_0='?' (DbType = Int32)], CommandType='Text', CommandTimeout='30']
      SELECT "s"."CurrencyCode"
      FROM "Stores" AS "s"
      WHERE "s"."StoreId" = @__storeId_0
      LIMIT 1
info: Microsoft.AspNetCore.Mvc.Infrastructure.ControllerActionInvoker[103]
      Executed action method WebApi.Controllers.MarginStatementsController.Export (WebApi), returned result Microsoft.AspNetCore.Mvc.FileContentResult in 15.221ms.
info: Microsoft.AspNetCore.Mvc.Infrastructure.FileContentResultExecutor[2]
      Executing FileContentResult, sending file with download name 'margin-statement-2026-06-01-rev1.csv' ...
info: Microsoft.AspNetCore.Mvc.Infrastructure.ControllerActionInvoker[105]
      Executed action WebApi.Controllers.MarginStatementsController.Export (WebApi) in 17.057ms
info: Microsoft.AspNetCore.Routing.EndpointMiddleware[1]
      Executed endpoint 'WebApi.Controllers.MarginStatementsController.Export (WebApi)'
info: Microsoft.AspNetCore.Hosting.Diagnostics[2]
      Request finished HTTP/1.1 GET http://localhost/margin/statements/d0117104-0000-0000-0000-000000000001/export?storeId=4190 - 200 571 text/csv 33.0871ms
info: Microsoft.AspNetCore.Hosting.Diagnostics[1]
      Request starting HTTP/1.1 GET http://localhost/workforce/stores/4190/timesheets/d0117104-0000-0000-0000-000000000006/exports/d0117104-0000-0000-0000-000000000007 - - -
info: Microsoft.AspNetCore.Cors.Infrastructure.CorsService[4]
      CORS policy execution successful.
info: Microsoft.EntityFrameworkCore.Database.Command[20101]
      Executed DbCommand (0ms) [Parameters=[@__p_0='?' (Size = 19)], CommandType='Text', CommandTimeout='30']
      SELECT "a"."Id", "a"."AccessFailedCount", "a"."BirthDate", "a"."City", "a"."CommaSeparatedFavoriteProductIds", "a"."ConcurrencyStamp", "a"."Confirmed", "a"."DeliveryInstructions", "a"."Email", "a"."EmailConfirmationCode", "a"."EmailConfirmationCodeExpiry", "a"."EmailConfirmed", "a"."FirstName", "a"."FullAddress", "a"."IsKeyAccountDirector", "a"."IsKeyAccountManager", "a"."IsPowerUser", "a"."KeyAccountDirectorId", "a"."LastName", "a"."LockoutEnabled", "a"."LockoutEnd", "a"."NormalizedEmail", "a"."NormalizedUserName", "a"."PasswordHash", "a"."PhoneNumber", "a"."PhoneNumberConfirmed", "a"."Registered", "a"."SecurityStamp", "a"."ShowFeedback", "a"."StripeCustomerId", "a"."TwoFactorEnabled", "a"."UserName", "a"."ZipCode"
      FROM "AspNetUsers" AS "a"
      WHERE "a"."Id" = @__p_0
      LIMIT 1
info: Microsoft.AspNetCore.Routing.EndpointMiddleware[0]
      Executing endpoint 'WebApi.Controllers.WorkforceTimesheetsController.DownloadTimesheetExport (WebApi)'
info: Microsoft.AspNetCore.Mvc.Infrastructure.ControllerActionInvoker[102]
      Route matched with {action = "DownloadTimesheetExport", controller = "WorkforceTimesheets"}. Executing controller action with signature System.Threading.Tasks.Task`1[Microsoft.AspNetCore.Mvc.IActionResult] DownloadTimesheetExport(Int32, System.Guid, System.Guid) on controller WebApi.Controllers.WorkforceTimesheetsController (WebApi).
info: Microsoft.AspNetCore.Mvc.Infrastructure.ControllerActionInvoker[101]
      Executing action method WebApi.Controllers.WorkforceTimesheetsController.DownloadTimesheetExport (WebApi) - Validation state: Valid
info: Microsoft.EntityFrameworkCore.Database.Command[20101]
      Executed DbCommand (0ms) [Parameters=[@__storeId_0='?' (DbType = Int32), @__userId_1='?' (Size = 19)], CommandType='Text', CommandTimeout='30']
      SELECT "w"."StaffMemberId", "w"."ActiveFromUtc", "w"."ActiveToUtc", "w"."CapabilityGrants", "w"."ConcurrencyVersion", "w"."CreatedAtUtc", "w"."EmployerEffectiveFromUtc", "w"."EmployerEffectiveToUtc", "w"."EmploymentNumber", "w"."IsActive", "w"."LegalEmployerId", "w"."OperatorId", "w"."PayrollNumber", "w"."StoreId", "w"."WorkforcePersonId"
      FROM "WorkforceStaffMembers" AS "w"
      INNER JOIN "WorkforcePersons" AS "w0" ON "w"."WorkforcePersonId" = "w0"."WorkforcePersonId"
      WHERE "w"."StoreId" = @__storeId_0 AND "w"."IsActive" AND "w0"."ApplicationUserId" = @__userId_1
      LIMIT 1
info: Microsoft.EntityFrameworkCore.Database.Command[20101]
      Executed DbCommand (0ms) [Parameters=[@__storeId_0='?' (DbType = Int32), @__flagKey_1='?' (Size = 16)], CommandType='Text', CommandTimeout='30']
      SELECT "s"."Enabled"
      FROM "StoreFeatureFlags" AS "s"
      WHERE "s"."StoreId" = @__storeId_0 AND "s"."FlagKey" = @__flagKey_1
      LIMIT 1
info: Microsoft.EntityFrameworkCore.Database.Command[20101]
      Executed DbCommand (0ms) [Parameters=[@__storeId_0='?' (DbType = Int32)], CommandType='Text', CommandTimeout='30']
      SELECT EXISTS (
          SELECT 1
          FROM "WorkforceStaffMembers" AS "w"
          WHERE "w"."StoreId" = @__storeId_0)
info: Microsoft.EntityFrameworkCore.Database.Command[20101]
      Executed DbCommand (0ms) [Parameters=[@__storeId_0='?' (DbType = Int32), @__timesheetPeriodId_1='?' (DbType = Guid), @__batchId_2='?' (DbType = Guid)], CommandType='Text', CommandTimeout='30']
      SELECT "w"."TimesheetExportBatchId", "w"."BatchKey", "w"."ContentType", "w"."CreatedAtUtc", "w"."FailureReason", "w"."FileName", "w"."LineCount", "w"."Outcome", "w"."Payload", "w"."PayloadSha256", "w"."ProviderKey", "w"."RequestedByActorReference", "w"."StoreId", "w"."TimesheetPeriodId"
      FROM "WorkforceTimesheetExportBatches" AS "w"
      WHERE "w"."StoreId" = @__storeId_0 AND "w"."TimesheetPeriodId" = @__timesheetPeriodId_1 AND "w"."TimesheetExportBatchId" = @__batchId_2
      LIMIT 1
info: Microsoft.AspNetCore.Mvc.Infrastructure.ControllerActionInvoker[103]
      Executed action method WebApi.Controllers.WorkforceTimesheetsController.DownloadTimesheetExport (WebApi), returned result Microsoft.AspNetCore.Mvc.FileContentResult in 23.3796ms.
info: Microsoft.AspNetCore.Mvc.Infrastructure.FileContentResultExecutor[2]
      Executing FileContentResult, sending file with download name 'okam-timesheets-4190-2026-06-01-2026-06-30.csv' ...
info: Microsoft.AspNetCore.Mvc.Infrastructure.ControllerActionInvoker[105]
      Executed action WebApi.Controllers.WorkforceTimesheetsController.DownloadTimesheetExport (WebApi) in 25.1852ms
info: Microsoft.AspNetCore.Routing.EndpointMiddleware[1]
      Executed endpoint 'WebApi.Controllers.WorkforceTimesheetsController.DownloadTimesheetExport (WebApi)'
info: Microsoft.AspNetCore.Hosting.Diagnostics[2]
      Request finished HTTP/1.1 GET http://localhost/workforce/stores/4190/timesheets/d0117104-0000-0000-0000-000000000006/exports/d0117104-0000-0000-0000-000000000007 - 200 65 text/csv;+charset=utf-8 37.5316ms
info: Microsoft.AspNetCore.Hosting.Diagnostics[1]
      Request starting HTTP/1.1 GET http://localhost/workforce/stores/4101/personnel-list/code-register - - -
info: Microsoft.AspNetCore.Cors.Infrastructure.CorsService[4]
      CORS policy execution successful.
info: Microsoft.EntityFrameworkCore.Database.Command[20101]
      Executed DbCommand (0ms) [Parameters=[@__p_0='?' (Size = 12)], CommandType='Text', CommandTimeout='30']
      SELECT "a"."Id", "a"."AccessFailedCount", "a"."BirthDate", "a"."City", "a"."CommaSeparatedFavoriteProductIds", "a"."ConcurrencyStamp", "a"."Confirmed", "a"."DeliveryInstructions", "a"."Email", "a"."EmailConfirmationCode", "a"."EmailConfirmationCodeExpiry", "a"."EmailConfirmed", "a"."FirstName", "a"."FullAddress", "a"."IsKeyAccountDirector", "a"."IsKeyAccountManager", "a"."IsPowerUser", "a"."KeyAccountDirectorId", "a"."LastName", "a"."LockoutEnabled", "a"."LockoutEnd", "a"."NormalizedEmail", "a"."NormalizedUserName", "a"."PasswordHash", "a"."PhoneNumber", "a"."PhoneNumberConfirmed", "a"."Registered", "a"."SecurityStamp", "a"."ShowFeedback", "a"."StripeCustomerId", "a"."TwoFactorEnabled", "a"."UserName", "a"."ZipCode"
      FROM "AspNetUsers" AS "a"
      WHERE "a"."Id" = @__p_0
      LIMIT 1
info: Microsoft.AspNetCore.Routing.EndpointMiddleware[0]
      Executing endpoint 'WebApi.Controllers.WorkforcePersonnelListController.GetIdentityCodeRegister (WebApi)'
info: Microsoft.AspNetCore.Mvc.Infrastructure.ControllerActionInvoker[102]
      Route matched with {action = "GetIdentityCodeRegister", controller = "WorkforcePersonnelList"}. Executing controller action with signature System.Threading.Tasks.Task`1[Microsoft.AspNetCore.Mvc.IActionResult] GetIdentityCodeRegister(Int32, System.Nullable`1[System.DateTime]) on controller WebApi.Controllers.WorkforcePersonnelListController (WebApi).
info: Microsoft.AspNetCore.Mvc.Infrastructure.ControllerActionInvoker[101]
      Executing action method WebApi.Controllers.WorkforcePersonnelListController.GetIdentityCodeRegister (WebApi) - Validation state: Valid
info: Microsoft.EntityFrameworkCore.Database.Command[20101]
      Executed DbCommand (0ms) [Parameters=[@__storeId_0='?' (DbType = Int32), @__userId_1='?' (Size = 12)], CommandType='Text', CommandTimeout='30']
      SELECT "w"."StaffMemberId", "w"."ActiveFromUtc", "w"."ActiveToUtc", "w"."CapabilityGrants", "w"."ConcurrencyVersion", "w"."CreatedAtUtc", "w"."EmployerEffectiveFromUtc", "w"."EmployerEffectiveToUtc", "w"."EmploymentNumber", "w"."IsActive", "w"."LegalEmployerId", "w"."OperatorId", "w"."PayrollNumber", "w"."StoreId", "w"."WorkforcePersonId"
      FROM "WorkforceStaffMembers" AS "w"
      INNER JOIN "WorkforcePersons" AS "w0" ON "w"."WorkforcePersonId" = "w0"."WorkforcePersonId"
      WHERE "w"."StoreId" = @__storeId_0 AND "w"."IsActive" AND "w0"."ApplicationUserId" = @__userId_1
      LIMIT 1
info: Microsoft.EntityFrameworkCore.Database.Command[20101]
      Executed DbCommand (0ms) [Parameters=[@__storeId_0='?' (DbType = Int32), @__flagKey_1='?' (Size = 16)], CommandType='Text', CommandTimeout='30']
      SELECT "s"."Enabled"
      FROM "StoreFeatureFlags" AS "s"
      WHERE "s"."StoreId" = @__storeId_0 AND "s"."FlagKey" = @__flagKey_1
      LIMIT 1
info: Microsoft.EntityFrameworkCore.Database.Command[20101]
      Executed DbCommand (0ms) [Parameters=[@__storeId_0='?' (DbType = Int32)], CommandType='Text', CommandTimeout='30']
      SELECT EXISTS (
          SELECT 1
          FROM "WorkforceStaffMembers" AS "w"
          WHERE "w"."StoreId" = @__storeId_0)
info: Microsoft.EntityFrameworkCore.Database.Command[20101]
      Executed DbCommand (0ms) [Parameters=[@__storeId_0='?' (DbType = Int32)], CommandType='Text', CommandTimeout='30']
      SELECT "s"."TimeZone"
      FROM "Stores" AS "s"
      WHERE "s"."StoreId" = @__storeId_0
      LIMIT 1
info: Microsoft.EntityFrameworkCore.Database.Command[20101]
      Executed DbCommand (0ms) [Parameters=[@__storeId_0='?' (DbType = Int32), @__date_1='?' (DbType = DateTime)], CommandType='Text', CommandTimeout='30']
      SELECT "w"."PersonnelListEntryId", "w"."AccountingYearEndUtc", "w"."BusinessName", "w"."Category", "w"."CorrectedAtUtc", "w"."CorrectionActorReference", "w"."CreatedAtUtc", "w"."LocalBusinessDate", "w"."OnSiteEndUtc", "w"."OnSiteStartUtc", "w"."OrganizationNumber", "w"."ParticipantDisplayName", "w"."ParticipantId", "w"."RetainUntilUtc", "w"."StoreId", "w"."SupersedesEntryId"
      FROM "WorkforcePersonnelListEntries" AS "w"
      WHERE "w"."StoreId" = @__storeId_0 AND "w"."LocalBusinessDate" = @__date_1
info: Microsoft.EntityFrameworkCore.Database.Command[20101]
      Executed DbCommand (0ms) [Parameters=[@p0='?' (DbType = Guid), @p1='?' (Size = 35), @p2='?' (Size = 12), @p3='?' (Size = 36), @p4='?' (Size = 34), @p5='?', @p6='?', @p7='?' (DbType = DateTime), @p8='?', @p9='?' (Size = 101), @p10='?' (DbType = Int32)], CommandType='Text', CommandTimeout='30']
      INSERT INTO "WorkforceAuditEvents" ("Id", "Action", "ActorReference", "AggregateId", "AggregateType", "CorrelationId", "IdempotencyKey", "OccurredAtUtc", "ProtectedDocumentRef", "SemanticDeltaJson", "StoreId")
      VALUES (@p0, @p1, @p2, @p3, @p4, @p5, @p6, @p7, @p8, @p9, @p10);
info: Microsoft.EntityFrameworkCore.Database.Command[20101]
      Executed DbCommand (0ms) [Parameters=[@p0='?' (DbType = Guid), @p1='?' (DbType = DateTime), @p2='?', @p3='?' (DbType = Int32), @p4='?' (DbType = DateTime), @p5='?' (Size = 64), @p6='?' (DbType = DateTime), @p7='?' (Size = 12), @p8='?' (DbType = DateTime), @p9='?', @p10='?' (DbType = DateTime), @p11='?' (DbType = Int32), @p12='?' (DbType = Int32)], CommandType='Text', CommandTimeout='30']
      INSERT INTO "WorkforceIdentityCodeRegisterIssues" ("IdentityCodeRegisterIssueId", "AccountingYearEndUtc", "BusinessName", "CodeCount", "CreatedAtUtc", "DocumentSha256", "IssuedAtUtc", "IssuedByActorReference", "LocalBusinessDate", "OrganizationNumber", "RetainUntilUtc", "RowsWithoutIdentityCode", "StoreId")
      VALUES (@p0, @p1, @p2, @p3, @p4, @p5, @p6, @p7, @p8, @p9, @p10, @p11, @p12);
info: Microsoft.AspNetCore.Mvc.Infrastructure.ControllerActionInvoker[103]
      Executed action method WebApi.Controllers.WorkforcePersonnelListController.GetIdentityCodeRegister (WebApi), returned result Microsoft.AspNetCore.Mvc.FileContentResult in 56.2937ms.
info: Microsoft.AspNetCore.Mvc.Infrastructure.FileContentResultExecutor[2]
      Executing FileContentResult, sending file with download name 'okam-kodeoversikt-4101-2026-08-06.csv' ...
info: Microsoft.AspNetCore.Mvc.Infrastructure.ControllerActionInvoker[105]
      Executed action WebApi.Controllers.WorkforcePersonnelListController.GetIdentityCodeRegister (WebApi) in 57.3879ms
info: Microsoft.AspNetCore.Routing.EndpointMiddleware[1]
      Executed endpoint 'WebApi.Controllers.WorkforcePersonnelListController.GetIdentityCodeRegister (WebApi)'
info: Microsoft.AspNetCore.Hosting.Diagnostics[2]
      Request finished HTTP/1.1 GET http://localhost/workforce/stores/4101/personnel-list/code-register - 200 1005 text/csv;+charset=utf-8 62.4880ms
info: Microsoft.AspNetCore.Hosting.Diagnostics[1]
      Request starting HTTP/1.1 GET http://localhost/workforce/stores/4190/attendance/hours-export?from=2026-07-06&to=2026-07-07 - - -
info: Microsoft.AspNetCore.Cors.Infrastructure.CorsService[4]
      CORS policy execution successful.
info: Microsoft.EntityFrameworkCore.Database.Command[20101]
      Executed DbCommand (0ms) [Parameters=[@__p_0='?' (Size = 19)], CommandType='Text', CommandTimeout='30']
      SELECT "a"."Id", "a"."AccessFailedCount", "a"."BirthDate", "a"."City", "a"."CommaSeparatedFavoriteProductIds", "a"."ConcurrencyStamp", "a"."Confirmed", "a"."DeliveryInstructions", "a"."Email", "a"."EmailConfirmationCode", "a"."EmailConfirmationCodeExpiry", "a"."EmailConfirmed", "a"."FirstName", "a"."FullAddress", "a"."IsKeyAccountDirector", "a"."IsKeyAccountManager", "a"."IsPowerUser", "a"."KeyAccountDirectorId", "a"."LastName", "a"."LockoutEnabled", "a"."LockoutEnd", "a"."NormalizedEmail", "a"."NormalizedUserName", "a"."PasswordHash", "a"."PhoneNumber", "a"."PhoneNumberConfirmed", "a"."Registered", "a"."SecurityStamp", "a"."ShowFeedback", "a"."StripeCustomerId", "a"."TwoFactorEnabled", "a"."UserName", "a"."ZipCode"
      FROM "AspNetUsers" AS "a"
      WHERE "a"."Id" = @__p_0
      LIMIT 1
info: Microsoft.AspNetCore.Routing.EndpointMiddleware[0]
      Executing endpoint 'WebApi.Controllers.WorkforceAttendanceController.GetHoursExport (WebApi)'
info: Microsoft.AspNetCore.Mvc.Infrastructure.ControllerActionInvoker[102]
      Route matched with {action = "GetHoursExport", controller = "WorkforceAttendance"}. Executing controller action with signature System.Threading.Tasks.Task`1[Microsoft.AspNetCore.Mvc.IActionResult] GetHoursExport(Int32, System.String, System.String) on controller WebApi.Controllers.WorkforceAttendanceController (WebApi).
info: Microsoft.AspNetCore.Mvc.Infrastructure.ControllerActionInvoker[101]
      Executing action method WebApi.Controllers.WorkforceAttendanceController.GetHoursExport (WebApi) - Validation state: Valid
info: Microsoft.EntityFrameworkCore.Database.Command[20101]
      Executed DbCommand (0ms) [Parameters=[@__storeId_0='?' (DbType = Int32), @__userId_1='?' (Size = 19)], CommandType='Text', CommandTimeout='30']
      SELECT "w"."StaffMemberId", "w"."ActiveFromUtc", "w"."ActiveToUtc", "w"."CapabilityGrants", "w"."ConcurrencyVersion", "w"."CreatedAtUtc", "w"."EmployerEffectiveFromUtc", "w"."EmployerEffectiveToUtc", "w"."EmploymentNumber", "w"."IsActive", "w"."LegalEmployerId", "w"."OperatorId", "w"."PayrollNumber", "w"."StoreId", "w"."WorkforcePersonId"
      FROM "WorkforceStaffMembers" AS "w"
      INNER JOIN "WorkforcePersons" AS "w0" ON "w"."WorkforcePersonId" = "w0"."WorkforcePersonId"
      WHERE "w"."StoreId" = @__storeId_0 AND "w"."IsActive" AND "w0"."ApplicationUserId" = @__userId_1
      LIMIT 1
info: Microsoft.EntityFrameworkCore.Database.Command[20101]
      Executed DbCommand (0ms) [Parameters=[@__storeId_0='?' (DbType = Int32), @__flagKey_1='?' (Size = 16)], CommandType='Text', CommandTimeout='30']
      SELECT "s"."Enabled"
      FROM "StoreFeatureFlags" AS "s"
      WHERE "s"."StoreId" = @__storeId_0 AND "s"."FlagKey" = @__flagKey_1
      LIMIT 1
info: Microsoft.EntityFrameworkCore.Database.Command[20101]
      Executed DbCommand (0ms) [Parameters=[@__storeId_0='?' (DbType = Int32)], CommandType='Text', CommandTimeout='30']
      SELECT EXISTS (
          SELECT 1
          FROM "WorkforceStaffMembers" AS "w"
          WHERE "w"."StoreId" = @__storeId_0)
info: Microsoft.EntityFrameworkCore.Database.Command[20101]
      Executed DbCommand (0ms) [Parameters=[@__storeId_0='?' (DbType = Int32)], CommandType='Text', CommandTimeout='30']
      SELECT "s"."TimeZone"
      FROM "Stores" AS "s"
      WHERE "s"."StoreId" = @__storeId_0
      LIMIT 1
info: Microsoft.EntityFrameworkCore.Database.Command[20101]
      Executed DbCommand (0ms) [Parameters=[@__storeId_0='?' (DbType = Int32), @__fromLocal_1='?' (DbType = DateTime), @__toLocalInclusive_2='?' (DbType = DateTime)], CommandType='Text', CommandTimeout='30']
      SELECT "w"."StaffMemberId", "w"."LocalBusinessDate", "w"."StartsUtc", "w"."EndsUtc", "w"."UnpaidBreakMinutes"
      FROM "WorkforceShiftAssignments" AS "w"
      WHERE "w"."StoreId" = @__storeId_0 AND "w"."State" = 'Published' AND "w"."StaffMemberId" IS NOT NULL AND "w"."LocalBusinessDate" >= @__fromLocal_1 AND "w"."LocalBusinessDate" <= @__toLocalInclusive_2
info: Microsoft.EntityFrameworkCore.Database.Command[20101]
      Executed DbCommand (0ms) [Parameters=[@__storeId_0='?' (DbType = Int32), @__fromUtc_1='?' (DbType = DateTime), @__sessionCeilingUtc_2='?' (DbType = DateTime)], CommandType='Text', CommandTimeout='30']
      SELECT "w"."ClockSessionId", "w"."StaffMemberId", "w"."OpenedUtc", "w"."ClosedUtc"
      FROM "WorkforceClockSessions" AS "w"
      WHERE "w"."StoreId" = @__storeId_0 AND "w"."OpenedUtc" >= @__fromUtc_1 AND "w"."OpenedUtc" < @__sessionCeilingUtc_2
info: Microsoft.AspNetCore.Mvc.Infrastructure.ControllerActionInvoker[103]
      Executed action method WebApi.Controllers.WorkforceAttendanceController.GetHoursExport (WebApi), returned result Microsoft.AspNetCore.Mvc.FileContentResult in 21.9881ms.
info: Microsoft.AspNetCore.Mvc.Infrastructure.FileContentResultExecutor[2]
      Executing FileContentResult, sending file with download name 'okam-hours-4190-2026-07-06-2026-07-07.csv' ...
info: Microsoft.AspNetCore.Mvc.Infrastructure.ControllerActionInvoker[105]
      Executed action WebApi.Controllers.WorkforceAttendanceController.GetHoursExport (WebApi) in 23.4288ms
info: Microsoft.AspNetCore.Routing.EndpointMiddleware[1]
      Executed endpoint 'WebApi.Controllers.WorkforceAttendanceController.GetHoursExport (WebApi)'
info: Microsoft.AspNetCore.Hosting.Diagnostics[2]
      Request finished HTTP/1.1 GET http://localhost/workforce/stores/4190/attendance/hours-export?from=2026-07-06&to=2026-07-07 - 200 339 text/csv;+charset=utf-8 27.5649ms
info: Microsoft.AspNetCore.Hosting.Diagnostics[1]
      Request starting HTTP/1.1 GET http://localhost/saft/export?storeId=4101&from=2026-07-01&to=2026-07-02 - - -
info: Microsoft.AspNetCore.Cors.Infrastructure.CorsService[4]
      CORS policy execution successful.
info: Microsoft.EntityFrameworkCore.Database.Command[20101]
      Executed DbCommand (0ms) [Parameters=[@__p_0='?' (Size = 12)], CommandType='Text', CommandTimeout='30']
      SELECT "a"."Id", "a"."AccessFailedCount", "a"."BirthDate", "a"."City", "a"."CommaSeparatedFavoriteProductIds", "a"."ConcurrencyStamp", "a"."Confirmed", "a"."DeliveryInstructions", "a"."Email", "a"."EmailConfirmationCode", "a"."EmailConfirmationCodeExpiry", "a"."EmailConfirmed", "a"."FirstName", "a"."FullAddress", "a"."IsKeyAccountDirector", "a"."IsKeyAccountManager", "a"."IsPowerUser", "a"."KeyAccountDirectorId", "a"."LastName", "a"."LockoutEnabled", "a"."LockoutEnd", "a"."NormalizedEmail", "a"."NormalizedUserName", "a"."PasswordHash", "a"."PhoneNumber", "a"."PhoneNumberConfirmed", "a"."Registered", "a"."SecurityStamp", "a"."ShowFeedback", "a"."StripeCustomerId", "a"."TwoFactorEnabled", "a"."UserName", "a"."ZipCode"
      FROM "AspNetUsers" AS "a"
      WHERE "a"."Id" = @__p_0
      LIMIT 1
info: Microsoft.AspNetCore.Routing.EndpointMiddleware[0]
      Executing endpoint 'WebApi.Controllers.SaftController.Export (WebApi)'
info: Microsoft.AspNetCore.Mvc.Infrastructure.ControllerActionInvoker[102]
      Route matched with {action = "Export", controller = "Saft"}. Executing controller action with signature System.Threading.Tasks.Task`1[Microsoft.AspNetCore.Mvc.IActionResult] Export(Int32, System.DateTime, System.DateTime) on controller WebApi.Controllers.SaftController (WebApi).
info: Microsoft.AspNetCore.Mvc.Infrastructure.ControllerActionInvoker[101]
      Executing action method WebApi.Controllers.SaftController.Export (WebApi) - Validation state: Valid
info: Microsoft.EntityFrameworkCore.Database.Command[20101]
      Executed DbCommand (0ms) [Parameters=[@__storeId_0='?' (DbType = Int32), @__userId_1='?' (Size = 12)], CommandType='Text', CommandTimeout='30']
      SELECT EXISTS (
          SELECT 1
          FROM "StoreAdmins" AS "s"
          WHERE "s"."StoreId" = @__storeId_0 AND "s"."ApplicationUserId" = @__userId_1)
info: Microsoft.EntityFrameworkCore.Database.Command[20101]
      Executed DbCommand (0ms) [Parameters=[@__storeId_0='?' (DbType = Int32)], CommandType='Text', CommandTimeout='30']
      SELECT "s"."StoreId", "s"."AddressId", "s"."AllowOrdersAfterOpeningHours", "s"."ApplicationFeeAmount", "s"."ApplicationFeePercent", "s"."Approved", "s"."BankAccountId", "s"."ContactEmails", "s"."Country", "s"."CurrencyCode", "s"."DeliveryEstimatedMinutes", "s"."DineHomeDeliveryEnabled", "s"."DineHomeOutletId", "s"."DinteroEnabled", "s"."FeedbackMessage", "s"."FeedbackUrl", "s"."GiftcardBankAccountNumber", "s"."GiftcardEnabled", "s"."HomeDeliveryEnabled", "s"."HomeDeliveryFromAddressId", "s"."LegalName", "s"."MinimumOrderPriceForHomeDelivery", "s"."Name", "s"."PayInStoreEnabled", "s"."PayoutStoreId", "s"."PhoneNumber", "s"."PickupEstimatedMinutes", "s"."Registered", "s"."RewardProgramId", "s"."SelfCheckout", "s"."SelfPickUp", "s"."SendInvoiceToEmails", "s"."SmsSenderName", "s"."StatusMessage", "s"."StripeEnabled", "s"."SurfboardEnabled", "s"."TableDeliveryEnabled", "s"."TableReservationEnabled", "s"."TerminalProvider", "s"."TimeZone", "s"."TipHeading", "s"."TipPercentEnabled", "s"."VAT", "s"."VippsEnabled", "s"."VippsMsn", "s"."WarningMessage", "s"."WoltCustomerDeliveryFeeAmount", "s"."WoltDriveEnabled", "s"."WoltDriveMerchantId", "s"."WoltDriveMerchantKey", "s"."WoltDriveVenueId", "s"."WoltServiceFeeAmount", "a"."AddressId", "a"."City", "a"."FullAddress", "a"."Latitude", "a"."Longitude", "a"."ZipCode"
      FROM "Stores" AS "s"
      LEFT JOIN "Address" AS "a" ON "s"."AddressId" = "a"."AddressId"
      WHERE "s"."StoreId" = @__storeId_0
      LIMIT 1
info: Microsoft.EntityFrameworkCore.Database.Command[20101]
      Executed DbCommand (0ms) [Parameters=[@__storeId_0='?' (DbType = Int32)], CommandType='Text', CommandTimeout='30']
      SELECT "c"."CashPointId", "c"."AllowFastOperatorSwitch", "c"."Created", "c"."DinteroPayoutDestinationId", "c"."DinteroProfileId", "c"."DinteroStoreId", "c"."DinteroTerminalId", "c"."GrandTotalNet", "c"."GrandTotalReturns", "c"."GrandTotalSales", "c"."GrandTotalTips", "c"."IsActive", "c"."MaxCashDifference", "c"."Name", "c"."RegisterId", "c"."StoreId", "c"."SurfboardAutoPrintReceipt", "c"."SurfboardTerminalId", "c"."TerminalProvider"
      FROM "CashPoints" AS "c"
      WHERE "c"."StoreId" = @__storeId_0
      ORDER BY "c"."CashPointId"
info: Microsoft.EntityFrameworkCore.Database.Command[20101]
      Executed DbCommand (0ms) [Parameters=[@__storeId_0='?' (DbType = Int32), @__from_1='?' (DbType = DateTime), @__toExclusive_2='?' (DbType = DateTime)], CommandType='Text', CommandTimeout='30']
      SELECT "j"."JournalEntryId", "j"."CanonicalData", "j"."CashPointId", "j"."EventType", "j"."GrossAmount", "j"."IsTraining", "j"."IsVoid", "j"."KeyVersion", "j"."NetAmount", "j"."OperatorId", "j"."OperatorName", "j"."OrderId", "j"."PreviousSignature", "j"."ReceiptNumber", "j"."ReceiptType", "j"."ReferencedJournalEntryId", "j"."ReferencedReceiptNumber", "j"."ReturnCustomerPhone", "j"."ReturnCustomerSignature", "j"."ReturnIdempotencyKey", "j"."ReturnReason", "j"."ReturnReasonType", "j"."RoundingAmount", "j"."SequenceNumber", "j"."Signature", "j"."StoreId", "j"."Timestamp", "j"."TipAmount", "j"."VatAmount"
      FROM "JournalEntries" AS "j"
      WHERE "j"."StoreId" = @__storeId_0 AND "j"."Timestamp" >= @__from_1 AND "j"."Timestamp" < @__toExclusive_2
      ORDER BY "j"."CashPointId", "j"."SequenceNumber", "j"."JournalEntryId"
info: Microsoft.EntityFrameworkCore.Database.Command[20101]
      Executed DbCommand (0ms) [Parameters=[@__storeId_0='?' (DbType = Int32)], CommandType='Text', CommandTimeout='30']
      SELECT "o"."OperatorId", "o"."ApplicationUserId", "o"."Created", "o"."DisplayName", "o"."FailedPinAttempts", "o"."IsActive", "o"."LockedUntil", "o"."PinHash", "o"."StoreId"
      FROM "Operators" AS "o"
      WHERE "o"."StoreId" = @__storeId_0
info: Microsoft.EntityFrameworkCore.Database.Command[20101]
      Executed DbCommand (0ms) [Parameters=[@__cashPointIds_0='?' (Size = 6)], CommandType='Text', CommandTimeout='30']
      SELECT "z"."ZReportId", "z"."AbortedSalesAmount", "z"."AbortedSalesCount", "z"."BankDepositAmount", "z"."CanonicalData", "z"."CashCounted", "z"."CashDifference", "z"."CashDrawerSessionId", "z"."CashExpected", "z"."CashPointId", "z"."CopyReceiptAmount", "z"."CopyReceiptCount", "z"."CorrectionAmount", "z"."CorrectionCount", "z"."DifferenceExplanation", "z"."DiscountAmount", "z"."DiscountCount", "z"."DrawerOpenCount", "z"."FromSequenceNumber", "z"."GeneratedAt", "z"."GoodsGroupTotalsJson", "z"."GrandTotalErrors", "z"."GrandTotalNegativeSales", "z"."GrandTotalNet", "z"."GrandTotalReturns", "z"."GrandTotalSales", "z"."GrandTotalTips", "z"."KeyVersion", "z"."LineCorrectionAmount", "z"."LineCorrectionCount", "z"."ManualDrawerOpenCount", "z"."NegativeSalesAmount", "z"."NegativeSalesCount", "z"."OperatorId", "z"."OperatorTotalsJson", "z"."PayInAmount", "z"."PayInCount", "z"."PayOutAmount", "z"."PayOutCount", "z"."PaymentTotalsJson", "z"."PreviousSignature", "z"."ProvisionalReceiptAmount", "z"."ProvisionalReceiptCount", "z"."ReceiptCount", "z"."ReferencedReturnsAmount", "z"."ReferencedReturnsCount", "z"."ReturnsAmount", "z"."ReturnsCount", "z"."SalesAmount", "z"."SalesCount", "z"."SalesNetAmount", "z"."SalesVatAmount", "z"."Signature", "z"."StartFloat", "z"."TipsAmount", "z"."TipsCount", "z"."ToSequenceNumber", "z"."TrainingAmount", "z"."TrainingCount", "z"."VatTotalsJson", "z"."ZNumber"
      FROM "ZReports" AS "z"
      WHERE "z"."CashPointId" IN (
          SELECT "c"."value"
          FROM json_each(@__cashPointIds_0) AS "c"
      )
info: Microsoft.EntityFrameworkCore.Database.Command[20101]
      Executed DbCommand (0ms) [Parameters=[@p0='?' (Size = 6), @p1='?' (Size = 47), @p2='?' (DbType = Int32), @p3='?' (DbType = DateTime), @p4='?' (Size = 12)], CommandType='Text', CommandTimeout='30']
      INSERT INTO "JournalAccessLogs" ("Action", "Parameters", "StoreId", "Timestamp", "UserId")
      VALUES (@p0, @p1, @p2, @p3, @p4)
      RETURNING "Id";
info: Microsoft.AspNetCore.Mvc.Infrastructure.ControllerActionInvoker[103]
      Executed action method WebApi.Controllers.SaftController.Export (WebApi), returned result Microsoft.AspNetCore.Mvc.FileContentResult in 72.5144ms.
info: Microsoft.AspNetCore.Mvc.Infrastructure.FileContentResultExecutor[2]
      Executing FileContentResult, sending file with download name 'SAF-T Cash Register_0_20260806130228.xml' ...
info: Microsoft.AspNetCore.Mvc.Infrastructure.ControllerActionInvoker[105]
      Executed action WebApi.Controllers.SaftController.Export (WebApi) in 73.6768ms
info: Microsoft.AspNetCore.Routing.EndpointMiddleware[1]
      Executed endpoint 'WebApi.Controllers.SaftController.Export (WebApi)'
info: Microsoft.AspNetCore.Hosting.Diagnostics[2]
      Request finished HTTP/1.1 GET http://localhost/saft/export?storeId=4101&from=2026-07-01&to=2026-07-02 - 200 935 application/xml 78.1976ms
info: Microsoft.AspNetCore.Hosting.Diagnostics[1]
      Request starting HTTP/1.1 GET http://localhost/saft/export?storeId=4101&from=2026-07-01&to=2026-07-02 - - -
info: Microsoft.AspNetCore.Cors.Infrastructure.CorsService[4]
      CORS policy execution successful.
info: Microsoft.AspNetCore.Authorization.DefaultAuthorizationService[2]
      Authorization failed. These requirements were not met:
      DenyAnonymousAuthorizationRequirement: Requires an authenticated user.
info: Microsoft.AspNetCore.Authentication.JwtBearer.JwtBearerHandler[12]
      AuthenticationScheme: Bearer was challenged.
info: Microsoft.AspNetCore.Hosting.Diagnostics[2]
      Request finished HTTP/1.1 GET http://localhost/saft/export?storeId=4101&from=2026-07-01&to=2026-07-02 - 401 - - 1.8272ms
info: Microsoft.EntityFrameworkCore.Database.Command[20101]
      Executed DbCommand (0ms) [Parameters=[@__name_0='?' (Size = 13)], CommandType='Text', CommandTimeout='30']
      SELECT "o"."Id", "o"."ConcurrencyToken", "o"."Description", "o"."Descriptions", "o"."DisplayName", "o"."DisplayNames", "o"."Name", "o"."Properties", "o"."Resources"
      FROM "OpenIddictScopes" AS "o"
      WHERE "o"."Name" = @__name_0
      LIMIT 1
info: Microsoft.EntityFrameworkCore.Database.Command[20101]
      Executed DbCommand (0ms) [Parameters=[@__name_0='?' (Size = 13)], CommandType='Text', CommandTimeout='30']
      SELECT "o"."Id", "o"."ConcurrencyToken", "o"."Description", "o"."Descriptions", "o"."DisplayName", "o"."DisplayNames", "o"."Name", "o"."Properties", "o"."Resources"
      FROM "OpenIddictScopes" AS "o"
      WHERE "o"."Name" = @__name_0
      LIMIT 1
info: Microsoft.EntityFrameworkCore.Database.Command[20101]
      Executed DbCommand (0ms) [Parameters=[@p0='?' (Size = 36), @p1='?' (Size = 36), @p2='?' (Size = 67), @p3='?', @p4='?' (Size = 38), @p5='?', @p6='?' (Size = 13), @p7='?', @p8='?' (Size = 29)], CommandType='Text', CommandTimeout='30']
      INSERT INTO "OpenIddictScopes" ("Id", "ConcurrencyToken", "Description", "Descriptions", "DisplayName", "DisplayNames", "Name", "Properties", "Resources")
      VALUES (@p0, @p1, @p2, @p3, @p4, @p5, @p6, @p7, @p8);
info: Microsoft.EntityFrameworkCore.Database.Command[20101]
      Executed DbCommand (0ms) [Parameters=[@__name_0='?' (Size = 13)], CommandType='Text', CommandTimeout='30']
      SELECT "o"."Id", "o"."ConcurrencyToken", "o"."Description", "o"."Descriptions", "o"."DisplayName", "o"."DisplayNames", "o"."Name", "o"."Properties", "o"."Resources"
      FROM "OpenIddictScopes" AS "o"
      WHERE "o"."Name" = @__name_0
      LIMIT 1
info: Microsoft.EntityFrameworkCore.Database.Command[20101]
      Executed DbCommand (0ms) [Parameters=[@__name_0='?' (Size = 13)], CommandType='Text', CommandTimeout='30']
      SELECT "o"."Id", "o"."ConcurrencyToken", "o"."Description", "o"."Descriptions", "o"."DisplayName", "o"."DisplayNames", "o"."Name", "o"."Properties", "o"."Resources"
      FROM "OpenIddictScopes" AS "o"
      WHERE "o"."Name" = @__name_0
      LIMIT 1
info: Microsoft.EntityFrameworkCore.Database.Command[20101]
      Executed DbCommand (0ms) [Parameters=[@p0='?' (Size = 36), @p1='?' (Size = 36), @p2='?' (Size = 73), @p3='?', @p4='?' (Size = 16), @p5='?', @p6='?' (Size = 13), @p7='?', @p8='?' (Size = 29)], CommandType='Text', CommandTimeout='30']
      INSERT INTO "OpenIddictScopes" ("Id", "ConcurrencyToken", "Description", "Descriptions", "DisplayName", "DisplayNames", "Name", "Properties", "Resources")
      VALUES (@p0, @p1, @p2, @p3, @p4, @p5, @p6, @p7, @p8);
info: Microsoft.EntityFrameworkCore.Database.Command[20101]
      Executed DbCommand (0ms) [Parameters=[@__name_0='?' (Size = 17)], CommandType='Text', CommandTimeout='30']
      SELECT "o"."Id", "o"."ConcurrencyToken", "o"."Description", "o"."Descriptions", "o"."DisplayName", "o"."DisplayNames", "o"."Name", "o"."Properties", "o"."Resources"
      FROM "OpenIddictScopes" AS "o"
      WHERE "o"."Name" = @__name_0
      LIMIT 1
info: Microsoft.EntityFrameworkCore.Database.Command[20101]
      Executed DbCommand (0ms) [Parameters=[@__name_0='?' (Size = 17)], CommandType='Text', CommandTimeout='30']
      SELECT "o"."Id", "o"."ConcurrencyToken", "o"."Description", "o"."Descriptions", "o"."DisplayName", "o"."DisplayNames", "o"."Name", "o"."Properties", "o"."Resources"
      FROM "OpenIddictScopes" AS "o"
      WHERE "o"."Name" = @__name_0
      LIMIT 1
info: Microsoft.EntityFrameworkCore.Database.Command[20101]
      Executed DbCommand (0ms) [Parameters=[@p0='?' (Size = 36), @p1='?' (Size = 36), @p2='?' (Size = 87), @p3='?', @p4='?' (Size = 32), @p5='?', @p6='?' (Size = 17), @p7='?', @p8='?' (Size = 29)], CommandType='Text', CommandTimeout='30']
      INSERT INTO "OpenIddictScopes" ("Id", "ConcurrencyToken", "Description", "Descriptions", "DisplayName", "DisplayNames", "Name", "Properties", "Resources")
      VALUES (@p0, @p1, @p2, @p3, @p4, @p5, @p6, @p7, @p8);
info: Microsoft.EntityFrameworkCore.Database.Command[20101]
      Executed DbCommand (0ms) [Parameters=[@__name_0='?' (Size = 20)], CommandType='Text', CommandTimeout='30']
      SELECT "o"."Id", "o"."ConcurrencyToken", "o"."Description", "o"."Descriptions", "o"."DisplayName", "o"."DisplayNames", "o"."Name", "o"."Properties", "o"."Resources"
      FROM "OpenIddictScopes" AS "o"
      WHERE "o"."Name" = @__name_0
      LIMIT 1
info: Microsoft.EntityFrameworkCore.Database.Command[20101]
      Executed DbCommand (0ms) [Parameters=[@__name_0='?' (Size = 20)], CommandType='Text', CommandTimeout='30']
      SELECT "o"."Id", "o"."ConcurrencyToken", "o"."Description", "o"."Descriptions", "o"."DisplayName", "o"."DisplayNames", "o"."Name", "o"."Properties", "o"."Resources"
      FROM "OpenIddictScopes" AS "o"
      WHERE "o"."Name" = @__name_0
      LIMIT 1
info: Microsoft.EntityFrameworkCore.Database.Command[20101]
      Executed DbCommand (0ms) [Parameters=[@p0='?' (Size = 36), @p1='?' (Size = 36), @p2='?' (Size = 106), @p3='?', @p4='?' (Size = 19), @p5='?', @p6='?' (Size = 20), @p7='?', @p8='?' (Size = 29)], CommandType='Text', CommandTimeout='30']
      INSERT INTO "OpenIddictScopes" ("Id", "ConcurrencyToken", "Description", "Descriptions", "DisplayName", "DisplayNames", "Name", "Properties", "Resources")
      VALUES (@p0, @p1, @p2, @p3, @p4, @p5, @p6, @p7, @p8);
info: Microsoft.EntityFrameworkCore.Database.Command[20101]
      Executed DbCommand (0ms) [Parameters=[@__identifier_0='?' (Size = 13)], CommandType='Text', CommandTimeout='30']
      SELECT "o"."Id", "o"."ApplicationType", "o"."ClientId", "o"."ClientSecret", "o"."ClientType", "o"."ConcurrencyToken", "o"."ConsentType", "o"."DisplayName", "o"."DisplayNames", "o"."JsonWebKeySet", "o"."Permissions", "o"."PostLogoutRedirectUris", "o"."Properties", "o"."RedirectUris", "o"."Requirements", "o"."Settings"
      FROM "OpenIddictApplications" AS "o"
      WHERE "o"."ClientId" = @__identifier_0
      LIMIT 1
info: Microsoft.EntityFrameworkCore.Database.Command[20101]
      Executed DbCommand (0ms) [Parameters=[@__identifier_0='?' (Size = 13)], CommandType='Text', CommandTimeout='30']
      SELECT "o"."Id", "o"."ApplicationType", "o"."ClientId", "o"."ClientSecret", "o"."ClientType", "o"."ConcurrencyToken", "o"."ConsentType", "o"."DisplayName", "o"."DisplayNames", "o"."JsonWebKeySet", "o"."Permissions", "o"."PostLogoutRedirectUris", "o"."Properties", "o"."RedirectUris", "o"."Requirements", "o"."Settings"
      FROM "OpenIddictApplications" AS "o"
      WHERE "o"."ClientId" = @__identifier_0
      LIMIT 1
info: Microsoft.EntityFrameworkCore.Database.Command[20101]
      Executed DbCommand (0ms) [Parameters=[@p0='?' (Size = 36), @p1='?', @p2='?' (Size = 13), @p3='?', @p4='?' (Size = 6), @p5='?' (Size = 36), @p6='?' (Size = 8), @p7='?' (Size = 13), @p8='?', @p9='?', @p10='?' (Size = 232), @p11='?', @p12='?', @p13='?' (Size = 145), @p14='?' (Size = 11), @p15='?' (Size = 55)], CommandType='Text', CommandTimeout='30']
      INSERT INTO "OpenIddictApplications" ("Id", "ApplicationType", "ClientId", "ClientSecret", "ClientType", "ConcurrencyToken", "ConsentType", "DisplayName", "DisplayNames", "JsonWebKeySet", "Permissions", "PostLogoutRedirectUris", "Properties", "RedirectUris", "Requirements", "Settings")
      VALUES (@p0, @p1, @p2, @p3, @p4, @p5, @p6, @p7, @p8, @p9, @p10, @p11, @p12, @p13, @p14, @p15);
info: Microsoft.AspNetCore.DataProtection.KeyManagement.XmlKeyManager[62]
      User profile is available. Using '/Users/svendaneel/.aspnet/DataProtection-Keys' as key repository; keys will not be encrypted at rest.
info: Microsoft.EntityFrameworkCore.Database.Command[20101]
      Executed DbCommand (0ms) [Parameters=[@__normalizedName_0='?' (Size = 13)], CommandType='Text', CommandTimeout='30']
      SELECT "a"."Id", "a"."ConcurrencyStamp", "a"."Name", "a"."NormalizedName"
      FROM "AspNetRoles" AS "a"
      WHERE "a"."NormalizedName" = @__normalizedName_0
      LIMIT 1
info: Microsoft.EntityFrameworkCore.Database.Command[20101]
      Executed DbCommand (0ms) [Parameters=[@__normalizedName_0='?' (Size = 13)], CommandType='Text', CommandTimeout='30']
      SELECT "a"."Id", "a"."ConcurrencyStamp", "a"."Name", "a"."NormalizedName"
      FROM "AspNetRoles" AS "a"
      WHERE "a"."NormalizedName" = @__normalizedName_0
      LIMIT 1
info: Microsoft.EntityFrameworkCore.Database.Command[20101]
      Executed DbCommand (0ms) [Parameters=[@p0='?' (Size = 36), @p1='?', @p2='?' (Size = 13), @p3='?' (Size = 13)], CommandType='Text', CommandTimeout='30']
      INSERT INTO "AspNetRoles" ("Id", "ConcurrencyStamp", "Name", "NormalizedName")
      VALUES (@p0, @p1, @p2, @p3);
crit: WebApi.Program[0]
      AppSettings:AdminUserPhoneNumber cannot name an account: it is empty or holds characters outside the set Identity allows in an account name (+0123456789), so the lookup can never match and NOBODY will ever hold PowerUserRole in this deployment. Every [Authorize(Roles = PowerUserRole)] endpoint refuses every caller and StoreAdminPolicy admits store admins only. Committed appsettings.json ships the "Set in Azure" placeholder, so an environment that does not override the value lands here: set it in Azure configuration or user secrets to the administrator's phone number in the exact form the account is registered with.
info: Microsoft.EntityFrameworkCore.Database.Command[20101]
      Executed DbCommand (0ms) [Parameters=[], CommandType='Text', CommandTimeout='30']
      SELECT "w"."DecisionTablesJson"
      FROM "WorkforceRuleSetVersions" AS "w"
      WHERE "w"."Jurisdiction" = 'NO' AND "w"."PackName" = 'NO-AML-2026-07' AND "w"."Version" = 2
      LIMIT 1
info: Microsoft.EntityFrameworkCore.Database.Command[20101]
      Executed DbCommand (0ms) [Parameters=[@p0='?' (DbType = Guid), @p1='?', @p2='?' (DbType = DateTime), @p3='?', @p4='?' (DbType = DateTime), @p5='?' (Size = 5065), @p6='?' (DbType = DateTime), @p7='?' (DbType = DateTime), @p8='?' (Size = 6), @p9='?' (Size = 2), @p10='?' (Size = 14), @p11='?' (DbType = Int32)], CommandType='Text', CommandTimeout='30']
      INSERT INTO "WorkforceRuleSetVersions" ("Id", "CounselSignatureRef", "CounselSignedAtUtc", "CounselSignedBy", "CreatedAtUtc", "DecisionTablesJson", "EffectiveFromUtc", "EffectiveToUtc", "EnforcementMode", "Jurisdiction", "PackName", "Version")
      VALUES (@p0, @p1, @p2, @p3, @p4, @p5, @p6, @p7, @p8, @p9, @p10, @p11);
info: Microsoft.EntityFrameworkCore.Database.Command[20101]
      Executed DbCommand (0ms) [Parameters=[], CommandType='Text', CommandTimeout='30']
      SELECT EXISTS (
          SELECT 1
          FROM "GrowthConsentTextVersions" AS "g"
          WHERE "g"."Locale" = 'nb-NO')
info: Microsoft.EntityFrameworkCore.Database.Command[20101]
      Executed DbCommand (0ms) [Parameters=[@p0='?' (DbType = Boolean), @p1='?' (DbType = DateTimeOffset), @p2='?' (Size = 5), @p3='?' (Size = 152), @p4='?' (DbType = Int32)], CommandType='Text', CommandTimeout='30']
      INSERT INTO "GrowthConsentTextVersions" ("CoversOpenMeasurement", "EffectiveAt", "Locale", "Text", "Version")
      VALUES (@p0, @p1, @p2, @p3, @p4)
      RETURNING "Id";
warn: WebApi[0]
      Seeded the SHIPPED BASELINE Growth consent text for locale nb-NO as v1. This wording is COUNSEL-UNSIGNED: guests are now being shown, and recorded as agreeing to, copy no human has signed off. Publish reviewed wording via POST /v1/growth/consent-texts (PowerUser) — it becomes a NEW version and v1 stays byte-unchanged, because live receipts pin it.
info: Microsoft.AspNetCore.Hosting.Diagnostics[1]
      Request starting HTTP/1.1 GET http://localhost/v1/meals/statements/d0117104-0000-0000-0000-0000000000a1/export - - -
warn: Microsoft.AspNetCore.HttpsPolicy.HttpsRedirectionMiddleware[3]
      Failed to determine the https port for redirect.
info: Microsoft.AspNetCore.Cors.Infrastructure.CorsService[4]
      CORS policy execution successful.
info: Microsoft.EntityFrameworkCore.Database.Command[20101]
      Executed DbCommand (0ms) [Parameters=[@__p_0='?' (Size = 20)], CommandType='Text', CommandTimeout='30']
      SELECT "a"."Id", "a"."AccessFailedCount", "a"."BirthDate", "a"."City", "a"."CommaSeparatedFavoriteProductIds", "a"."ConcurrencyStamp", "a"."Confirmed", "a"."DeliveryInstructions", "a"."Email", "a"."EmailConfirmationCode", "a"."EmailConfirmationCodeExpiry", "a"."EmailConfirmed", "a"."FirstName", "a"."FullAddress", "a"."IsKeyAccountDirector", "a"."IsKeyAccountManager", "a"."IsPowerUser", "a"."KeyAccountDirectorId", "a"."LastName", "a"."LockoutEnabled", "a"."LockoutEnd", "a"."NormalizedEmail", "a"."NormalizedUserName", "a"."PasswordHash", "a"."PhoneNumber", "a"."PhoneNumberConfirmed", "a"."Registered", "a"."SecurityStamp", "a"."ShowFeedback", "a"."StripeCustomerId", "a"."TwoFactorEnabled", "a"."UserName", "a"."ZipCode"
      FROM "AspNetUsers" AS "a"
      WHERE "a"."Id" = @__p_0
      LIMIT 1
info: Microsoft.AspNetCore.Routing.EndpointMiddleware[0]
      Executing endpoint 'WebApi.Controllers.Meals.MealsStatementController.Export (WebApi)'
info: Microsoft.AspNetCore.Mvc.Infrastructure.ControllerActionInvoker[102]
      Route matched with {action = "Export", controller = "MealsStatement"}. Executing controller action with signature System.Threading.Tasks.Task`1[Microsoft.AspNetCore.Mvc.IActionResult] Export(System.Guid, System.String) on controller WebApi.Controllers.Meals.MealsStatementController (WebApi).
info: Microsoft.AspNetCore.Mvc.Infrastructure.ControllerActionInvoker[101]
      Executing action method WebApi.Controllers.Meals.MealsStatementController.Export (WebApi) - Validation state: Valid
info: Microsoft.EntityFrameworkCore.Database.Command[20101]
      Executed DbCommand (0ms) [Parameters=[@__statementId_0='?' (DbType = Guid)], CommandType='Text', CommandTimeout='30']
      SELECT "m"."StatementRunId", "m"."CompanyId", "m"."ConcurrencyVersion", "m"."ContentHash", "m"."CreatedAtUtc", "m"."Currency", "m"."FinalizedAtUtc", "m"."LineCount", "m"."PeriodMonth", "m"."PeriodYear", "m"."Status", "m"."StoreId", "m"."TotalGrossMinor", "m"."TotalNetMinor", "m"."TotalVatMinor"
      FROM "MealsStatementRuns" AS "m"
      WHERE "m"."StatementRunId" = @__statementId_0
      LIMIT 1
info: Microsoft.EntityFrameworkCore.Database.Command[20101]
      Executed DbCommand (0ms) [Parameters=[@__storeId_0='?' (DbType = Int32)], CommandType='Text', CommandTimeout='30']
      SELECT "t"."StoreId", "t"."AddressId", "t"."AllowOrdersAfterOpeningHours", "t"."ApplicationFeeAmount", "t"."ApplicationFeePercent", "t"."Approved", "t"."BankAccountId", "t"."ContactEmails", "t"."Country", "t"."CurrencyCode", "t"."DeliveryEstimatedMinutes", "t"."DineHomeDeliveryEnabled", "t"."DineHomeOutletId", "t"."DinteroEnabled", "t"."FeedbackMessage", "t"."FeedbackUrl", "t"."GiftcardBankAccountNumber", "t"."GiftcardEnabled", "t"."HomeDeliveryEnabled", "t"."HomeDeliveryFromAddressId", "t"."LegalName", "t"."MinimumOrderPriceForHomeDelivery", "t"."Name", "t"."PayInStoreEnabled", "t"."PayoutStoreId", "t"."PhoneNumber", "t"."PickupEstimatedMinutes", "t"."Registered", "t"."RewardProgramId", "t"."SelfCheckout", "t"."SelfPickUp", "t"."SendInvoiceToEmails", "t"."SmsSenderName", "t"."StatusMessage", "t"."StripeEnabled", "t"."SurfboardEnabled", "t"."TableDeliveryEnabled", "t"."TableReservationEnabled", "t"."TerminalProvider", "t"."TimeZone", "t"."TipHeading", "t"."TipPercentEnabled", "t"."VAT", "t"."VippsEnabled", "t"."VippsMsn", "t"."WarningMessage", "t"."WoltCustomerDeliveryFeeAmount", "t"."WoltDriveEnabled", "t"."WoltDriveMerchantId", "t"."WoltDriveMerchantKey", "t"."WoltDriveVenueId", "t"."WoltServiceFeeAmount", "s0"."ApplicationUserId", "s0"."StoreId"
      FROM (
          SELECT "s"."StoreId", "s"."AddressId", "s"."AllowOrdersAfterOpeningHours", "s"."ApplicationFeeAmount", "s"."ApplicationFeePercent", "s"."Approved", "s"."BankAccountId", "s"."ContactEmails", "s"."Country", "s"."CurrencyCode", "s"."DeliveryEstimatedMinutes", "s"."DineHomeDeliveryEnabled", "s"."DineHomeOutletId", "s"."DinteroEnabled", "s"."FeedbackMessage", "s"."FeedbackUrl", "s"."GiftcardBankAccountNumber", "s"."GiftcardEnabled", "s"."HomeDeliveryEnabled", "s"."HomeDeliveryFromAddressId", "s"."LegalName", "s"."MinimumOrderPriceForHomeDelivery", "s"."Name", "s"."PayInStoreEnabled", "s"."PayoutStoreId", "s"."PhoneNumber", "s"."PickupEstimatedMinutes", "s"."Registered", "s"."RewardProgramId", "s"."SelfCheckout", "s"."SelfPickUp", "s"."SendInvoiceToEmails", "s"."SmsSenderName", "s"."StatusMessage", "s"."StripeEnabled", "s"."SurfboardEnabled", "s"."TableDeliveryEnabled", "s"."TableReservationEnabled", "s"."TerminalProvider", "s"."TimeZone", "s"."TipHeading", "s"."TipPercentEnabled", "s"."VAT", "s"."VippsEnabled", "s"."VippsMsn", "s"."WarningMessage", "s"."WoltCustomerDeliveryFeeAmount", "s"."WoltDriveEnabled", "s"."WoltDriveMerchantId", "s"."WoltDriveMerchantKey", "s"."WoltDriveVenueId", "s"."WoltServiceFeeAmount"
          FROM "Stores" AS "s"
          WHERE "s"."StoreId" = @__storeId_0
          LIMIT 1
      ) AS "t"
      LEFT JOIN "StoreAdmins" AS "s0" ON "t"."StoreId" = "s0"."StoreId"
      ORDER BY "t"."StoreId", "s0"."ApplicationUserId"
info: Microsoft.EntityFrameworkCore.Database.Command[20101]
      Executed DbCommand (0ms) [Parameters=[@__companyId_0='?' (DbType = Guid), @__runId_1='?' (DbType = Guid)], CommandType='Text', CommandTimeout='30']
      SELECT "m"."StatementLineId", "m"."AllocationId", "m"."CompanyId", "m"."CreatedAtUtc", "m"."Currency", "m"."GrossMinor", "m"."Kind", "m"."MemberDisplayRef", "m"."NetMinor", "m"."OrderId", "m"."OrderOccurredAtUtc", "m"."SourceReceiptNumber", "m"."StatementRunId", "m"."VatLinesJson", "m"."VatMinor"
      FROM "MealsStatementLines" AS "m"
      WHERE "m"."CompanyId" = @__companyId_0 AND "m"."StatementRunId" = @__runId_1
info: Microsoft.EntityFrameworkCore.Database.Command[20101]
      Executed DbCommand (0ms) [Parameters=[@__companyId_0='?' (DbType = Guid)], CommandType='Text', CommandTimeout='30']
      SELECT "m"."SourceReversalAllocationId", "m"."StatementRunId"
      FROM "MealsCreditAdjustments" AS "m"
      WHERE "m"."CompanyId" = @__companyId_0
info: Microsoft.AspNetCore.Mvc.Infrastructure.ControllerActionInvoker[103]
      Executed action method WebApi.Controllers.Meals.MealsStatementController.Export (WebApi), returned result Microsoft.AspNetCore.Mvc.FileContentResult in 14.6385ms.
info: Microsoft.AspNetCore.Mvc.Infrastructure.FileContentResultExecutor[2]
      Executing FileContentResult, sending file with download name 'meals-statement-2026-06-d01171040000000000000000000000a1.csv' ...
info: Microsoft.AspNetCore.Mvc.Infrastructure.ControllerActionInvoker[105]
      Executed action WebApi.Controllers.Meals.MealsStatementController.Export (WebApi) in 16.4833ms
info: Microsoft.AspNetCore.Routing.EndpointMiddleware[1]
      Executed endpoint 'WebApi.Controllers.Meals.MealsStatementController.Export (WebApi)'
info: Microsoft.AspNetCore.Hosting.Diagnostics[2]
      Request finished HTTP/1.1 GET http://localhost/v1/meals/statements/d0117104-0000-0000-0000-0000000000a1/export - 200 434 text/csv;+charset=utf-8 70.2249ms

Passed!  - Failed:     0, Passed:    10, Skipped:     0, Total:    10, Duration: 1 s - WebApi.Tests.dll (net8.0)
