Test run for /Users/svendaneel/okam/OkamAPI-modules-wt/L-SEEDS-STATUTORY/WebApi.Tests/bin/Debug/net8.0/WebApi.Tests.dll (.NETCoreApp,Version=v8.0)
Microsoft (R) Test Execution Command Line Tool Version 17.8.0 (arm64)
Copyright (c) Microsoft Corporation.  All rights reserved.

Starting test execution, please wait...
A total of 1 test files matched the specified pattern.
warn: Microsoft.EntityFrameworkCore.Model.Validation[10622]
      Entity 'Order' has a global query filter defined and is the required end of a relationship with the entity 'CheckSplit'. This may lead to unexpected results when the required entity is filtered out. Either configure the navigation as optional, or define matching query filters for both entities in the navigation. See https://go.microsoft.com/fwlink/?linkid=2131316 for more information.
warn: Microsoft.EntityFrameworkCore.Model.Validation[10622]
      Entity 'Order' has a global query filter defined and is the required end of a relationship with the entity 'OrderPayment'. This may lead to unexpected results when the required entity is filtered out. Either configure the navigation as optional, or define matching query filters for both entities in the navigation. See https://go.microsoft.com/fwlink/?linkid=2131316 for more information.
warn: Microsoft.EntityFrameworkCore.Model.Validation[10622]
      Entity 'Order' has a global query filter defined and is the required end of a relationship with the entity 'PosSettlement'. This may lead to unexpected results when the required entity is filtered out. Either configure the navigation as optional, or define matching query filters for both entities in the navigation. See https://go.microsoft.com/fwlink/?linkid=2131316 for more information.
warn: Microsoft.EntityFrameworkCore.Model.Validation[10622]
      Entity 'Order' has a global query filter defined and is the required end of a relationship with the entity 'RegularDiscountUsage'. This may lead to unexpected results when the required entity is filtered out. Either configure the navigation as optional, or define matching query filters for both entities in the navigation. See https://go.microsoft.com/fwlink/?linkid=2131316 for more information.
warn: Microsoft.EntityFrameworkCore.Model.Validation[10622]
      Entity 'Order' has a global query filter defined and is the required end of a relationship with the entity 'WoltDeliveryInfo'. This may lead to unexpected results when the required entity is filtered out. Either configure the navigation as optional, or define matching query filters for both entities in the navigation. See https://go.microsoft.com/fwlink/?linkid=2131316 for more information.
warn: Microsoft.EntityFrameworkCore.Model.Validation[20601]
      The 'TerminalProvider' property 'TerminalProvider' on entity type 'Store' is configured with a database-generated default, but has no configured sentinel value. The database-generated default will always be used for inserts when the property has the value 'Auto', since this is the CLR default for the 'TerminalProvider' type. Consider using a nullable type, using a nullable backing field, or setting the sentinel value for the property to ensure the database default is used when, and only when, appropriate. See https://aka.ms/efcore-docs-default-values for more information.
info: Microsoft.EntityFrameworkCore.Database.Command[20101]
      Executed DbCommand (2ms) [Parameters=[@__name_0='?' (Size = 13)], CommandType='Text', CommandTimeout='30']
      SELECT "o"."Id", "o"."ConcurrencyToken", "o"."Description", "o"."Descriptions", "o"."DisplayName", "o"."DisplayNames", "o"."Name", "o"."Properties", "o"."Resources"
      FROM "OpenIddictScopes" AS "o"
      WHERE "o"."Name" = @__name_0
      LIMIT 1
info: Microsoft.EntityFrameworkCore.Database.Command[20101]
      Executed DbCommand (0ms) [Parameters=[@__name_0='?' (Size = 13)], CommandType='Text', CommandTimeout='30']
      SELECT "o"."Id", "o"."ConcurrencyToken", "o"."Description", "o"."Descriptions", "o"."DisplayName", "o"."DisplayNames", "o"."Name", "o"."Properties", "o"."Resources"
      FROM "OpenIddictScopes" AS "o"
      WHERE "o"."Name" = @__name_0
      LIMIT 1
info: Microsoft.EntityFrameworkCore.Database.Command[20101]
      Executed DbCommand (0ms) [Parameters=[@p0='?' (Size = 36), @p1='?' (Size = 36), @p2='?' (Size = 67), @p3='?', @p4='?' (Size = 38), @p5='?', @p6='?' (Size = 13), @p7='?', @p8='?' (Size = 29)], CommandType='Text', CommandTimeout='30']
      INSERT INTO "OpenIddictScopes" ("Id", "ConcurrencyToken", "Description", "Descriptions", "DisplayName", "DisplayNames", "Name", "Properties", "Resources")
      VALUES (@p0, @p1, @p2, @p3, @p4, @p5, @p6, @p7, @p8);
info: Microsoft.EntityFrameworkCore.Database.Command[20101]
      Executed DbCommand (0ms) [Parameters=[@__name_0='?' (Size = 13)], CommandType='Text', CommandTimeout='30']
      SELECT "o"."Id", "o"."ConcurrencyToken", "o"."Description", "o"."Descriptions", "o"."DisplayName", "o"."DisplayNames", "o"."Name", "o"."Properties", "o"."Resources"
      FROM "OpenIddictScopes" AS "o"
      WHERE "o"."Name" = @__name_0
      LIMIT 1
info: Microsoft.EntityFrameworkCore.Database.Command[20101]
      Executed DbCommand (0ms) [Parameters=[@__name_0='?' (Size = 13)], CommandType='Text', CommandTimeout='30']
      SELECT "o"."Id", "o"."ConcurrencyToken", "o"."Description", "o"."Descriptions", "o"."DisplayName", "o"."DisplayNames", "o"."Name", "o"."Properties", "o"."Resources"
      FROM "OpenIddictScopes" AS "o"
      WHERE "o"."Name" = @__name_0
      LIMIT 1
info: Microsoft.EntityFrameworkCore.Database.Command[20101]
      Executed DbCommand (0ms) [Parameters=[@p0='?' (Size = 36), @p1='?' (Size = 36), @p2='?' (Size = 73), @p3='?', @p4='?' (Size = 16), @p5='?', @p6='?' (Size = 13), @p7='?', @p8='?' (Size = 29)], CommandType='Text', CommandTimeout='30']
      INSERT INTO "OpenIddictScopes" ("Id", "ConcurrencyToken", "Description", "Descriptions", "DisplayName", "DisplayNames", "Name", "Properties", "Resources")
      VALUES (@p0, @p1, @p2, @p3, @p4, @p5, @p6, @p7, @p8);
info: Microsoft.EntityFrameworkCore.Database.Command[20101]
      Executed DbCommand (0ms) [Parameters=[@__name_0='?' (Size = 17)], CommandType='Text', CommandTimeout='30']
      SELECT "o"."Id", "o"."ConcurrencyToken", "o"."Description", "o"."Descriptions", "o"."DisplayName", "o"."DisplayNames", "o"."Name", "o"."Properties", "o"."Resources"
      FROM "OpenIddictScopes" AS "o"
      WHERE "o"."Name" = @__name_0
      LIMIT 1
info: Microsoft.EntityFrameworkCore.Database.Command[20101]
      Executed DbCommand (0ms) [Parameters=[@__name_0='?' (Size = 17)], CommandType='Text', CommandTimeout='30']
      SELECT "o"."Id", "o"."ConcurrencyToken", "o"."Description", "o"."Descriptions", "o"."DisplayName", "o"."DisplayNames", "o"."Name", "o"."Properties", "o"."Resources"
      FROM "OpenIddictScopes" AS "o"
      WHERE "o"."Name" = @__name_0
      LIMIT 1
info: Microsoft.EntityFrameworkCore.Database.Command[20101]
      Executed DbCommand (0ms) [Parameters=[@p0='?' (Size = 36), @p1='?' (Size = 36), @p2='?' (Size = 87), @p3='?', @p4='?' (Size = 32), @p5='?', @p6='?' (Size = 17), @p7='?', @p8='?' (Size = 29)], CommandType='Text', CommandTimeout='30']
      INSERT INTO "OpenIddictScopes" ("Id", "ConcurrencyToken", "Description", "Descriptions", "DisplayName", "DisplayNames", "Name", "Properties", "Resources")
      VALUES (@p0, @p1, @p2, @p3, @p4, @p5, @p6, @p7, @p8);
info: Microsoft.EntityFrameworkCore.Database.Command[20101]
      Executed DbCommand (0ms) [Parameters=[@__name_0='?' (Size = 20)], CommandType='Text', CommandTimeout='30']
      SELECT "o"."Id", "o"."ConcurrencyToken", "o"."Description", "o"."Descriptions", "o"."DisplayName", "o"."DisplayNames", "o"."Name", "o"."Properties", "o"."Resources"
      FROM "OpenIddictScopes" AS "o"
      WHERE "o"."Name" = @__name_0
      LIMIT 1
info: Microsoft.EntityFrameworkCore.Database.Command[20101]
      Executed DbCommand (0ms) [Parameters=[@__name_0='?' (Size = 20)], CommandType='Text', CommandTimeout='30']
      SELECT "o"."Id", "o"."ConcurrencyToken", "o"."Description", "o"."Descriptions", "o"."DisplayName", "o"."DisplayNames", "o"."Name", "o"."Properties", "o"."Resources"
      FROM "OpenIddictScopes" AS "o"
      WHERE "o"."Name" = @__name_0
      LIMIT 1
info: Microsoft.EntityFrameworkCore.Database.Command[20101]
      Executed DbCommand (0ms) [Parameters=[@p0='?' (Size = 36), @p1='?' (Size = 36), @p2='?' (Size = 106), @p3='?', @p4='?' (Size = 19), @p5='?', @p6='?' (Size = 20), @p7='?', @p8='?' (Size = 29)], CommandType='Text', CommandTimeout='30']
      INSERT INTO "OpenIddictScopes" ("Id", "ConcurrencyToken", "Description", "Descriptions", "DisplayName", "DisplayNames", "Name", "Properties", "Resources")
      VALUES (@p0, @p1, @p2, @p3, @p4, @p5, @p6, @p7, @p8);
info: Microsoft.EntityFrameworkCore.Database.Command[20101]
      Executed DbCommand (0ms) [Parameters=[@__identifier_0='?' (Size = 13)], CommandType='Text', CommandTimeout='30']
      SELECT "o"."Id", "o"."ApplicationType", "o"."ClientId", "o"."ClientSecret", "o"."ClientType", "o"."ConcurrencyToken", "o"."ConsentType", "o"."DisplayName", "o"."DisplayNames", "o"."JsonWebKeySet", "o"."Permissions", "o"."PostLogoutRedirectUris", "o"."Properties", "o"."RedirectUris", "o"."Requirements", "o"."Settings"
      FROM "OpenIddictApplications" AS "o"
      WHERE "o"."ClientId" = @__identifier_0
      LIMIT 1
info: Microsoft.EntityFrameworkCore.Database.Command[20101]
      Executed DbCommand (0ms) [Parameters=[@__identifier_0='?' (Size = 13)], CommandType='Text', CommandTimeout='30']
      SELECT "o"."Id", "o"."ApplicationType", "o"."ClientId", "o"."ClientSecret", "o"."ClientType", "o"."ConcurrencyToken", "o"."ConsentType", "o"."DisplayName", "o"."DisplayNames", "o"."JsonWebKeySet", "o"."Permissions", "o"."PostLogoutRedirectUris", "o"."Properties", "o"."RedirectUris", "o"."Requirements", "o"."Settings"
      FROM "OpenIddictApplications" AS "o"
      WHERE "o"."ClientId" = @__identifier_0
      LIMIT 1
info: Microsoft.EntityFrameworkCore.Database.Command[20101]
      Executed DbCommand (0ms) [Parameters=[@p0='?' (Size = 36), @p1='?', @p2='?' (Size = 13), @p3='?', @p4='?' (Size = 6), @p5='?' (Size = 36), @p6='?' (Size = 8), @p7='?' (Size = 13), @p8='?', @p9='?', @p10='?' (Size = 232), @p11='?', @p12='?', @p13='?' (Size = 145), @p14='?' (Size = 11), @p15='?' (Size = 55)], CommandType='Text', CommandTimeout='30']
      INSERT INTO "OpenIddictApplications" ("Id", "ApplicationType", "ClientId", "ClientSecret", "ClientType", "ConcurrencyToken", "ConsentType", "DisplayName", "DisplayNames", "JsonWebKeySet", "Permissions", "PostLogoutRedirectUris", "Properties", "RedirectUris", "Requirements", "Settings")
      VALUES (@p0, @p1, @p2, @p3, @p4, @p5, @p6, @p7, @p8, @p9, @p10, @p11, @p12, @p13, @p14, @p15);
info: Microsoft.AspNetCore.DataProtection.KeyManagement.XmlKeyManager[62]
      User profile is available. Using '/Users/svendaneel/.aspnet/DataProtection-Keys' as key repository; keys will not be encrypted at rest.
info: Microsoft.EntityFrameworkCore.Database.Command[20101]
      Executed DbCommand (0ms) [Parameters=[@__normalizedName_0='?' (Size = 13)], CommandType='Text', CommandTimeout='30']
      SELECT "a"."Id", "a"."ConcurrencyStamp", "a"."Name", "a"."NormalizedName"
      FROM "AspNetRoles" AS "a"
      WHERE "a"."NormalizedName" = @__normalizedName_0
      LIMIT 1
crit: WebApi.Program[0]
      AppSettings:AdminUserPhoneNumber cannot name an account: it is empty or holds characters outside the set Identity allows in an account name (+0123456789), so the lookup can never match and NOBODY will ever hold PowerUserRole in this deployment. Every [Authorize(Roles = PowerUserRole)] endpoint refuses every caller and StoreAdminPolicy admits store admins only. Committed appsettings.json ships the "Set in Azure" placeholder, so an environment that does not override the value lands here: set it in Azure configuration or user secrets to the administrator's phone number in the exact form the account is registered with.
info: Microsoft.EntityFrameworkCore.Database.Command[20101]
      Executed DbCommand (0ms) [Parameters=[], CommandType='Text', CommandTimeout='30']
      SELECT "w"."DecisionTablesJson"
      FROM "WorkforceRuleSetVersions" AS "w"
      WHERE "w"."Jurisdiction" = 'NO' AND "w"."PackName" = 'NO-AML-2026-07' AND "w"."Version" = 2
      LIMIT 1
info: Microsoft.EntityFrameworkCore.Database.Command[20101]
      Executed DbCommand (0ms) [Parameters=[@p0='?' (DbType = Guid), @p1='?', @p2='?' (DbType = DateTime), @p3='?', @p4='?' (DbType = DateTime), @p5='?' (Size = 5065), @p6='?' (DbType = DateTime), @p7='?' (DbType = DateTime), @p8='?' (Size = 6), @p9='?' (Size = 2), @p10='?' (Size = 14), @p11='?' (DbType = Int32)], CommandType='Text', CommandTimeout='30']
      INSERT INTO "WorkforceRuleSetVersions" ("Id", "CounselSignatureRef", "CounselSignedAtUtc", "CounselSignedBy", "CreatedAtUtc", "DecisionTablesJson", "EffectiveFromUtc", "EffectiveToUtc", "EnforcementMode", "Jurisdiction", "PackName", "Version")
      VALUES (@p0, @p1, @p2, @p3, @p4, @p5, @p6, @p7, @p8, @p9, @p10, @p11);
info: Microsoft.EntityFrameworkCore.Database.Command[20101]
      Executed DbCommand (0ms) [Parameters=[], CommandType='Text', CommandTimeout='30']
      SELECT EXISTS (
          SELECT 1
          FROM "GrowthConsentTextVersions" AS "g"
          WHERE "g"."Locale" = 'nb-NO')
info: Microsoft.EntityFrameworkCore.Database.Command[20101]
      Executed DbCommand (0ms) [Parameters=[@p0='?' (DbType = Boolean), @p1='?' (DbType = DateTimeOffset), @p2='?' (Size = 5), @p3='?' (Size = 152), @p4='?' (DbType = Int32)], CommandType='Text', CommandTimeout='30']
      INSERT INTO "GrowthConsentTextVersions" ("CoversOpenMeasurement", "EffectiveAt", "Locale", "Text", "Version")
      VALUES (@p0, @p1, @p2, @p3, @p4)
      RETURNING "Id";
warn: WebApi[0]
      Seeded the SHIPPED BASELINE Growth consent text for locale nb-NO as v1. This wording is COUNSEL-UNSIGNED: guests are now being shown, and recorded as agreeing to, copy no human has signed off. Publish reviewed wording via POST /v1/growth/consent-texts (PowerUser) — it becomes a NEW version and v1 stays byte-unchanged, because live receipts pin it.
info: Microsoft.EntityFrameworkCore.Database.Command[20101]
      Executed DbCommand (0ms) [Parameters=[@__userId_0='?' (Size = 12)], CommandType='Text', CommandTimeout='30']
      SELECT "a"."Id", "a"."AccessFailedCount", "a"."BirthDate", "a"."City", "a"."CommaSeparatedFavoriteProductIds", "a"."ConcurrencyStamp", "a"."Confirmed", "a"."DeliveryInstructions", "a"."Email", "a"."EmailConfirmationCode", "a"."EmailConfirmationCodeExpiry", "a"."EmailConfirmed", "a"."FirstName", "a"."FullAddress", "a"."IsKeyAccountDirector", "a"."IsKeyAccountManager", "a"."IsPowerUser", "a"."KeyAccountDirectorId", "a"."LastName", "a"."LockoutEnabled", "a"."LockoutEnd", "a"."NormalizedEmail", "a"."NormalizedUserName", "a"."PasswordHash", "a"."PhoneNumber", "a"."PhoneNumberConfirmed", "a"."Registered", "a"."SecurityStamp", "a"."ShowFeedback", "a"."StripeCustomerId", "a"."TwoFactorEnabled", "a"."UserName", "a"."ZipCode"
      FROM "AspNetUsers" AS "a"
      WHERE "a"."Id" = @__userId_0
      LIMIT 2
info: Microsoft.EntityFrameworkCore.Database.Command[20101]
      Executed DbCommand (0ms) [Parameters=[@__userId_0='?' (Size = 12)], CommandType='Text', CommandTimeout='30']
      SELECT "a0"."Name"
      FROM "AspNetUserRoles" AS "a"
      INNER JOIN "AspNetRoles" AS "a0" ON "a"."RoleId" = "a0"."Id"
      WHERE "a"."UserId" = @__userId_0
info: Microsoft.EntityFrameworkCore.Database.Command[20101]
      Executed DbCommand (0ms) [Parameters=[@__userId_0='?' (Size = 12)], CommandType='Text', CommandTimeout='30']
      SELECT "a"."Id", "a"."AccessFailedCount", "a"."BirthDate", "a"."City", "a"."CommaSeparatedFavoriteProductIds", "a"."ConcurrencyStamp", "a"."Confirmed", "a"."DeliveryInstructions", "a"."Email", "a"."EmailConfirmationCode", "a"."EmailConfirmationCodeExpiry", "a"."EmailConfirmed", "a"."FirstName", "a"."FullAddress", "a"."IsKeyAccountDirector", "a"."IsKeyAccountManager", "a"."IsPowerUser", "a"."KeyAccountDirectorId", "a"."LastName", "a"."LockoutEnabled", "a"."LockoutEnd", "a"."NormalizedEmail", "a"."NormalizedUserName", "a"."PasswordHash", "a"."PhoneNumber", "a"."PhoneNumberConfirmed", "a"."Registered", "a"."SecurityStamp", "a"."ShowFeedback", "a"."StripeCustomerId", "a"."TwoFactorEnabled", "a"."UserName", "a"."ZipCode"
      FROM "AspNetUsers" AS "a"
      WHERE "a"."Id" = @__userId_0
      LIMIT 2
info: Microsoft.EntityFrameworkCore.Database.Command[20101]
      Executed DbCommand (0ms) [Parameters=[@__userId_0='?' (Size = 12)], CommandType='Text', CommandTimeout='30']
      SELECT "a0"."Name"
      FROM "AspNetUserRoles" AS "a"
      INNER JOIN "AspNetRoles" AS "a0" ON "a"."RoleId" = "a0"."Id"
      WHERE "a"."UserId" = @__userId_0
info: Microsoft.EntityFrameworkCore.Database.Command[20101]
      Executed DbCommand (0ms) [Parameters=[@__userId_0='?' (Size = 15)], CommandType='Text', CommandTimeout='30']
      SELECT "a"."Id", "a"."AccessFailedCount", "a"."BirthDate", "a"."City", "a"."CommaSeparatedFavoriteProductIds", "a"."ConcurrencyStamp", "a"."Confirmed", "a"."DeliveryInstructions", "a"."Email", "a"."EmailConfirmationCode", "a"."EmailConfirmationCodeExpiry", "a"."EmailConfirmed", "a"."FirstName", "a"."FullAddress", "a"."IsKeyAccountDirector", "a"."IsKeyAccountManager", "a"."IsPowerUser", "a"."KeyAccountDirectorId", "a"."LastName", "a"."LockoutEnabled", "a"."LockoutEnd", "a"."NormalizedEmail", "a"."NormalizedUserName", "a"."PasswordHash", "a"."PhoneNumber", "a"."PhoneNumberConfirmed", "a"."Registered", "a"."SecurityStamp", "a"."ShowFeedback", "a"."StripeCustomerId", "a"."TwoFactorEnabled", "a"."UserName", "a"."ZipCode"
      FROM "AspNetUsers" AS "a"
      WHERE "a"."Id" = @__userId_0
      LIMIT 2
info: Microsoft.EntityFrameworkCore.Database.Command[20101]
      Executed DbCommand (0ms) [Parameters=[@__userId_0='?' (Size = 15)], CommandType='Text', CommandTimeout='30']
      SELECT "a0"."Name"
      FROM "AspNetUserRoles" AS "a"
      INNER JOIN "AspNetRoles" AS "a0" ON "a"."RoleId" = "a0"."Id"
      WHERE "a"."UserId" = @__userId_0
info: Microsoft.EntityFrameworkCore.Database.Command[20101]
      Executed DbCommand (0ms) [Parameters=[@__userId_0='?' (Size = 13)], CommandType='Text', CommandTimeout='30']
      SELECT "a"."Id", "a"."AccessFailedCount", "a"."BirthDate", "a"."City", "a"."CommaSeparatedFavoriteProductIds", "a"."ConcurrencyStamp", "a"."Confirmed", "a"."DeliveryInstructions", "a"."Email", "a"."EmailConfirmationCode", "a"."EmailConfirmationCodeExpiry", "a"."EmailConfirmed", "a"."FirstName", "a"."FullAddress", "a"."IsKeyAccountDirector", "a"."IsKeyAccountManager", "a"."IsPowerUser", "a"."KeyAccountDirectorId", "a"."LastName", "a"."LockoutEnabled", "a"."LockoutEnd", "a"."NormalizedEmail", "a"."NormalizedUserName", "a"."PasswordHash", "a"."PhoneNumber", "a"."PhoneNumberConfirmed", "a"."Registered", "a"."SecurityStamp", "a"."ShowFeedback", "a"."StripeCustomerId", "a"."TwoFactorEnabled", "a"."UserName", "a"."ZipCode"
      FROM "AspNetUsers" AS "a"
      WHERE "a"."Id" = @__userId_0
      LIMIT 2
info: Microsoft.EntityFrameworkCore.Database.Command[20101]
      Executed DbCommand (0ms) [Parameters=[@__userId_0='?' (Size = 13)], CommandType='Text', CommandTimeout='30']
      SELECT "a0"."Name"
      FROM "AspNetUserRoles" AS "a"
      INNER JOIN "AspNetRoles" AS "a0" ON "a"."RoleId" = "a0"."Id"
      WHERE "a"."UserId" = @__userId_0
info: Microsoft.AspNetCore.Hosting.Diagnostics[1]
      Request starting HTTP/1.1 PUT http://localhost/events/admin/4101/events/4390/dietary - application/json;+charset=utf-8 28
warn: Microsoft.AspNetCore.HttpsPolicy.HttpsRedirectionMiddleware[3]
      Failed to determine the https port for redirect.
info: Microsoft.EntityFrameworkCore.Database.Command[20101]
      Executed DbCommand (0ms) [Parameters=[@__p_0='?' (Size = 12)], CommandType='Text', CommandTimeout='30']
      SELECT "a"."Id", "a"."AccessFailedCount", "a"."BirthDate", "a"."City", "a"."CommaSeparatedFavoriteProductIds", "a"."ConcurrencyStamp", "a"."Confirmed", "a"."DeliveryInstructions", "a"."Email", "a"."EmailConfirmationCode", "a"."EmailConfirmationCodeExpiry", "a"."EmailConfirmed", "a"."FirstName", "a"."FullAddress", "a"."IsKeyAccountDirector", "a"."IsKeyAccountManager", "a"."IsPowerUser", "a"."KeyAccountDirectorId", "a"."LastName", "a"."LockoutEnabled", "a"."LockoutEnd", "a"."NormalizedEmail", "a"."NormalizedUserName", "a"."PasswordHash", "a"."PhoneNumber", "a"."PhoneNumberConfirmed", "a"."Registered", "a"."SecurityStamp", "a"."ShowFeedback", "a"."StripeCustomerId", "a"."TwoFactorEnabled", "a"."UserName", "a"."ZipCode"
      FROM "AspNetUsers" AS "a"
      WHERE "a"."Id" = @__p_0
      LIMIT 1
info: Microsoft.AspNetCore.Routing.EndpointMiddleware[0]
      Executing endpoint 'WebApi.Controllers.EventsController.RecordDietaryStatement (WebApi)'
info: Microsoft.AspNetCore.Mvc.Infrastructure.ControllerActionInvoker[102]
      Route matched with {action = "RecordDietaryStatement", controller = "Events"}. Executing controller action with signature System.Threading.Tasks.Task`1[Microsoft.AspNetCore.Mvc.IActionResult] RecordDietaryStatement(Int32, Int32, WebApi.Models.Events.EventsDietaryStatementRequest, System.Threading.CancellationToken) on controller WebApi.Controllers.EventsController (WebApi).
info: Microsoft.AspNetCore.Mvc.Infrastructure.ControllerActionInvoker[101]
      Executing action method WebApi.Controllers.EventsController.RecordDietaryStatement (WebApi) - Validation state: Valid
info: Microsoft.EntityFrameworkCore.Database.Command[20101]
      Executed DbCommand (0ms) [Parameters=[@__storeId_0='?' (DbType = Int32), @__flagKey_1='?' (Size = 11)], CommandType='Text', CommandTimeout='30']
      SELECT "s"."Enabled"
      FROM "StoreFeatureFlags" AS "s"
      WHERE "s"."StoreId" = @__storeId_0 AND "s"."FlagKey" = @__flagKey_1
      LIMIT 1
info: Microsoft.EntityFrameworkCore.Database.Command[20101]
      Executed DbCommand (0ms) [Parameters=[@__storeId_0='?' (DbType = Int32)], CommandType='Text', CommandTimeout='30']
      SELECT "t"."StoreId", "t"."AddressId", "t"."AllowOrdersAfterOpeningHours", "t"."ApplicationFeeAmount", "t"."ApplicationFeePercent", "t"."Approved", "t"."BankAccountId", "t"."ContactEmails", "t"."Country", "t"."CurrencyCode", "t"."DeliveryEstimatedMinutes", "t"."DineHomeDeliveryEnabled", "t"."DineHomeOutletId", "t"."DinteroEnabled", "t"."FeedbackMessage", "t"."FeedbackUrl", "t"."GiftcardBankAccountNumber", "t"."GiftcardEnabled", "t"."HomeDeliveryEnabled", "t"."HomeDeliveryFromAddressId", "t"."LegalName", "t"."MinimumOrderPriceForHomeDelivery", "t"."Name", "t"."PayInStoreEnabled", "t"."PayoutStoreId", "t"."PhoneNumber", "t"."PickupEstimatedMinutes", "t"."Registered", "t"."RewardProgramId", "t"."SelfCheckout", "t"."SelfPickUp", "t"."SendInvoiceToEmails", "t"."SmsSenderName", "t"."StatusMessage", "t"."StripeEnabled", "t"."SurfboardEnabled", "t"."TableDeliveryEnabled", "t"."TableReservationEnabled", "t"."TerminalProvider", "t"."TimeZone", "t"."TipHeading", "t"."TipPercentEnabled", "t"."VAT", "t"."VippsEnabled", "t"."VippsMsn", "t"."WarningMessage", "t"."WoltCustomerDeliveryFeeAmount", "t"."WoltDriveEnabled", "t"."WoltDriveMerchantId", "t"."WoltDriveMerchantKey", "t"."WoltDriveVenueId", "t"."WoltServiceFeeAmount", "s0"."ApplicationUserId", "s0"."StoreId"
      FROM (
          SELECT "s"."StoreId", "s"."AddressId", "s"."AllowOrdersAfterOpeningHours", "s"."ApplicationFeeAmount", "s"."ApplicationFeePercent", "s"."Approved", "s"."BankAccountId", "s"."ContactEmails", "s"."Country", "s"."CurrencyCode", "s"."DeliveryEstimatedMinutes", "s"."DineHomeDeliveryEnabled", "s"."DineHomeOutletId", "s"."DinteroEnabled", "s"."FeedbackMessage", "s"."FeedbackUrl", "s"."GiftcardBankAccountNumber", "s"."GiftcardEnabled", "s"."HomeDeliveryEnabled", "s"."HomeDeliveryFromAddressId", "s"."LegalName", "s"."MinimumOrderPriceForHomeDelivery", "s"."Name", "s"."PayInStoreEnabled", "s"."PayoutStoreId", "s"."PhoneNumber", "s"."PickupEstimatedMinutes", "s"."Registered", "s"."RewardProgramId", "s"."SelfCheckout", "s"."SelfPickUp", "s"."SendInvoiceToEmails", "s"."SmsSenderName", "s"."StatusMessage", "s"."StripeEnabled", "s"."SurfboardEnabled", "s"."TableDeliveryEnabled", "s"."TableReservationEnabled", "s"."TerminalProvider", "s"."TimeZone", "s"."TipHeading", "s"."TipPercentEnabled", "s"."VAT", "s"."VippsEnabled", "s"."VippsMsn", "s"."WarningMessage", "s"."WoltCustomerDeliveryFeeAmount", "s"."WoltDriveEnabled", "s"."WoltDriveMerchantId", "s"."WoltDriveMerchantKey", "s"."WoltDriveVenueId", "s"."WoltServiceFeeAmount"
          FROM "Stores" AS "s"
          WHERE "s"."StoreId" = @__storeId_0
          LIMIT 1
      ) AS "t"
      LEFT JOIN "StoreAdmins" AS "s0" ON "t"."StoreId" = "s0"."StoreId"
      ORDER BY "t"."StoreId", "s0"."ApplicationUserId"
info: Microsoft.AspNetCore.Authorization.DefaultAuthorizationService[2]
      Authorization failed. These requirements were not met:
      WebApi.Authorization.StoreAdminRequirement
info: Microsoft.AspNetCore.Mvc.Infrastructure.ControllerActionInvoker[103]
      Executed action method WebApi.Controllers.EventsController.RecordDietaryStatement (WebApi), returned result Microsoft.AspNetCore.Mvc.ObjectResult in 26.2548ms.
info: Microsoft.AspNetCore.Mvc.Infrastructure.ObjectResultExecutor[1]
      Executing ObjectResult, writing value of type 'Microsoft.AspNetCore.Mvc.ProblemDetails'.
info: Microsoft.AspNetCore.Mvc.Infrastructure.ControllerActionInvoker[105]
      Executed action WebApi.Controllers.EventsController.RecordDietaryStatement (WebApi) in 45.5025ms
info: Microsoft.AspNetCore.Routing.EndpointMiddleware[1]
      Executed endpoint 'WebApi.Controllers.EventsController.RecordDietaryStatement (WebApi)'
info: Microsoft.AspNetCore.Hosting.Diagnostics[2]
      Request finished HTTP/1.1 PUT http://localhost/events/admin/4101/events/4390/dietary - 403 144 application/problem+json;+charset=utf-8 143.9301ms
info: Microsoft.AspNetCore.Hosting.Diagnostics[1]
      Request starting HTTP/1.1 PUT http://localhost/events/admin/4101/events/4390/run-sheet - text/plain;+charset=utf-8 0
info: Microsoft.EntityFrameworkCore.Database.Command[20101]
      Executed DbCommand (0ms) [Parameters=[@__p_0='?' (Size = 12)], CommandType='Text', CommandTimeout='30']
      SELECT "a"."Id", "a"."AccessFailedCount", "a"."BirthDate", "a"."City", "a"."CommaSeparatedFavoriteProductIds", "a"."ConcurrencyStamp", "a"."Confirmed", "a"."DeliveryInstructions", "a"."Email", "a"."EmailConfirmationCode", "a"."EmailConfirmationCodeExpiry", "a"."EmailConfirmed", "a"."FirstName", "a"."FullAddress", "a"."IsKeyAccountDirector", "a"."IsKeyAccountManager", "a"."IsPowerUser", "a"."KeyAccountDirectorId", "a"."LastName", "a"."LockoutEnabled", "a"."LockoutEnd", "a"."NormalizedEmail", "a"."NormalizedUserName", "a"."PasswordHash", "a"."PhoneNumber", "a"."PhoneNumberConfirmed", "a"."Registered", "a"."SecurityStamp", "a"."ShowFeedback", "a"."StripeCustomerId", "a"."TwoFactorEnabled", "a"."UserName", "a"."ZipCode"
      FROM "AspNetUsers" AS "a"
      WHERE "a"."Id" = @__p_0
      LIMIT 1
info: Microsoft.AspNetCore.Routing.EndpointMiddleware[0]
      Executing endpoint 'WebApi.Controllers.EventsRunSheetController.Generate (WebApi)'
info: Microsoft.AspNetCore.Mvc.Infrastructure.ControllerActionInvoker[102]
      Route matched with {action = "Generate", controller = "EventsRunSheet"}. Executing controller action with signature System.Threading.Tasks.Task`1[Microsoft.AspNetCore.Mvc.IActionResult] Generate(Int32, Int32, System.Threading.CancellationToken) on controller WebApi.Controllers.EventsRunSheetController (WebApi).
info: Microsoft.AspNetCore.Mvc.Infrastructure.ControllerActionInvoker[101]
      Executing action method WebApi.Controllers.EventsRunSheetController.Generate (WebApi) - Validation state: Valid
info: Microsoft.EntityFrameworkCore.Database.Command[20101]
      Executed DbCommand (0ms) [Parameters=[@__storeId_0='?' (DbType = Int32), @__flagKey_1='?' (Size = 11)], CommandType='Text', CommandTimeout='30']
      SELECT "s"."Enabled"
      FROM "StoreFeatureFlags" AS "s"
      WHERE "s"."StoreId" = @__storeId_0 AND "s"."FlagKey" = @__flagKey_1
      LIMIT 1
info: Microsoft.EntityFrameworkCore.Database.Command[20101]
      Executed DbCommand (0ms) [Parameters=[@__storeId_0='?' (DbType = Int32)], CommandType='Text', CommandTimeout='30']
      SELECT "t"."StoreId", "t"."AddressId", "t"."AllowOrdersAfterOpeningHours", "t"."ApplicationFeeAmount", "t"."ApplicationFeePercent", "t"."Approved", "t"."BankAccountId", "t"."ContactEmails", "t"."Country", "t"."CurrencyCode", "t"."DeliveryEstimatedMinutes", "t"."DineHomeDeliveryEnabled", "t"."DineHomeOutletId", "t"."DinteroEnabled", "t"."FeedbackMessage", "t"."FeedbackUrl", "t"."GiftcardBankAccountNumber", "t"."GiftcardEnabled", "t"."HomeDeliveryEnabled", "t"."HomeDeliveryFromAddressId", "t"."LegalName", "t"."MinimumOrderPriceForHomeDelivery", "t"."Name", "t"."PayInStoreEnabled", "t"."PayoutStoreId", "t"."PhoneNumber", "t"."PickupEstimatedMinutes", "t"."Registered", "t"."RewardProgramId", "t"."SelfCheckout", "t"."SelfPickUp", "t"."SendInvoiceToEmails", "t"."SmsSenderName", "t"."StatusMessage", "t"."StripeEnabled", "t"."SurfboardEnabled", "t"."TableDeliveryEnabled", "t"."TableReservationEnabled", "t"."TerminalProvider", "t"."TimeZone", "t"."TipHeading", "t"."TipPercentEnabled", "t"."VAT", "t"."VippsEnabled", "t"."VippsMsn", "t"."WarningMessage", "t"."WoltCustomerDeliveryFeeAmount", "t"."WoltDriveEnabled", "t"."WoltDriveMerchantId", "t"."WoltDriveMerchantKey", "t"."WoltDriveVenueId", "t"."WoltServiceFeeAmount", "s0"."ApplicationUserId", "s0"."StoreId"
      FROM (
          SELECT "s"."StoreId", "s"."AddressId", "s"."AllowOrdersAfterOpeningHours", "s"."ApplicationFeeAmount", "s"."ApplicationFeePercent", "s"."Approved", "s"."BankAccountId", "s"."ContactEmails", "s"."Country", "s"."CurrencyCode", "s"."DeliveryEstimatedMinutes", "s"."DineHomeDeliveryEnabled", "s"."DineHomeOutletId", "s"."DinteroEnabled", "s"."FeedbackMessage", "s"."FeedbackUrl", "s"."GiftcardBankAccountNumber", "s"."GiftcardEnabled", "s"."HomeDeliveryEnabled", "s"."HomeDeliveryFromAddressId", "s"."LegalName", "s"."MinimumOrderPriceForHomeDelivery", "s"."Name", "s"."PayInStoreEnabled", "s"."PayoutStoreId", "s"."PhoneNumber", "s"."PickupEstimatedMinutes", "s"."Registered", "s"."RewardProgramId", "s"."SelfCheckout", "s"."SelfPickUp", "s"."SendInvoiceToEmails", "s"."SmsSenderName", "s"."StatusMessage", "s"."StripeEnabled", "s"."SurfboardEnabled", "s"."TableDeliveryEnabled", "s"."TableReservationEnabled", "s"."TerminalProvider", "s"."TimeZone", "s"."TipHeading", "s"."TipPercentEnabled", "s"."VAT", "s"."VippsEnabled", "s"."VippsMsn", "s"."WarningMessage", "s"."WoltCustomerDeliveryFeeAmount", "s"."WoltDriveEnabled", "s"."WoltDriveMerchantId", "s"."WoltDriveMerchantKey", "s"."WoltDriveVenueId", "s"."WoltServiceFeeAmount"
          FROM "Stores" AS "s"
          WHERE "s"."StoreId" = @__storeId_0
          LIMIT 1
      ) AS "t"
      LEFT JOIN "StoreAdmins" AS "s0" ON "t"."StoreId" = "s0"."StoreId"
      ORDER BY "t"."StoreId", "s0"."ApplicationUserId"
info: Microsoft.EntityFrameworkCore.Database.Command[20101]
      Executed DbCommand (0ms) [Parameters=[@__eventId_0='?' (DbType = Int32), @__storeId_1='?' (DbType = Int32)], CommandType='Text', CommandTimeout='30']
      SELECT "e"."Id", "e"."AcceptedProposalVersionNo", "e"."CompanyName", "e"."CompanyOrgNumber", "e"."ContactEmail", "e"."ContactName", "e"."ContactPhone", "e"."CreatedAtUtc", "e"."CreatedByUserId", "e"."DietaryRequirements", "e"."DietaryRequirementsUpdatedAtUtc", "e"."DietaryRequirementsUpdatedByUserId", "e"."EndTime", "e"."EventDate", "e"."GuestCountPlanned", "e"."PublicId", "e"."RowVersion", "e"."Source", "e"."SpaceId", "e"."StartTime", "e"."Status", "e"."StoreId", "e"."TimeZoneId", "e"."Title"
      FROM "EventsEvents" AS "e"
      WHERE "e"."Id" = @__eventId_0 AND "e"."StoreId" = @__storeId_1
      LIMIT 1
info: Microsoft.EntityFrameworkCore.Database.Command[20101]
      Executed DbCommand (0ms) [Parameters=[@__eventId_0='?' (DbType = Int32), @__ev_AcceptedProposalVersionNo_Value_1='?' (DbType = Int32)], CommandType='Text', CommandTimeout='30']
      SELECT "t"."Id", "t"."ContentHash", "t"."CreatedAtUtc", "t"."CreatedByUserId", "t"."CurrencyCode", "t"."DepositRequiredMinor", "t"."EventId", "t"."ExpiresAtUtc", "t"."MinimumSpendMinor", "t"."PublicToken", "t"."RoomFeeMinor", "t"."SentAtUtc", "t"."Status", "t"."TermsText", "t"."TotalMinor", "t"."VersionNo", "e0"."Id", "e0"."AmountMinor", "e0"."Description", "e0"."Kind", "e0"."LineNo", "e0"."ProposalVersionId", "e0"."Quantity", "e0"."UnitPriceMinor", "e0"."VatRate"
      FROM (
          SELECT "e"."Id", "e"."ContentHash", "e"."CreatedAtUtc", "e"."CreatedByUserId", "e"."CurrencyCode", "e"."DepositRequiredMinor", "e"."EventId", "e"."ExpiresAtUtc", "e"."MinimumSpendMinor", "e"."PublicToken", "e"."RoomFeeMinor", "e"."SentAtUtc", "e"."Status", "e"."TermsText", "e"."TotalMinor", "e"."VersionNo"
          FROM "EventsProposalVersions" AS "e"
          WHERE "e"."EventId" = @__eventId_0 AND "e"."VersionNo" = @__ev_AcceptedProposalVersionNo_Value_1 AND "e"."Status" = 'Accepted'
          LIMIT 1
      ) AS "t"
      LEFT JOIN "EventsProposalLines" AS "e0" ON "t"."Id" = "e0"."ProposalVersionId"
      ORDER BY "t"."Id"
info: Microsoft.EntityFrameworkCore.Database.Command[20101]
      Executed DbCommand (0ms) [Parameters=[@__eventId_0='?' (DbType = Int32)], CommandType='Text', CommandTimeout='30']
      SELECT "e"."Id", "e"."AuthorUserId", "e"."Body", "e"."CreatedAtUtc", "e"."EventId"
      FROM "EventsNotes" AS "e"
      WHERE "e"."EventId" = @__eventId_0
      ORDER BY "e"."CreatedAtUtc", "e"."Id"
info: Microsoft.EntityFrameworkCore.Database.Command[20101]
      Executed DbCommand (0ms) [Parameters=[@__eventId_0='?' (DbType = Int32)], CommandType='Text', CommandTimeout='30']
      SELECT "e"."Id", "e"."CreatedAtUtc", "e"."EventId", "e"."GeneratedFromProposalVersionId", "e"."IssuedAtUtc", "e"."IssuedByUserId", "e"."Status", "e"."VersionNo"
      FROM "EventsRunSheets" AS "e"
      WHERE "e"."EventId" = @__eventId_0 AND "e"."Status" <> 'Superseded'
info: Microsoft.EntityFrameworkCore.Database.Command[20101]
      Executed DbCommand (0ms) [Parameters=[@__eventId_0='?' (DbType = Int32)], CommandType='Text', CommandTimeout='30']
      SELECT MAX("e"."VersionNo")
      FROM "EventsRunSheets" AS "e"
      WHERE "e"."EventId" = @__eventId_0
info: Microsoft.EntityFrameworkCore.Database.Command[20101]
      Executed DbCommand (0ms) [Parameters=[@p0='?' (DbType = DateTime), @p1='?' (DbType = Int32), @p2='?' (DbType = Int32), @p3='?' (DbType = DateTime), @p4='?' (Size = 12), @p5='?' (Size = 6), @p6='?' (DbType = Int32)], CommandType='Text', CommandTimeout='30']
      INSERT INTO "EventsRunSheets" ("CreatedAtUtc", "EventId", "GeneratedFromProposalVersionId", "IssuedAtUtc", "IssuedByUserId", "Status", "VersionNo")
      VALUES (@p0, @p1, @p2, @p3, @p4, @p5, @p6)
      RETURNING "Id";
info: Microsoft.EntityFrameworkCore.Database.Command[20101]
      Executed DbCommand (0ms) [Parameters=[@p7='?' (Size = 15), @p8='?', @p9='?' (DbType = Int32), @p10='?' (Size = 8), @p11='?' (DbType = Int32), @p12='?' (Size = 5)], CommandType='Text', CommandTimeout='30']
      INSERT INTO "EventsRunSheetItems" ("Body", "QuantityLabel", "RunSheetId", "Section", "SortOrder", "TimeLabel")
      VALUES (@p7, @p8, @p9, @p10, @p11, @p12)
      RETURNING "Id";
info: Microsoft.EntityFrameworkCore.Database.Command[20101]
      Executed DbCommand (0ms) [Parameters=[@p0='?' (Size = 13), @p1='?', @p2='?' (DbType = Int32), @p3='?' (Size = 8), @p4='?' (DbType = Int32), @p5='?' (Size = 5)], CommandType='Text', CommandTimeout='30']
      INSERT INTO "EventsRunSheetItems" ("Body", "QuantityLabel", "RunSheetId", "Section", "SortOrder", "TimeLabel")
      VALUES (@p0, @p1, @p2, @p3, @p4, @p5)
      RETURNING "Id";
info: Microsoft.EntityFrameworkCore.Database.Command[20101]
      Executed DbCommand (0ms) [Parameters=[@p0='?' (Size = 18), @p1='?', @p2='?' (DbType = Int32), @p3='?' (Size = 5), @p4='?' (DbType = Int32), @p5='?'], CommandType='Text', CommandTimeout='30']
      INSERT INTO "EventsRunSheetItems" ("Body", "QuantityLabel", "RunSheetId", "Section", "SortOrder", "TimeLabel")
      VALUES (@p0, @p1, @p2, @p3, @p4, @p5)
      RETURNING "Id";
info: Microsoft.EntityFrameworkCore.Database.Command[20101]
      Executed DbCommand (0ms) [Parameters=[@p0='?' (Size = 24), @p1='?' (Size = 2), @p2='?' (DbType = Int32), @p3='?' (Size = 4), @p4='?' (DbType = Int32), @p5='?'], CommandType='Text', CommandTimeout='30']
      INSERT INTO "EventsRunSheetItems" ("Body", "QuantityLabel", "RunSheetId", "Section", "SortOrder", "TimeLabel")
      VALUES (@p0, @p1, @p2, @p3, @p4, @p5)
      RETURNING "Id";
info: Microsoft.EntityFrameworkCore.Database.Command[20101]
      Executed DbCommand (0ms) [Parameters=[@p0='?' (Size = 12), @p1='?' (Size = 1), @p2='?' (DbType = Int32), @p3='?' (Size = 4), @p4='?' (DbType = Int32), @p5='?'], CommandType='Text', CommandTimeout='30']
      INSERT INTO "EventsRunSheetItems" ("Body", "QuantityLabel", "RunSheetId", "Section", "SortOrder", "TimeLabel")
      VALUES (@p0, @p1, @p2, @p3, @p4, @p5)
      RETURNING "Id";
info: Microsoft.EntityFrameworkCore.Database.Command[20101]
      Executed DbCommand (0ms) [Parameters=[@p0='?' (Size = 294), @p1='?', @p2='?' (DbType = Int32), @p3='?' (Size = 7), @p4='?' (DbType = Int32), @p5='?'], CommandType='Text', CommandTimeout='30']
      INSERT INTO "EventsRunSheetItems" ("Body", "QuantityLabel", "RunSheetId", "Section", "SortOrder", "TimeLabel")
      VALUES (@p0, @p1, @p2, @p3, @p4, @p5)
      RETURNING "Id";
info: Microsoft.EntityFrameworkCore.Database.Command[20101]
      Executed DbCommand (0ms) [Parameters=[@p0='?' (Size = 88), @p1='?', @p2='?' (DbType = Int32), @p3='?' (Size = 7), @p4='?' (DbType = Int32), @p5='?'], CommandType='Text', CommandTimeout='30']
      INSERT INTO "EventsRunSheetItems" ("Body", "QuantityLabel", "RunSheetId", "Section", "SortOrder", "TimeLabel")
      VALUES (@p0, @p1, @p2, @p3, @p4, @p5)
      RETURNING "Id";
info: Microsoft.EntityFrameworkCore.Database.Command[20101]
      Executed DbCommand (0ms) [Parameters=[@p0='?' (Size = 28), @p1='?', @p2='?' (DbType = Int32), @p3='?' (Size = 8), @p4='?' (DbType = Int32), @p5='?'], CommandType='Text', CommandTimeout='30']
      INSERT INTO "EventsRunSheetItems" ("Body", "QuantityLabel", "RunSheetId", "Section", "SortOrder", "TimeLabel")
      VALUES (@p0, @p1, @p2, @p3, @p4, @p5)
      RETURNING "Id";
info: Microsoft.EntityFrameworkCore.Database.Command[20101]
      Executed DbCommand (0ms) [Parameters=[@p0='?' (Size = 48), @p1='?', @p2='?' (DbType = Int32), @p3='?' (Size = 8), @p4='?' (DbType = Int32), @p5='?'], CommandType='Text', CommandTimeout='30']
      INSERT INTO "EventsRunSheetItems" ("Body", "QuantityLabel", "RunSheetId", "Section", "SortOrder", "TimeLabel")
      VALUES (@p0, @p1, @p2, @p3, @p4, @p5)
      RETURNING "Id";
info: Microsoft.AspNetCore.Mvc.Infrastructure.ControllerActionInvoker[103]
      Executed action method WebApi.Controllers.EventsRunSheetController.Generate (WebApi), returned result Microsoft.AspNetCore.Mvc.OkObjectResult in 87.1874ms.
info: Microsoft.AspNetCore.Mvc.Infrastructure.ObjectResultExecutor[1]
      Executing OkObjectResult, writing value of type 'WebApi.Models.Events.EventsRunSheetView'.
info: Microsoft.AspNetCore.Mvc.Infrastructure.ControllerActionInvoker[105]
      Executed action WebApi.Controllers.EventsRunSheetController.Generate (WebApi) in 90.8787ms
info: Microsoft.AspNetCore.Routing.EndpointMiddleware[1]
      Executed endpoint 'WebApi.Controllers.EventsRunSheetController.Generate (WebApi)'
info: Microsoft.AspNetCore.Hosting.Diagnostics[2]
      Request finished HTTP/1.1 PUT http://localhost/events/admin/4101/events/4390/run-sheet - 200 1568 application/json;+charset=utf-8 101.8771ms
info: Microsoft.AspNetCore.Hosting.Diagnostics[1]
      Request starting HTTP/1.1 PUT http://localhost/events/admin/4101/events/4390/dietary - application/json;+charset=utf-8 115
info: Microsoft.EntityFrameworkCore.Database.Command[20101]
      Executed DbCommand (0ms) [Parameters=[@__p_0='?' (Size = 12)], CommandType='Text', CommandTimeout='30']
      SELECT "a"."Id", "a"."AccessFailedCount", "a"."BirthDate", "a"."City", "a"."CommaSeparatedFavoriteProductIds", "a"."ConcurrencyStamp", "a"."Confirmed", "a"."DeliveryInstructions", "a"."Email", "a"."EmailConfirmationCode", "a"."EmailConfirmationCodeExpiry", "a"."EmailConfirmed", "a"."FirstName", "a"."FullAddress", "a"."IsKeyAccountDirector", "a"."IsKeyAccountManager", "a"."IsPowerUser", "a"."KeyAccountDirectorId", "a"."LastName", "a"."LockoutEnabled", "a"."LockoutEnd", "a"."NormalizedEmail", "a"."NormalizedUserName", "a"."PasswordHash", "a"."PhoneNumber", "a"."PhoneNumberConfirmed", "a"."Registered", "a"."SecurityStamp", "a"."ShowFeedback", "a"."StripeCustomerId", "a"."TwoFactorEnabled", "a"."UserName", "a"."ZipCode"
      FROM "AspNetUsers" AS "a"
      WHERE "a"."Id" = @__p_0
      LIMIT 1
info: Microsoft.AspNetCore.Routing.EndpointMiddleware[0]
      Executing endpoint 'WebApi.Controllers.EventsController.RecordDietaryStatement (WebApi)'
info: Microsoft.AspNetCore.Mvc.Infrastructure.ControllerActionInvoker[102]
      Route matched with {action = "RecordDietaryStatement", controller = "Events"}. Executing controller action with signature System.Threading.Tasks.Task`1[Microsoft.AspNetCore.Mvc.IActionResult] RecordDietaryStatement(Int32, Int32, WebApi.Models.Events.EventsDietaryStatementRequest, System.Threading.CancellationToken) on controller WebApi.Controllers.EventsController (WebApi).
info: Microsoft.AspNetCore.Mvc.Infrastructure.ControllerActionInvoker[101]
      Executing action method WebApi.Controllers.EventsController.RecordDietaryStatement (WebApi) - Validation state: Valid
info: Microsoft.EntityFrameworkCore.Database.Command[20101]
      Executed DbCommand (0ms) [Parameters=[@__storeId_0='?' (DbType = Int32), @__flagKey_1='?' (Size = 11)], CommandType='Text', CommandTimeout='30']
      SELECT "s"."Enabled"
      FROM "StoreFeatureFlags" AS "s"
      WHERE "s"."StoreId" = @__storeId_0 AND "s"."FlagKey" = @__flagKey_1
      LIMIT 1
info: Microsoft.EntityFrameworkCore.Database.Command[20101]
      Executed DbCommand (0ms) [Parameters=[@__storeId_0='?' (DbType = Int32)], CommandType='Text', CommandTimeout='30']
      SELECT "t"."StoreId", "t"."AddressId", "t"."AllowOrdersAfterOpeningHours", "t"."ApplicationFeeAmount", "t"."ApplicationFeePercent", "t"."Approved", "t"."BankAccountId", "t"."ContactEmails", "t"."Country", "t"."CurrencyCode", "t"."DeliveryEstimatedMinutes", "t"."DineHomeDeliveryEnabled", "t"."DineHomeOutletId", "t"."DinteroEnabled", "t"."FeedbackMessage", "t"."FeedbackUrl", "t"."GiftcardBankAccountNumber", "t"."GiftcardEnabled", "t"."HomeDeliveryEnabled", "t"."HomeDeliveryFromAddressId", "t"."LegalName", "t"."MinimumOrderPriceForHomeDelivery", "t"."Name", "t"."PayInStoreEnabled", "t"."PayoutStoreId", "t"."PhoneNumber", "t"."PickupEstimatedMinutes", "t"."Registered", "t"."RewardProgramId", "t"."SelfCheckout", "t"."SelfPickUp", "t"."SendInvoiceToEmails", "t"."SmsSenderName", "t"."StatusMessage", "t"."StripeEnabled", "t"."SurfboardEnabled", "t"."TableDeliveryEnabled", "t"."TableReservationEnabled", "t"."TerminalProvider", "t"."TimeZone", "t"."TipHeading", "t"."TipPercentEnabled", "t"."VAT", "t"."VippsEnabled", "t"."VippsMsn", "t"."WarningMessage", "t"."WoltCustomerDeliveryFeeAmount", "t"."WoltDriveEnabled", "t"."WoltDriveMerchantId", "t"."WoltDriveMerchantKey", "t"."WoltDriveVenueId", "t"."WoltServiceFeeAmount", "s0"."ApplicationUserId", "s0"."StoreId"
      FROM (
          SELECT "s"."StoreId", "s"."AddressId", "s"."AllowOrdersAfterOpeningHours", "s"."ApplicationFeeAmount", "s"."ApplicationFeePercent", "s"."Approved", "s"."BankAccountId", "s"."ContactEmails", "s"."Country", "s"."CurrencyCode", "s"."DeliveryEstimatedMinutes", "s"."DineHomeDeliveryEnabled", "s"."DineHomeOutletId", "s"."DinteroEnabled", "s"."FeedbackMessage", "s"."FeedbackUrl", "s"."GiftcardBankAccountNumber", "s"."GiftcardEnabled", "s"."HomeDeliveryEnabled", "s"."HomeDeliveryFromAddressId", "s"."LegalName", "s"."MinimumOrderPriceForHomeDelivery", "s"."Name", "s"."PayInStoreEnabled", "s"."PayoutStoreId", "s"."PhoneNumber", "s"."PickupEstimatedMinutes", "s"."Registered", "s"."RewardProgramId", "s"."SelfCheckout", "s"."SelfPickUp", "s"."SendInvoiceToEmails", "s"."SmsSenderName", "s"."StatusMessage", "s"."StripeEnabled", "s"."SurfboardEnabled", "s"."TableDeliveryEnabled", "s"."TableReservationEnabled", "s"."TerminalProvider", "s"."TimeZone", "s"."TipHeading", "s"."TipPercentEnabled", "s"."VAT", "s"."VippsEnabled", "s"."VippsMsn", "s"."WarningMessage", "s"."WoltCustomerDeliveryFeeAmount", "s"."WoltDriveEnabled", "s"."WoltDriveMerchantId", "s"."WoltDriveMerchantKey", "s"."WoltDriveVenueId", "s"."WoltServiceFeeAmount"
          FROM "Stores" AS "s"
          WHERE "s"."StoreId" = @__storeId_0
          LIMIT 1
      ) AS "t"
      LEFT JOIN "StoreAdmins" AS "s0" ON "t"."StoreId" = "s0"."StoreId"
      ORDER BY "t"."StoreId", "s0"."ApplicationUserId"
info: Microsoft.EntityFrameworkCore.Database.Command[20101]
      Executed DbCommand (0ms) [Parameters=[@__eventId_0='?' (DbType = Int32), @__storeId_1='?' (DbType = Int32)], CommandType='Text', CommandTimeout='30']
      SELECT "e"."Id", "e"."AcceptedProposalVersionNo", "e"."CompanyName", "e"."CompanyOrgNumber", "e"."ContactEmail", "e"."ContactName", "e"."ContactPhone", "e"."CreatedAtUtc", "e"."CreatedByUserId", "e"."DietaryRequirements", "e"."DietaryRequirementsUpdatedAtUtc", "e"."DietaryRequirementsUpdatedByUserId", "e"."EndTime", "e"."EventDate", "e"."GuestCountPlanned", "e"."PublicId", "e"."RowVersion", "e"."Source", "e"."SpaceId", "e"."StartTime", "e"."Status", "e"."StoreId", "e"."TimeZoneId", "e"."Title"
      FROM "EventsEvents" AS "e"
      WHERE "e"."Id" = @__eventId_0 AND "e"."StoreId" = @__storeId_1
      LIMIT 1
info: Microsoft.EntityFrameworkCore.Database.Command[20101]
      Executed DbCommand (0ms) [Parameters=[@p3='?' (DbType = Int32), @p0='?' (Size = 99), @p1='?' (DbType = DateTime), @p2='?' (Size = 12), @p4='?' (DbType = Binary)], CommandType='Text', CommandTimeout='30']
      UPDATE "EventsEvents" SET "DietaryRequirements" = @p0, "DietaryRequirementsUpdatedAtUtc" = @p1, "DietaryRequirementsUpdatedByUserId" = @p2
      WHERE "Id" = @p3 AND "RowVersion" IS NULL
      RETURNING "RowVersion";
info: Microsoft.AspNetCore.Mvc.Infrastructure.ControllerActionInvoker[103]
      Executed action method WebApi.Controllers.EventsController.RecordDietaryStatement (WebApi), returned result Microsoft.AspNetCore.Mvc.OkObjectResult in 3.9125ms.
info: Microsoft.AspNetCore.Mvc.Infrastructure.ObjectResultExecutor[1]
      Executing OkObjectResult, writing value of type 'WebApi.Models.Events.EventsDietaryStatementView'.
info: Microsoft.AspNetCore.Mvc.Infrastructure.ControllerActionInvoker[105]
      Executed action WebApi.Controllers.EventsController.RecordDietaryStatement (WebApi) in 5.1521ms
info: Microsoft.AspNetCore.Routing.EndpointMiddleware[1]
      Executed endpoint 'WebApi.Controllers.EventsController.RecordDietaryStatement (WebApi)'
info: Microsoft.AspNetCore.Hosting.Diagnostics[2]
      Request finished HTTP/1.1 PUT http://localhost/events/admin/4101/events/4390/dietary - 200 206 application/json;+charset=utf-8 9.1122ms
info: Microsoft.AspNetCore.Hosting.Diagnostics[1]
      Request starting HTTP/1.1 GET http://localhost/events/admin/4101/events/4390/run-sheet - - -
info: Microsoft.EntityFrameworkCore.Database.Command[20101]
      Executed DbCommand (0ms) [Parameters=[@__p_0='?' (Size = 12)], CommandType='Text', CommandTimeout='30']
      SELECT "a"."Id", "a"."AccessFailedCount", "a"."BirthDate", "a"."City", "a"."CommaSeparatedFavoriteProductIds", "a"."ConcurrencyStamp", "a"."Confirmed", "a"."DeliveryInstructions", "a"."Email", "a"."EmailConfirmationCode", "a"."EmailConfirmationCodeExpiry", "a"."EmailConfirmed", "a"."FirstName", "a"."FullAddress", "a"."IsKeyAccountDirector", "a"."IsKeyAccountManager", "a"."IsPowerUser", "a"."KeyAccountDirectorId", "a"."LastName", "a"."LockoutEnabled", "a"."LockoutEnd", "a"."NormalizedEmail", "a"."NormalizedUserName", "a"."PasswordHash", "a"."PhoneNumber", "a"."PhoneNumberConfirmed", "a"."Registered", "a"."SecurityStamp", "a"."ShowFeedback", "a"."StripeCustomerId", "a"."TwoFactorEnabled", "a"."UserName", "a"."ZipCode"
      FROM "AspNetUsers" AS "a"
      WHERE "a"."Id" = @__p_0
      LIMIT 1
info: Microsoft.AspNetCore.Routing.EndpointMiddleware[0]
      Executing endpoint 'WebApi.Controllers.EventsRunSheetController.Get (WebApi)'
info: Microsoft.AspNetCore.Mvc.Infrastructure.ControllerActionInvoker[102]
      Route matched with {action = "Get", controller = "EventsRunSheet"}. Executing controller action with signature System.Threading.Tasks.Task`1[Microsoft.AspNetCore.Mvc.IActionResult] Get(Int32, Int32, System.Nullable`1[System.Int32], System.Threading.CancellationToken) on controller WebApi.Controllers.EventsRunSheetController (WebApi).
info: Microsoft.AspNetCore.Mvc.Infrastructure.ControllerActionInvoker[101]
      Executing action method WebApi.Controllers.EventsRunSheetController.Get (WebApi) - Validation state: Valid
info: Microsoft.EntityFrameworkCore.Database.Command[20101]
      Executed DbCommand (0ms) [Parameters=[@__storeId_0='?' (DbType = Int32), @__flagKey_1='?' (Size = 11)], CommandType='Text', CommandTimeout='30']
      SELECT "s"."Enabled"
      FROM "StoreFeatureFlags" AS "s"
      WHERE "s"."StoreId" = @__storeId_0 AND "s"."FlagKey" = @__flagKey_1
      LIMIT 1
info: Microsoft.EntityFrameworkCore.Database.Command[20101]
      Executed DbCommand (0ms) [Parameters=[@__storeId_0='?' (DbType = Int32)], CommandType='Text', CommandTimeout='30']
      SELECT "t"."StoreId", "t"."AddressId", "t"."AllowOrdersAfterOpeningHours", "t"."ApplicationFeeAmount", "t"."ApplicationFeePercent", "t"."Approved", "t"."BankAccountId", "t"."ContactEmails", "t"."Country", "t"."CurrencyCode", "t"."DeliveryEstimatedMinutes", "t"."DineHomeDeliveryEnabled", "t"."DineHomeOutletId", "t"."DinteroEnabled", "t"."FeedbackMessage", "t"."FeedbackUrl", "t"."GiftcardBankAccountNumber", "t"."GiftcardEnabled", "t"."HomeDeliveryEnabled", "t"."HomeDeliveryFromAddressId", "t"."LegalName", "t"."MinimumOrderPriceForHomeDelivery", "t"."Name", "t"."PayInStoreEnabled", "t"."PayoutStoreId", "t"."PhoneNumber", "t"."PickupEstimatedMinutes", "t"."Registered", "t"."RewardProgramId", "t"."SelfCheckout", "t"."SelfPickUp", "t"."SendInvoiceToEmails", "t"."SmsSenderName", "t"."StatusMessage", "t"."StripeEnabled", "t"."SurfboardEnabled", "t"."TableDeliveryEnabled", "t"."TableReservationEnabled", "t"."TerminalProvider", "t"."TimeZone", "t"."TipHeading", "t"."TipPercentEnabled", "t"."VAT", "t"."VippsEnabled", "t"."VippsMsn", "t"."WarningMessage", "t"."WoltCustomerDeliveryFeeAmount", "t"."WoltDriveEnabled", "t"."WoltDriveMerchantId", "t"."WoltDriveMerchantKey", "t"."WoltDriveVenueId", "t"."WoltServiceFeeAmount", "s0"."ApplicationUserId", "s0"."StoreId"
      FROM (
          SELECT "s"."StoreId", "s"."AddressId", "s"."AllowOrdersAfterOpeningHours", "s"."ApplicationFeeAmount", "s"."ApplicationFeePercent", "s"."Approved", "s"."BankAccountId", "s"."ContactEmails", "s"."Country", "s"."CurrencyCode", "s"."DeliveryEstimatedMinutes", "s"."DineHomeDeliveryEnabled", "s"."DineHomeOutletId", "s"."DinteroEnabled", "s"."FeedbackMessage", "s"."FeedbackUrl", "s"."GiftcardBankAccountNumber", "s"."GiftcardEnabled", "s"."HomeDeliveryEnabled", "s"."HomeDeliveryFromAddressId", "s"."LegalName", "s"."MinimumOrderPriceForHomeDelivery", "s"."Name", "s"."PayInStoreEnabled", "s"."PayoutStoreId", "s"."PhoneNumber", "s"."PickupEstimatedMinutes", "s"."Registered", "s"."RewardProgramId", "s"."SelfCheckout", "s"."SelfPickUp", "s"."SendInvoiceToEmails", "s"."SmsSenderName", "s"."StatusMessage", "s"."StripeEnabled", "s"."SurfboardEnabled", "s"."TableDeliveryEnabled", "s"."TableReservationEnabled", "s"."TerminalProvider", "s"."TimeZone", "s"."TipHeading", "s"."TipPercentEnabled", "s"."VAT", "s"."VippsEnabled", "s"."VippsMsn", "s"."WarningMessage", "s"."WoltCustomerDeliveryFeeAmount", "s"."WoltDriveEnabled", "s"."WoltDriveMerchantId", "s"."WoltDriveMerchantKey", "s"."WoltDriveVenueId", "s"."WoltServiceFeeAmount"
          FROM "Stores" AS "s"
          WHERE "s"."StoreId" = @__storeId_0
          LIMIT 1
      ) AS "t"
      LEFT JOIN "StoreAdmins" AS "s0" ON "t"."StoreId" = "s0"."StoreId"
      ORDER BY "t"."StoreId", "s0"."ApplicationUserId"
info: Microsoft.EntityFrameworkCore.Database.Command[20101]
      Executed DbCommand (0ms) [Parameters=[@__eventId_0='?' (DbType = Int32), @__storeId_1='?' (DbType = Int32)], CommandType='Text', CommandTimeout='30']
      SELECT "e"."Id", "e"."AcceptedProposalVersionNo", "e"."CompanyName", "e"."CompanyOrgNumber", "e"."ContactEmail", "e"."ContactName", "e"."ContactPhone", "e"."CreatedAtUtc", "e"."CreatedByUserId", "e"."DietaryRequirements", "e"."DietaryRequirementsUpdatedAtUtc", "e"."DietaryRequirementsUpdatedByUserId", "e"."EndTime", "e"."EventDate", "e"."GuestCountPlanned", "e"."PublicId", "e"."RowVersion", "e"."Source", "e"."SpaceId", "e"."StartTime", "e"."Status", "e"."StoreId", "e"."TimeZoneId", "e"."Title"
      FROM "EventsEvents" AS "e"
      WHERE "e"."Id" = @__eventId_0 AND "e"."StoreId" = @__storeId_1
      LIMIT 1
info: Microsoft.EntityFrameworkCore.Database.Command[20101]
      Executed DbCommand (0ms) [Parameters=[@__eventId_0='?' (DbType = Int32)], CommandType='Text', CommandTimeout='30']
      SELECT "t"."Id", "t"."CreatedAtUtc", "t"."EventId", "t"."GeneratedFromProposalVersionId", "t"."IssuedAtUtc", "t"."IssuedByUserId", "t"."Status", "t"."VersionNo", "e0"."Id", "e0"."Body", "e0"."QuantityLabel", "e0"."RunSheetId", "e0"."Section", "e0"."SortOrder", "e0"."TimeLabel"
      FROM (
          SELECT "e"."Id", "e"."CreatedAtUtc", "e"."EventId", "e"."GeneratedFromProposalVersionId", "e"."IssuedAtUtc", "e"."IssuedByUserId", "e"."Status", "e"."VersionNo"
          FROM "EventsRunSheets" AS "e"
          WHERE "e"."EventId" = @__eventId_0
          ORDER BY "e"."VersionNo" DESC
          LIMIT 1
      ) AS "t"
      LEFT JOIN "EventsRunSheetItems" AS "e0" ON "t"."Id" = "e0"."RunSheetId"
      ORDER BY "t"."VersionNo" DESC, "t"."Id"
info: Microsoft.EntityFrameworkCore.Database.Command[20101]
      Executed DbCommand (0ms) [Parameters=[@__eventId_0='?' (DbType = Int32)], CommandType='Text', CommandTimeout='30']
      SELECT "e"."Id", "e"."VersionNo", "e"."Status"
      FROM "EventsProposalVersions" AS "e"
      WHERE "e"."EventId" = @__eventId_0
info: Microsoft.EntityFrameworkCore.Database.Command[20101]
      Executed DbCommand (0ms) [Parameters=[@__eventId_0='?' (DbType = Int32), @__sheet_CreatedAtUtc_1='?' (DbType = DateTime)], CommandType='Text', CommandTimeout='30']
      SELECT EXISTS (
          SELECT 1
          FROM "EventsNotes" AS "e"
          WHERE "e"."EventId" = @__eventId_0 AND "e"."CreatedAtUtc" > @__sheet_CreatedAtUtc_1)
info: Microsoft.AspNetCore.Mvc.Infrastructure.ControllerActionInvoker[103]
      Executed action method WebApi.Controllers.EventsRunSheetController.Get (WebApi), returned result Microsoft.AspNetCore.Mvc.OkObjectResult in 8.9718ms.
info: Microsoft.AspNetCore.Mvc.Infrastructure.ObjectResultExecutor[1]
      Executing OkObjectResult, writing value of type 'WebApi.Models.Events.EventsRunSheetView'.
info: Microsoft.AspNetCore.Mvc.Infrastructure.ControllerActionInvoker[105]
      Executed action WebApi.Controllers.EventsRunSheetController.Get (WebApi) in 9.4561ms
info: Microsoft.AspNetCore.Routing.EndpointMiddleware[1]
      Executed endpoint 'WebApi.Controllers.EventsRunSheetController.Get (WebApi)'
info: Microsoft.AspNetCore.Hosting.Diagnostics[2]
      Request finished HTTP/1.1 GET http://localhost/events/admin/4101/events/4390/run-sheet - 200 1596 application/json;+charset=utf-8 12.1706ms
info: Microsoft.AspNetCore.Hosting.Diagnostics[1]
      Request starting HTTP/1.1 PUT http://localhost/events/admin/4101/events/4390/run-sheet - text/plain;+charset=utf-8 0
info: Microsoft.EntityFrameworkCore.Database.Command[20101]
      Executed DbCommand (0ms) [Parameters=[@__p_0='?' (Size = 12)], CommandType='Text', CommandTimeout='30']
      SELECT "a"."Id", "a"."AccessFailedCount", "a"."BirthDate", "a"."City", "a"."CommaSeparatedFavoriteProductIds", "a"."ConcurrencyStamp", "a"."Confirmed", "a"."DeliveryInstructions", "a"."Email", "a"."EmailConfirmationCode", "a"."EmailConfirmationCodeExpiry", "a"."EmailConfirmed", "a"."FirstName", "a"."FullAddress", "a"."IsKeyAccountDirector", "a"."IsKeyAccountManager", "a"."IsPowerUser", "a"."KeyAccountDirectorId", "a"."LastName", "a"."LockoutEnabled", "a"."LockoutEnd", "a"."NormalizedEmail", "a"."NormalizedUserName", "a"."PasswordHash", "a"."PhoneNumber", "a"."PhoneNumberConfirmed", "a"."Registered", "a"."SecurityStamp", "a"."ShowFeedback", "a"."StripeCustomerId", "a"."TwoFactorEnabled", "a"."UserName", "a"."ZipCode"
      FROM "AspNetUsers" AS "a"
      WHERE "a"."Id" = @__p_0
      LIMIT 1
info: Microsoft.AspNetCore.Routing.EndpointMiddleware[0]
      Executing endpoint 'WebApi.Controllers.EventsRunSheetController.Generate (WebApi)'
info: Microsoft.AspNetCore.Mvc.Infrastructure.ControllerActionInvoker[102]
      Route matched with {action = "Generate", controller = "EventsRunSheet"}. Executing controller action with signature System.Threading.Tasks.Task`1[Microsoft.AspNetCore.Mvc.IActionResult] Generate(Int32, Int32, System.Threading.CancellationToken) on controller WebApi.Controllers.EventsRunSheetController (WebApi).
info: Microsoft.AspNetCore.Mvc.Infrastructure.ControllerActionInvoker[101]
      Executing action method WebApi.Controllers.EventsRunSheetController.Generate (WebApi) - Validation state: Valid
info: Microsoft.EntityFrameworkCore.Database.Command[20101]
      Executed DbCommand (0ms) [Parameters=[@__storeId_0='?' (DbType = Int32), @__flagKey_1='?' (Size = 11)], CommandType='Text', CommandTimeout='30']
      SELECT "s"."Enabled"
      FROM "StoreFeatureFlags" AS "s"
      WHERE "s"."StoreId" = @__storeId_0 AND "s"."FlagKey" = @__flagKey_1
      LIMIT 1
info: Microsoft.EntityFrameworkCore.Database.Command[20101]
      Executed DbCommand (0ms) [Parameters=[@__storeId_0='?' (DbType = Int32)], CommandType='Text', CommandTimeout='30']
      SELECT "t"."StoreId", "t"."AddressId", "t"."AllowOrdersAfterOpeningHours", "t"."ApplicationFeeAmount", "t"."ApplicationFeePercent", "t"."Approved", "t"."BankAccountId", "t"."ContactEmails", "t"."Country", "t"."CurrencyCode", "t"."DeliveryEstimatedMinutes", "t"."DineHomeDeliveryEnabled", "t"."DineHomeOutletId", "t"."DinteroEnabled", "t"."FeedbackMessage", "t"."FeedbackUrl", "t"."GiftcardBankAccountNumber", "t"."GiftcardEnabled", "t"."HomeDeliveryEnabled", "t"."HomeDeliveryFromAddressId", "t"."LegalName", "t"."MinimumOrderPriceForHomeDelivery", "t"."Name", "t"."PayInStoreEnabled", "t"."PayoutStoreId", "t"."PhoneNumber", "t"."PickupEstimatedMinutes", "t"."Registered", "t"."RewardProgramId", "t"."SelfCheckout", "t"."SelfPickUp", "t"."SendInvoiceToEmails", "t"."SmsSenderName", "t"."StatusMessage", "t"."StripeEnabled", "t"."SurfboardEnabled", "t"."TableDeliveryEnabled", "t"."TableReservationEnabled", "t"."TerminalProvider", "t"."TimeZone", "t"."TipHeading", "t"."TipPercentEnabled", "t"."VAT", "t"."VippsEnabled", "t"."VippsMsn", "t"."WarningMessage", "t"."WoltCustomerDeliveryFeeAmount", "t"."WoltDriveEnabled", "t"."WoltDriveMerchantId", "t"."WoltDriveMerchantKey", "t"."WoltDriveVenueId", "t"."WoltServiceFeeAmount", "s0"."ApplicationUserId", "s0"."StoreId"
      FROM (
          SELECT "s"."StoreId", "s"."AddressId", "s"."AllowOrdersAfterOpeningHours", "s"."ApplicationFeeAmount", "s"."ApplicationFeePercent", "s"."Approved", "s"."BankAccountId", "s"."ContactEmails", "s"."Country", "s"."CurrencyCode", "s"."DeliveryEstimatedMinutes", "s"."DineHomeDeliveryEnabled", "s"."DineHomeOutletId", "s"."DinteroEnabled", "s"."FeedbackMessage", "s"."FeedbackUrl", "s"."GiftcardBankAccountNumber", "s"."GiftcardEnabled", "s"."HomeDeliveryEnabled", "s"."HomeDeliveryFromAddressId", "s"."LegalName", "s"."MinimumOrderPriceForHomeDelivery", "s"."Name", "s"."PayInStoreEnabled", "s"."PayoutStoreId", "s"."PhoneNumber", "s"."PickupEstimatedMinutes", "s"."Registered", "s"."RewardProgramId", "s"."SelfCheckout", "s"."SelfPickUp", "s"."SendInvoiceToEmails", "s"."SmsSenderName", "s"."StatusMessage", "s"."StripeEnabled", "s"."SurfboardEnabled", "s"."TableDeliveryEnabled", "s"."TableReservationEnabled", "s"."TerminalProvider", "s"."TimeZone", "s"."TipHeading", "s"."TipPercentEnabled", "s"."VAT", "s"."VippsEnabled", "s"."VippsMsn", "s"."WarningMessage", "s"."WoltCustomerDeliveryFeeAmount", "s"."WoltDriveEnabled", "s"."WoltDriveMerchantId", "s"."WoltDriveMerchantKey", "s"."WoltDriveVenueId", "s"."WoltServiceFeeAmount"
          FROM "Stores" AS "s"
          WHERE "s"."StoreId" = @__storeId_0
          LIMIT 1
      ) AS "t"
      LEFT JOIN "StoreAdmins" AS "s0" ON "t"."StoreId" = "s0"."StoreId"
      ORDER BY "t"."StoreId", "s0"."ApplicationUserId"
info: Microsoft.EntityFrameworkCore.Database.Command[20101]
      Executed DbCommand (0ms) [Parameters=[@__eventId_0='?' (DbType = Int32), @__storeId_1='?' (DbType = Int32)], CommandType='Text', CommandTimeout='30']
      SELECT "e"."Id", "e"."AcceptedProposalVersionNo", "e"."CompanyName", "e"."CompanyOrgNumber", "e"."ContactEmail", "e"."ContactName", "e"."ContactPhone", "e"."CreatedAtUtc", "e"."CreatedByUserId", "e"."DietaryRequirements", "e"."DietaryRequirementsUpdatedAtUtc", "e"."DietaryRequirementsUpdatedByUserId", "e"."EndTime", "e"."EventDate", "e"."GuestCountPlanned", "e"."PublicId", "e"."RowVersion", "e"."Source", "e"."SpaceId", "e"."StartTime", "e"."Status", "e"."StoreId", "e"."TimeZoneId", "e"."Title"
      FROM "EventsEvents" AS "e"
      WHERE "e"."Id" = @__eventId_0 AND "e"."StoreId" = @__storeId_1
      LIMIT 1
info: Microsoft.EntityFrameworkCore.Database.Command[20101]
      Executed DbCommand (0ms) [Parameters=[@__eventId_0='?' (DbType = Int32), @__ev_AcceptedProposalVersionNo_Value_1='?' (DbType = Int32)], CommandType='Text', CommandTimeout='30']
      SELECT "t"."Id", "t"."ContentHash", "t"."CreatedAtUtc", "t"."CreatedByUserId", "t"."CurrencyCode", "t"."DepositRequiredMinor", "t"."EventId", "t"."ExpiresAtUtc", "t"."MinimumSpendMinor", "t"."PublicToken", "t"."RoomFeeMinor", "t"."SentAtUtc", "t"."Status", "t"."TermsText", "t"."TotalMinor", "t"."VersionNo", "e0"."Id", "e0"."AmountMinor", "e0"."Description", "e0"."Kind", "e0"."LineNo", "e0"."ProposalVersionId", "e0"."Quantity", "e0"."UnitPriceMinor", "e0"."VatRate"
      FROM (
          SELECT "e"."Id", "e"."ContentHash", "e"."CreatedAtUtc", "e"."CreatedByUserId", "e"."CurrencyCode", "e"."DepositRequiredMinor", "e"."EventId", "e"."ExpiresAtUtc", "e"."MinimumSpendMinor", "e"."PublicToken", "e"."RoomFeeMinor", "e"."SentAtUtc", "e"."Status", "e"."TermsText", "e"."TotalMinor", "e"."VersionNo"
          FROM "EventsProposalVersions" AS "e"
          WHERE "e"."EventId" = @__eventId_0 AND "e"."VersionNo" = @__ev_AcceptedProposalVersionNo_Value_1 AND "e"."Status" = 'Accepted'
          LIMIT 1
      ) AS "t"
      LEFT JOIN "EventsProposalLines" AS "e0" ON "t"."Id" = "e0"."ProposalVersionId"
      ORDER BY "t"."Id"
info: Microsoft.EntityFrameworkCore.Database.Command[20101]
      Executed DbCommand (0ms) [Parameters=[@__eventId_0='?' (DbType = Int32)], CommandType='Text', CommandTimeout='30']
      SELECT "e"."Id", "e"."AuthorUserId", "e"."Body", "e"."CreatedAtUtc", "e"."EventId"
      FROM "EventsNotes" AS "e"
      WHERE "e"."EventId" = @__eventId_0
      ORDER BY "e"."CreatedAtUtc", "e"."Id"
info: Microsoft.EntityFrameworkCore.Database.Command[20101]
      Executed DbCommand (0ms) [Parameters=[@__eventId_0='?' (DbType = Int32)], CommandType='Text', CommandTimeout='30']
      SELECT "e"."Id", "e"."CreatedAtUtc", "e"."EventId", "e"."GeneratedFromProposalVersionId", "e"."IssuedAtUtc", "e"."IssuedByUserId", "e"."Status", "e"."VersionNo"
      FROM "EventsRunSheets" AS "e"
      WHERE "e"."EventId" = @__eventId_0 AND "e"."Status" <> 'Superseded'
info: Microsoft.EntityFrameworkCore.Database.Command[20101]
      Executed DbCommand (0ms) [Parameters=[@__eventId_0='?' (DbType = Int32)], CommandType='Text', CommandTimeout='30']
      SELECT MAX("e"."VersionNo")
      FROM "EventsRunSheets" AS "e"
      WHERE "e"."EventId" = @__eventId_0
info: Microsoft.EntityFrameworkCore.Database.Command[20101]
      Executed DbCommand (0ms) [Parameters=[@p1='?' (DbType = Int32), @p0='?' (Size = 10)], CommandType='Text', CommandTimeout='30']
      UPDATE "EventsRunSheets" SET "Status" = @p0
      WHERE "Id" = @p1
      RETURNING 1;
info: Microsoft.EntityFrameworkCore.Database.Command[20101]
      Executed DbCommand (0ms) [Parameters=[@p0='?' (DbType = DateTime), @p1='?' (DbType = Int32), @p2='?' (DbType = Int32), @p3='?' (DbType = DateTime), @p4='?' (Size = 12), @p5='?' (Size = 6), @p6='?' (DbType = Int32)], CommandType='Text', CommandTimeout='30']
      INSERT INTO "EventsRunSheets" ("CreatedAtUtc", "EventId", "GeneratedFromProposalVersionId", "IssuedAtUtc", "IssuedByUserId", "Status", "VersionNo")
      VALUES (@p0, @p1, @p2, @p3, @p4, @p5, @p6)
      RETURNING "Id";
info: Microsoft.EntityFrameworkCore.Database.Command[20101]
      Executed DbCommand (0ms) [Parameters=[@p7='?' (Size = 15), @p8='?', @p9='?' (DbType = Int32), @p10='?' (Size = 8), @p11='?' (DbType = Int32), @p12='?' (Size = 5)], CommandType='Text', CommandTimeout='30']
      INSERT INTO "EventsRunSheetItems" ("Body", "QuantityLabel", "RunSheetId", "Section", "SortOrder", "TimeLabel")
      VALUES (@p7, @p8, @p9, @p10, @p11, @p12)
      RETURNING "Id";
info: Microsoft.EntityFrameworkCore.Database.Command[20101]
      Executed DbCommand (0ms) [Parameters=[@p0='?' (Size = 13), @p1='?', @p2='?' (DbType = Int32), @p3='?' (Size = 8), @p4='?' (DbType = Int32), @p5='?' (Size = 5)], CommandType='Text', CommandTimeout='30']
      INSERT INTO "EventsRunSheetItems" ("Body", "QuantityLabel", "RunSheetId", "Section", "SortOrder", "TimeLabel")
      VALUES (@p0, @p1, @p2, @p3, @p4, @p5)
      RETURNING "Id";
info: Microsoft.EntityFrameworkCore.Database.Command[20101]
      Executed DbCommand (0ms) [Parameters=[@p0='?' (Size = 18), @p1='?', @p2='?' (DbType = Int32), @p3='?' (Size = 5), @p4='?' (DbType = Int32), @p5='?'], CommandType='Text', CommandTimeout='30']
      INSERT INTO "EventsRunSheetItems" ("Body", "QuantityLabel", "RunSheetId", "Section", "SortOrder", "TimeLabel")
      VALUES (@p0, @p1, @p2, @p3, @p4, @p5)
      RETURNING "Id";
info: Microsoft.EntityFrameworkCore.Database.Command[20101]
      Executed DbCommand (0ms) [Parameters=[@p0='?' (Size = 24), @p1='?' (Size = 2), @p2='?' (DbType = Int32), @p3='?' (Size = 4), @p4='?' (DbType = Int32), @p5='?'], CommandType='Text', CommandTimeout='30']
      INSERT INTO "EventsRunSheetItems" ("Body", "QuantityLabel", "RunSheetId", "Section", "SortOrder", "TimeLabel")
      VALUES (@p0, @p1, @p2, @p3, @p4, @p5)
      RETURNING "Id";
info: Microsoft.EntityFrameworkCore.Database.Command[20101]
      Executed DbCommand (0ms) [Parameters=[@p0='?' (Size = 12), @p1='?' (Size = 1), @p2='?' (DbType = Int32), @p3='?' (Size = 4), @p4='?' (DbType = Int32), @p5='?'], CommandType='Text', CommandTimeout='30']
      INSERT INTO "EventsRunSheetItems" ("Body", "QuantityLabel", "RunSheetId", "Section", "SortOrder", "TimeLabel")
      VALUES (@p0, @p1, @p2, @p3, @p4, @p5)
      RETURNING "Id";
info: Microsoft.EntityFrameworkCore.Database.Command[20101]
      Executed DbCommand (0ms) [Parameters=[@p0='?' (Size = 175), @p1='?', @p2='?' (DbType = Int32), @p3='?' (Size = 7), @p4='?' (DbType = Int32), @p5='?'], CommandType='Text', CommandTimeout='30']
      INSERT INTO "EventsRunSheetItems" ("Body", "QuantityLabel", "RunSheetId", "Section", "SortOrder", "TimeLabel")
      VALUES (@p0, @p1, @p2, @p3, @p4, @p5)
      RETURNING "Id";
info: Microsoft.EntityFrameworkCore.Database.Command[20101]
      Executed DbCommand (0ms) [Parameters=[@p0='?' (Size = 116), @p1='?', @p2='?' (DbType = Int32), @p3='?' (Size = 7), @p4='?' (DbType = Int32), @p5='?'], CommandType='Text', CommandTimeout='30']
      INSERT INTO "EventsRunSheetItems" ("Body", "QuantityLabel", "RunSheetId", "Section", "SortOrder", "TimeLabel")
      VALUES (@p0, @p1, @p2, @p3, @p4, @p5)
      RETURNING "Id";
info: Microsoft.EntityFrameworkCore.Database.Command[20101]
      Executed DbCommand (0ms) [Parameters=[@p0='?' (Size = 88), @p1='?', @p2='?' (DbType = Int32), @p3='?' (Size = 7), @p4='?' (DbType = Int32), @p5='?'], CommandType='Text', CommandTimeout='30']
      INSERT INTO "EventsRunSheetItems" ("Body", "QuantityLabel", "RunSheetId", "Section", "SortOrder", "TimeLabel")
      VALUES (@p0, @p1, @p2, @p3, @p4, @p5)
      RETURNING "Id";
info: Microsoft.EntityFrameworkCore.Database.Command[20101]
      Executed DbCommand (0ms) [Parameters=[@p0='?' (Size = 28), @p1='?', @p2='?' (DbType = Int32), @p3='?' (Size = 8), @p4='?' (DbType = Int32), @p5='?'], CommandType='Text', CommandTimeout='30']
      INSERT INTO "EventsRunSheetItems" ("Body", "QuantityLabel", "RunSheetId", "Section", "SortOrder", "TimeLabel")
      VALUES (@p0, @p1, @p2, @p3, @p4, @p5)
      RETURNING "Id";
info: Microsoft.EntityFrameworkCore.Database.Command[20101]
      Executed DbCommand (0ms) [Parameters=[@p0='?' (Size = 48), @p1='?', @p2='?' (DbType = Int32), @p3='?' (Size = 8), @p4='?' (DbType = Int32), @p5='?'], CommandType='Text', CommandTimeout='30']
      INSERT INTO "EventsRunSheetItems" ("Body", "QuantityLabel", "RunSheetId", "Section", "SortOrder", "TimeLabel")
      VALUES (@p0, @p1, @p2, @p3, @p4, @p5)
      RETURNING "Id";
info: Microsoft.AspNetCore.Mvc.Infrastructure.ControllerActionInvoker[103]
      Executed action method WebApi.Controllers.EventsRunSheetController.Generate (WebApi), returned result Microsoft.AspNetCore.Mvc.OkObjectResult in 4.2192ms.
info: Microsoft.AspNetCore.Mvc.Infrastructure.ObjectResultExecutor[1]
      Executing OkObjectResult, writing value of type 'WebApi.Models.Events.EventsRunSheetView'.
info: Microsoft.AspNetCore.Mvc.Infrastructure.ControllerActionInvoker[105]
      Executed action WebApi.Controllers.EventsRunSheetController.Generate (WebApi) in 4.7305ms
info: Microsoft.AspNetCore.Routing.EndpointMiddleware[1]
      Executed endpoint 'WebApi.Controllers.EventsRunSheetController.Generate (WebApi)'
info: Microsoft.AspNetCore.Hosting.Diagnostics[2]
      Request finished HTTP/1.1 PUT http://localhost/events/admin/4101/events/4390/run-sheet - 200 1647 application/json;+charset=utf-8 5.7681ms
info: Microsoft.AspNetCore.Hosting.Diagnostics[1]
      Request starting HTTP/1.1 GET http://localhost/events/admin/4101/events/4390/run-sheet?version=1 - - -
info: Microsoft.EntityFrameworkCore.Database.Command[20101]
      Executed DbCommand (0ms) [Parameters=[@__p_0='?' (Size = 12)], CommandType='Text', CommandTimeout='30']
      SELECT "a"."Id", "a"."AccessFailedCount", "a"."BirthDate", "a"."City", "a"."CommaSeparatedFavoriteProductIds", "a"."ConcurrencyStamp", "a"."Confirmed", "a"."DeliveryInstructions", "a"."Email", "a"."EmailConfirmationCode", "a"."EmailConfirmationCodeExpiry", "a"."EmailConfirmed", "a"."FirstName", "a"."FullAddress", "a"."IsKeyAccountDirector", "a"."IsKeyAccountManager", "a"."IsPowerUser", "a"."KeyAccountDirectorId", "a"."LastName", "a"."LockoutEnabled", "a"."LockoutEnd", "a"."NormalizedEmail", "a"."NormalizedUserName", "a"."PasswordHash", "a"."PhoneNumber", "a"."PhoneNumberConfirmed", "a"."Registered", "a"."SecurityStamp", "a"."ShowFeedback", "a"."StripeCustomerId", "a"."TwoFactorEnabled", "a"."UserName", "a"."ZipCode"
      FROM "AspNetUsers" AS "a"
      WHERE "a"."Id" = @__p_0
      LIMIT 1
info: Microsoft.AspNetCore.Routing.EndpointMiddleware[0]
      Executing endpoint 'WebApi.Controllers.EventsRunSheetController.Get (WebApi)'
info: Microsoft.AspNetCore.Mvc.Infrastructure.ControllerActionInvoker[102]
      Route matched with {action = "Get", controller = "EventsRunSheet"}. Executing controller action with signature System.Threading.Tasks.Task`1[Microsoft.AspNetCore.Mvc.IActionResult] Get(Int32, Int32, System.Nullable`1[System.Int32], System.Threading.CancellationToken) on controller WebApi.Controllers.EventsRunSheetController (WebApi).
info: Microsoft.AspNetCore.Mvc.Infrastructure.ControllerActionInvoker[101]
      Executing action method WebApi.Controllers.EventsRunSheetController.Get (WebApi) - Validation state: Valid
info: Microsoft.EntityFrameworkCore.Database.Command[20101]
      Executed DbCommand (0ms) [Parameters=[@__storeId_0='?' (DbType = Int32), @__flagKey_1='?' (Size = 11)], CommandType='Text', CommandTimeout='30']
      SELECT "s"."Enabled"
      FROM "StoreFeatureFlags" AS "s"
      WHERE "s"."StoreId" = @__storeId_0 AND "s"."FlagKey" = @__flagKey_1
      LIMIT 1
info: Microsoft.EntityFrameworkCore.Database.Command[20101]
      Executed DbCommand (0ms) [Parameters=[@__storeId_0='?' (DbType = Int32)], CommandType='Text', CommandTimeout='30']
      SELECT "t"."StoreId", "t"."AddressId", "t"."AllowOrdersAfterOpeningHours", "t"."ApplicationFeeAmount", "t"."ApplicationFeePercent", "t"."Approved", "t"."BankAccountId", "t"."ContactEmails", "t"."Country", "t"."CurrencyCode", "t"."DeliveryEstimatedMinutes", "t"."DineHomeDeliveryEnabled", "t"."DineHomeOutletId", "t"."DinteroEnabled", "t"."FeedbackMessage", "t"."FeedbackUrl", "t"."GiftcardBankAccountNumber", "t"."GiftcardEnabled", "t"."HomeDeliveryEnabled", "t"."HomeDeliveryFromAddressId", "t"."LegalName", "t"."MinimumOrderPriceForHomeDelivery", "t"."Name", "t"."PayInStoreEnabled", "t"."PayoutStoreId", "t"."PhoneNumber", "t"."PickupEstimatedMinutes", "t"."Registered", "t"."RewardProgramId", "t"."SelfCheckout", "t"."SelfPickUp", "t"."SendInvoiceToEmails", "t"."SmsSenderName", "t"."StatusMessage", "t"."StripeEnabled", "t"."SurfboardEnabled", "t"."TableDeliveryEnabled", "t"."TableReservationEnabled", "t"."TerminalProvider", "t"."TimeZone", "t"."TipHeading", "t"."TipPercentEnabled", "t"."VAT", "t"."VippsEnabled", "t"."VippsMsn", "t"."WarningMessage", "t"."WoltCustomerDeliveryFeeAmount", "t"."WoltDriveEnabled", "t"."WoltDriveMerchantId", "t"."WoltDriveMerchantKey", "t"."WoltDriveVenueId", "t"."WoltServiceFeeAmount", "s0"."ApplicationUserId", "s0"."StoreId"
      FROM (
          SELECT "s"."StoreId", "s"."AddressId", "s"."AllowOrdersAfterOpeningHours", "s"."ApplicationFeeAmount", "s"."ApplicationFeePercent", "s"."Approved", "s"."BankAccountId", "s"."ContactEmails", "s"."Country", "s"."CurrencyCode", "s"."DeliveryEstimatedMinutes", "s"."DineHomeDeliveryEnabled", "s"."DineHomeOutletId", "s"."DinteroEnabled", "s"."FeedbackMessage", "s"."FeedbackUrl", "s"."GiftcardBankAccountNumber", "s"."GiftcardEnabled", "s"."HomeDeliveryEnabled", "s"."HomeDeliveryFromAddressId", "s"."LegalName", "s"."MinimumOrderPriceForHomeDelivery", "s"."Name", "s"."PayInStoreEnabled", "s"."PayoutStoreId", "s"."PhoneNumber", "s"."PickupEstimatedMinutes", "s"."Registered", "s"."RewardProgramId", "s"."SelfCheckout", "s"."SelfPickUp", "s"."SendInvoiceToEmails", "s"."SmsSenderName", "s"."StatusMessage", "s"."StripeEnabled", "s"."SurfboardEnabled", "s"."TableDeliveryEnabled", "s"."TableReservationEnabled", "s"."TerminalProvider", "s"."TimeZone", "s"."TipHeading", "s"."TipPercentEnabled", "s"."VAT", "s"."VippsEnabled", "s"."VippsMsn", "s"."WarningMessage", "s"."WoltCustomerDeliveryFeeAmount", "s"."WoltDriveEnabled", "s"."WoltDriveMerchantId", "s"."WoltDriveMerchantKey", "s"."WoltDriveVenueId", "s"."WoltServiceFeeAmount"
          FROM "Stores" AS "s"
          WHERE "s"."StoreId" = @__storeId_0
          LIMIT 1
      ) AS "t"
      LEFT JOIN "StoreAdmins" AS "s0" ON "t"."StoreId" = "s0"."StoreId"
      ORDER BY "t"."StoreId", "s0"."ApplicationUserId"
info: Microsoft.EntityFrameworkCore.Database.Command[20101]
      Executed DbCommand (0ms) [Parameters=[@__eventId_0='?' (DbType = Int32), @__storeId_1='?' (DbType = Int32)], CommandType='Text', CommandTimeout='30']
      SELECT "e"."Id", "e"."AcceptedProposalVersionNo", "e"."CompanyName", "e"."CompanyOrgNumber", "e"."ContactEmail", "e"."ContactName", "e"."ContactPhone", "e"."CreatedAtUtc", "e"."CreatedByUserId", "e"."DietaryRequirements", "e"."DietaryRequirementsUpdatedAtUtc", "e"."DietaryRequirementsUpdatedByUserId", "e"."EndTime", "e"."EventDate", "e"."GuestCountPlanned", "e"."PublicId", "e"."RowVersion", "e"."Source", "e"."SpaceId", "e"."StartTime", "e"."Status", "e"."StoreId", "e"."TimeZoneId", "e"."Title"
      FROM "EventsEvents" AS "e"
      WHERE "e"."Id" = @__eventId_0 AND "e"."StoreId" = @__storeId_1
      LIMIT 1
info: Microsoft.EntityFrameworkCore.Database.Command[20101]
      Executed DbCommand (0ms) [Parameters=[@__eventId_0='?' (DbType = Int32), @__versionNo_Value_1='?' (DbType = Int32)], CommandType='Text', CommandTimeout='30']
      SELECT "t"."Id", "t"."CreatedAtUtc", "t"."EventId", "t"."GeneratedFromProposalVersionId", "t"."IssuedAtUtc", "t"."IssuedByUserId", "t"."Status", "t"."VersionNo", "e0"."Id", "e0"."Body", "e0"."QuantityLabel", "e0"."RunSheetId", "e0"."Section", "e0"."SortOrder", "e0"."TimeLabel"
      FROM (
          SELECT "e"."Id", "e"."CreatedAtUtc", "e"."EventId", "e"."GeneratedFromProposalVersionId", "e"."IssuedAtUtc", "e"."IssuedByUserId", "e"."Status", "e"."VersionNo"
          FROM "EventsRunSheets" AS "e"
          WHERE "e"."EventId" = @__eventId_0 AND "e"."VersionNo" = @__versionNo_Value_1
          LIMIT 1
      ) AS "t"
      LEFT JOIN "EventsRunSheetItems" AS "e0" ON "t"."Id" = "e0"."RunSheetId"
      ORDER BY "t"."Id"
info: Microsoft.EntityFrameworkCore.Database.Command[20101]
      Executed DbCommand (0ms) [Parameters=[@__eventId_0='?' (DbType = Int32)], CommandType='Text', CommandTimeout='30']
      SELECT "e"."Id", "e"."VersionNo", "e"."Status"
      FROM "EventsProposalVersions" AS "e"
      WHERE "e"."EventId" = @__eventId_0
info: Microsoft.EntityFrameworkCore.Database.Command[20101]
      Executed DbCommand (0ms) [Parameters=[@__eventId_0='?' (DbType = Int32), @__sheet_CreatedAtUtc_1='?' (DbType = DateTime)], CommandType='Text', CommandTimeout='30']
      SELECT EXISTS (
          SELECT 1
          FROM "EventsNotes" AS "e"
          WHERE "e"."EventId" = @__eventId_0 AND "e"."CreatedAtUtc" > @__sheet_CreatedAtUtc_1)
info: Microsoft.AspNetCore.Mvc.Infrastructure.ControllerActionInvoker[103]
      Executed action method WebApi.Controllers.EventsRunSheetController.Get (WebApi), returned result Microsoft.AspNetCore.Mvc.OkObjectResult in 3.8607ms.
info: Microsoft.AspNetCore.Mvc.Infrastructure.ObjectResultExecutor[1]
      Executing OkObjectResult, writing value of type 'WebApi.Models.Events.EventsRunSheetView'.
info: Microsoft.AspNetCore.Mvc.Infrastructure.ControllerActionInvoker[105]
      Executed action WebApi.Controllers.EventsRunSheetController.Get (WebApi) in 5.0585ms
info: Microsoft.AspNetCore.Routing.EndpointMiddleware[1]
      Executed endpoint 'WebApi.Controllers.EventsRunSheetController.Get (WebApi)'
info: Microsoft.AspNetCore.Hosting.Diagnostics[2]
      Request finished HTTP/1.1 GET http://localhost/events/admin/4101/events/4390/run-sheet?version=1 - 200 1613 application/json;+charset=utf-8 5.8638ms
info: Microsoft.AspNetCore.Hosting.Diagnostics[1]
      Request starting HTTP/1.1 GET http://localhost/events/admin/4101/events/4390/run-sheet - - -
info: Microsoft.EntityFrameworkCore.Database.Command[20101]
      Executed DbCommand (0ms) [Parameters=[@__p_0='?' (Size = 12)], CommandType='Text', CommandTimeout='30']
      SELECT "a"."Id", "a"."AccessFailedCount", "a"."BirthDate", "a"."City", "a"."CommaSeparatedFavoriteProductIds", "a"."ConcurrencyStamp", "a"."Confirmed", "a"."DeliveryInstructions", "a"."Email", "a"."EmailConfirmationCode", "a"."EmailConfirmationCodeExpiry", "a"."EmailConfirmed", "a"."FirstName", "a"."FullAddress", "a"."IsKeyAccountDirector", "a"."IsKeyAccountManager", "a"."IsPowerUser", "a"."KeyAccountDirectorId", "a"."LastName", "a"."LockoutEnabled", "a"."LockoutEnd", "a"."NormalizedEmail", "a"."NormalizedUserName", "a"."PasswordHash", "a"."PhoneNumber", "a"."PhoneNumberConfirmed", "a"."Registered", "a"."SecurityStamp", "a"."ShowFeedback", "a"."StripeCustomerId", "a"."TwoFactorEnabled", "a"."UserName", "a"."ZipCode"
      FROM "AspNetUsers" AS "a"
      WHERE "a"."Id" = @__p_0
      LIMIT 1
info: Microsoft.AspNetCore.Routing.EndpointMiddleware[0]
      Executing endpoint 'WebApi.Controllers.EventsRunSheetController.Get (WebApi)'
info: Microsoft.AspNetCore.Mvc.Infrastructure.ControllerActionInvoker[102]
      Route matched with {action = "Get", controller = "EventsRunSheet"}. Executing controller action with signature System.Threading.Tasks.Task`1[Microsoft.AspNetCore.Mvc.IActionResult] Get(Int32, Int32, System.Nullable`1[System.Int32], System.Threading.CancellationToken) on controller WebApi.Controllers.EventsRunSheetController (WebApi).
info: Microsoft.AspNetCore.Mvc.Infrastructure.ControllerActionInvoker[101]
      Executing action method WebApi.Controllers.EventsRunSheetController.Get (WebApi) - Validation state: Valid
info: Microsoft.EntityFrameworkCore.Database.Command[20101]
      Executed DbCommand (0ms) [Parameters=[@__storeId_0='?' (DbType = Int32), @__flagKey_1='?' (Size = 11)], CommandType='Text', CommandTimeout='30']
      SELECT "s"."Enabled"
      FROM "StoreFeatureFlags" AS "s"
      WHERE "s"."StoreId" = @__storeId_0 AND "s"."FlagKey" = @__flagKey_1
      LIMIT 1
info: Microsoft.EntityFrameworkCore.Database.Command[20101]
      Executed DbCommand (0ms) [Parameters=[@__storeId_0='?' (DbType = Int32)], CommandType='Text', CommandTimeout='30']
      SELECT "t"."StoreId", "t"."AddressId", "t"."AllowOrdersAfterOpeningHours", "t"."ApplicationFeeAmount", "t"."ApplicationFeePercent", "t"."Approved", "t"."BankAccountId", "t"."ContactEmails", "t"."Country", "t"."CurrencyCode", "t"."DeliveryEstimatedMinutes", "t"."DineHomeDeliveryEnabled", "t"."DineHomeOutletId", "t"."DinteroEnabled", "t"."FeedbackMessage", "t"."FeedbackUrl", "t"."GiftcardBankAccountNumber", "t"."GiftcardEnabled", "t"."HomeDeliveryEnabled", "t"."HomeDeliveryFromAddressId", "t"."LegalName", "t"."MinimumOrderPriceForHomeDelivery", "t"."Name", "t"."PayInStoreEnabled", "t"."PayoutStoreId", "t"."PhoneNumber", "t"."PickupEstimatedMinutes", "t"."Registered", "t"."RewardProgramId", "t"."SelfCheckout", "t"."SelfPickUp", "t"."SendInvoiceToEmails", "t"."SmsSenderName", "t"."StatusMessage", "t"."StripeEnabled", "t"."SurfboardEnabled", "t"."TableDeliveryEnabled", "t"."TableReservationEnabled", "t"."TerminalProvider", "t"."TimeZone", "t"."TipHeading", "t"."TipPercentEnabled", "t"."VAT", "t"."VippsEnabled", "t"."VippsMsn", "t"."WarningMessage", "t"."WoltCustomerDeliveryFeeAmount", "t"."WoltDriveEnabled", "t"."WoltDriveMerchantId", "t"."WoltDriveMerchantKey", "t"."WoltDriveVenueId", "t"."WoltServiceFeeAmount", "s0"."ApplicationUserId", "s0"."StoreId"
      FROM (
          SELECT "s"."StoreId", "s"."AddressId", "s"."AllowOrdersAfterOpeningHours", "s"."ApplicationFeeAmount", "s"."ApplicationFeePercent", "s"."Approved", "s"."BankAccountId", "s"."ContactEmails", "s"."Country", "s"."CurrencyCode", "s"."DeliveryEstimatedMinutes", "s"."DineHomeDeliveryEnabled", "s"."DineHomeOutletId", "s"."DinteroEnabled", "s"."FeedbackMessage", "s"."FeedbackUrl", "s"."GiftcardBankAccountNumber", "s"."GiftcardEnabled", "s"."HomeDeliveryEnabled", "s"."HomeDeliveryFromAddressId", "s"."LegalName", "s"."MinimumOrderPriceForHomeDelivery", "s"."Name", "s"."PayInStoreEnabled", "s"."PayoutStoreId", "s"."PhoneNumber", "s"."PickupEstimatedMinutes", "s"."Registered", "s"."RewardProgramId", "s"."SelfCheckout", "s"."SelfPickUp", "s"."SendInvoiceToEmails", "s"."SmsSenderName", "s"."StatusMessage", "s"."StripeEnabled", "s"."SurfboardEnabled", "s"."TableDeliveryEnabled", "s"."TableReservationEnabled", "s"."TerminalProvider", "s"."TimeZone", "s"."TipHeading", "s"."TipPercentEnabled", "s"."VAT", "s"."VippsEnabled", "s"."VippsMsn", "s"."WarningMessage", "s"."WoltCustomerDeliveryFeeAmount", "s"."WoltDriveEnabled", "s"."WoltDriveMerchantId", "s"."WoltDriveMerchantKey", "s"."WoltDriveVenueId", "s"."WoltServiceFeeAmount"
          FROM "Stores" AS "s"
          WHERE "s"."StoreId" = @__storeId_0
          LIMIT 1
      ) AS "t"
      LEFT JOIN "StoreAdmins" AS "s0" ON "t"."StoreId" = "s0"."StoreId"
      ORDER BY "t"."StoreId", "s0"."ApplicationUserId"
info: Microsoft.EntityFrameworkCore.Database.Command[20101]
      Executed DbCommand (0ms) [Parameters=[@__eventId_0='?' (DbType = Int32), @__storeId_1='?' (DbType = Int32)], CommandType='Text', CommandTimeout='30']
      SELECT "e"."Id", "e"."AcceptedProposalVersionNo", "e"."CompanyName", "e"."CompanyOrgNumber", "e"."ContactEmail", "e"."ContactName", "e"."ContactPhone", "e"."CreatedAtUtc", "e"."CreatedByUserId", "e"."DietaryRequirements", "e"."DietaryRequirementsUpdatedAtUtc", "e"."DietaryRequirementsUpdatedByUserId", "e"."EndTime", "e"."EventDate", "e"."GuestCountPlanned", "e"."PublicId", "e"."RowVersion", "e"."Source", "e"."SpaceId", "e"."StartTime", "e"."Status", "e"."StoreId", "e"."TimeZoneId", "e"."Title"
      FROM "EventsEvents" AS "e"
      WHERE "e"."Id" = @__eventId_0 AND "e"."StoreId" = @__storeId_1
      LIMIT 1
info: Microsoft.EntityFrameworkCore.Database.Command[20101]
      Executed DbCommand (0ms) [Parameters=[@__eventId_0='?' (DbType = Int32)], CommandType='Text', CommandTimeout='30']
      SELECT "t"."Id", "t"."CreatedAtUtc", "t"."EventId", "t"."GeneratedFromProposalVersionId", "t"."IssuedAtUtc", "t"."IssuedByUserId", "t"."Status", "t"."VersionNo", "e0"."Id", "e0"."Body", "e0"."QuantityLabel", "e0"."RunSheetId", "e0"."Section", "e0"."SortOrder", "e0"."TimeLabel"
      FROM (
          SELECT "e"."Id", "e"."CreatedAtUtc", "e"."EventId", "e"."GeneratedFromProposalVersionId", "e"."IssuedAtUtc", "e"."IssuedByUserId", "e"."Status", "e"."VersionNo"
          FROM "EventsRunSheets" AS "e"
          WHERE "e"."EventId" = @__eventId_0
          ORDER BY "e"."VersionNo" DESC
          LIMIT 1
      ) AS "t"
      LEFT JOIN "EventsRunSheetItems" AS "e0" ON "t"."Id" = "e0"."RunSheetId"
      ORDER BY "t"."VersionNo" DESC, "t"."Id"
info: Microsoft.EntityFrameworkCore.Database.Command[20101]
      Executed DbCommand (0ms) [Parameters=[@__eventId_0='?' (DbType = Int32)], CommandType='Text', CommandTimeout='30']
      SELECT "e"."Id", "e"."VersionNo", "e"."Status"
      FROM "EventsProposalVersions" AS "e"
      WHERE "e"."EventId" = @__eventId_0
info: Microsoft.EntityFrameworkCore.Database.Command[20101]
      Executed DbCommand (0ms) [Parameters=[@__eventId_0='?' (DbType = Int32), @__sheet_CreatedAtUtc_1='?' (DbType = DateTime)], CommandType='Text', CommandTimeout='30']
      SELECT EXISTS (
          SELECT 1
          FROM "EventsNotes" AS "e"
          WHERE "e"."EventId" = @__eventId_0 AND "e"."CreatedAtUtc" > @__sheet_CreatedAtUtc_1)
info: Microsoft.AspNetCore.Mvc.Infrastructure.ControllerActionInvoker[103]
      Executed action method WebApi.Controllers.EventsRunSheetController.Get (WebApi), returned result Microsoft.AspNetCore.Mvc.OkObjectResult in 1.0746ms.
info: Microsoft.AspNetCore.Mvc.Infrastructure.ObjectResultExecutor[1]
      Executing OkObjectResult, writing value of type 'WebApi.Models.Events.EventsRunSheetView'.
info: Microsoft.AspNetCore.Mvc.Infrastructure.ControllerActionInvoker[105]
      Executed action WebApi.Controllers.EventsRunSheetController.Get (WebApi) in 1.2515ms
info: Microsoft.AspNetCore.Routing.EndpointMiddleware[1]
      Executed endpoint 'WebApi.Controllers.EventsRunSheetController.Get (WebApi)'
info: Microsoft.AspNetCore.Hosting.Diagnostics[2]
      Request finished HTTP/1.1 GET http://localhost/events/admin/4101/events/4390/run-sheet - 200 1645 application/json;+charset=utf-8 2.0252ms
info: Microsoft.AspNetCore.Hosting.Diagnostics[1]
      Request starting HTTP/1.1 GET http://localhost/events/admin/4101/events/4390 - - -
info: Microsoft.EntityFrameworkCore.Database.Command[20101]
      Executed DbCommand (0ms) [Parameters=[@__p_0='?' (Size = 12)], CommandType='Text', CommandTimeout='30']
      SELECT "a"."Id", "a"."AccessFailedCount", "a"."BirthDate", "a"."City", "a"."CommaSeparatedFavoriteProductIds", "a"."ConcurrencyStamp", "a"."Confirmed", "a"."DeliveryInstructions", "a"."Email", "a"."EmailConfirmationCode", "a"."EmailConfirmationCodeExpiry", "a"."EmailConfirmed", "a"."FirstName", "a"."FullAddress", "a"."IsKeyAccountDirector", "a"."IsKeyAccountManager", "a"."IsPowerUser", "a"."KeyAccountDirectorId", "a"."LastName", "a"."LockoutEnabled", "a"."LockoutEnd", "a"."NormalizedEmail", "a"."NormalizedUserName", "a"."PasswordHash", "a"."PhoneNumber", "a"."PhoneNumberConfirmed", "a"."Registered", "a"."SecurityStamp", "a"."ShowFeedback", "a"."StripeCustomerId", "a"."TwoFactorEnabled", "a"."UserName", "a"."ZipCode"
      FROM "AspNetUsers" AS "a"
      WHERE "a"."Id" = @__p_0
      LIMIT 1
info: Microsoft.AspNetCore.Routing.EndpointMiddleware[0]
      Executing endpoint 'WebApi.Controllers.EventsController.GetEvent (WebApi)'
info: Microsoft.AspNetCore.Mvc.Infrastructure.ControllerActionInvoker[102]
      Route matched with {action = "GetEvent", controller = "Events"}. Executing controller action with signature System.Threading.Tasks.Task`1[Microsoft.AspNetCore.Mvc.IActionResult] GetEvent(Int32, Int32, System.Threading.CancellationToken) on controller WebApi.Controllers.EventsController (WebApi).
info: Microsoft.AspNetCore.Mvc.Infrastructure.ControllerActionInvoker[101]
      Executing action method WebApi.Controllers.EventsController.GetEvent (WebApi) - Validation state: Valid
info: Microsoft.EntityFrameworkCore.Database.Command[20101]
      Executed DbCommand (0ms) [Parameters=[@__storeId_0='?' (DbType = Int32), @__flagKey_1='?' (Size = 11)], CommandType='Text', CommandTimeout='30']
      SELECT "s"."Enabled"
      FROM "StoreFeatureFlags" AS "s"
      WHERE "s"."StoreId" = @__storeId_0 AND "s"."FlagKey" = @__flagKey_1
      LIMIT 1
info: Microsoft.EntityFrameworkCore.Database.Command[20101]
      Executed DbCommand (0ms) [Parameters=[@__storeId_0='?' (DbType = Int32)], CommandType='Text', CommandTimeout='30']
      SELECT "t"."StoreId", "t"."AddressId", "t"."AllowOrdersAfterOpeningHours", "t"."ApplicationFeeAmount", "t"."ApplicationFeePercent", "t"."Approved", "t"."BankAccountId", "t"."ContactEmails", "t"."Country", "t"."CurrencyCode", "t"."DeliveryEstimatedMinutes", "t"."DineHomeDeliveryEnabled", "t"."DineHomeOutletId", "t"."DinteroEnabled", "t"."FeedbackMessage", "t"."FeedbackUrl", "t"."GiftcardBankAccountNumber", "t"."GiftcardEnabled", "t"."HomeDeliveryEnabled", "t"."HomeDeliveryFromAddressId", "t"."LegalName", "t"."MinimumOrderPriceForHomeDelivery", "t"."Name", "t"."PayInStoreEnabled", "t"."PayoutStoreId", "t"."PhoneNumber", "t"."PickupEstimatedMinutes", "t"."Registered", "t"."RewardProgramId", "t"."SelfCheckout", "t"."SelfPickUp", "t"."SendInvoiceToEmails", "t"."SmsSenderName", "t"."StatusMessage", "t"."StripeEnabled", "t"."SurfboardEnabled", "t"."TableDeliveryEnabled", "t"."TableReservationEnabled", "t"."TerminalProvider", "t"."TimeZone", "t"."TipHeading", "t"."TipPercentEnabled", "t"."VAT", "t"."VippsEnabled", "t"."VippsMsn", "t"."WarningMessage", "t"."WoltCustomerDeliveryFeeAmount", "t"."WoltDriveEnabled", "t"."WoltDriveMerchantId", "t"."WoltDriveMerchantKey", "t"."WoltDriveVenueId", "t"."WoltServiceFeeAmount", "s0"."ApplicationUserId", "s0"."StoreId"
      FROM (
          SELECT "s"."StoreId", "s"."AddressId", "s"."AllowOrdersAfterOpeningHours", "s"."ApplicationFeeAmount", "s"."ApplicationFeePercent", "s"."Approved", "s"."BankAccountId", "s"."ContactEmails", "s"."Country", "s"."CurrencyCode", "s"."DeliveryEstimatedMinutes", "s"."DineHomeDeliveryEnabled", "s"."DineHomeOutletId", "s"."DinteroEnabled", "s"."FeedbackMessage", "s"."FeedbackUrl", "s"."GiftcardBankAccountNumber", "s"."GiftcardEnabled", "s"."HomeDeliveryEnabled", "s"."HomeDeliveryFromAddressId", "s"."LegalName", "s"."MinimumOrderPriceForHomeDelivery", "s"."Name", "s"."PayInStoreEnabled", "s"."PayoutStoreId", "s"."PhoneNumber", "s"."PickupEstimatedMinutes", "s"."Registered", "s"."RewardProgramId", "s"."SelfCheckout", "s"."SelfPickUp", "s"."SendInvoiceToEmails", "s"."SmsSenderName", "s"."StatusMessage", "s"."StripeEnabled", "s"."SurfboardEnabled", "s"."TableDeliveryEnabled", "s"."TableReservationEnabled", "s"."TerminalProvider", "s"."TimeZone", "s"."TipHeading", "s"."TipPercentEnabled", "s"."VAT", "s"."VippsEnabled", "s"."VippsMsn", "s"."WarningMessage", "s"."WoltCustomerDeliveryFeeAmount", "s"."WoltDriveEnabled", "s"."WoltDriveMerchantId", "s"."WoltDriveMerchantKey", "s"."WoltDriveVenueId", "s"."WoltServiceFeeAmount"
          FROM "Stores" AS "s"
          WHERE "s"."StoreId" = @__storeId_0
          LIMIT 1
      ) AS "t"
      LEFT JOIN "StoreAdmins" AS "s0" ON "t"."StoreId" = "s0"."StoreId"
      ORDER BY "t"."StoreId", "s0"."ApplicationUserId"
info: Microsoft.EntityFrameworkCore.Database.Command[20101]
      Executed DbCommand (0ms) [Parameters=[@__eventId_0='?' (DbType = Int32), @__storeId_1='?' (DbType = Int32)], CommandType='Text', CommandTimeout='30']
      SELECT "e"."Id", "e"."AcceptedProposalVersionNo", "e"."CompanyName", "e"."CompanyOrgNumber", "e"."ContactEmail", "e"."ContactName", "e"."ContactPhone", "e"."CreatedAtUtc", "e"."CreatedByUserId", "e"."DietaryRequirements", "e"."DietaryRequirementsUpdatedAtUtc", "e"."DietaryRequirementsUpdatedByUserId", "e"."EndTime", "e"."EventDate", "e"."GuestCountPlanned", "e"."PublicId", "e"."RowVersion", "e"."Source", "e"."SpaceId", "e"."StartTime", "e"."Status", "e"."StoreId", "e"."TimeZoneId", "e"."Title"
      FROM "EventsEvents" AS "e"
      WHERE "e"."Id" = @__eventId_0 AND "e"."StoreId" = @__storeId_1
      LIMIT 1
info: Microsoft.EntityFrameworkCore.Database.Command[20101]
      Executed DbCommand (0ms) [Parameters=[@__eventId_0='?' (DbType = Int32)], CommandType='Text', CommandTimeout='30']
      SELECT "e"."Id", "e"."ContentHash", "e"."CreatedAtUtc", "e"."CreatedByUserId", "e"."CurrencyCode", "e"."DepositRequiredMinor", "e"."EventId", "e"."ExpiresAtUtc", "e"."MinimumSpendMinor", "e"."PublicToken", "e"."RoomFeeMinor", "e"."SentAtUtc", "e"."Status", "e"."TermsText", "e"."TotalMinor", "e"."VersionNo", "e0"."Id", "e0"."AmountMinor", "e0"."Description", "e0"."Kind", "e0"."LineNo", "e0"."ProposalVersionId", "e0"."Quantity", "e0"."UnitPriceMinor", "e0"."VatRate"
      FROM "EventsProposalVersions" AS "e"
      LEFT JOIN "EventsProposalLines" AS "e0" ON "e"."Id" = "e0"."ProposalVersionId"
      WHERE "e"."EventId" = @__eventId_0
      ORDER BY "e"."VersionNo", "e"."Id"
info: Microsoft.EntityFrameworkCore.Database.Command[20101]
      Executed DbCommand (0ms) [Parameters=[@__eventId_0='?' (DbType = Int32)], CommandType='Text', CommandTimeout='30']
      SELECT "e"."Id", "e"."Action", "e"."ActorKind", "e"."ActorUserId", "e"."CreatedAtUtc", "e"."EventId", "e"."FromStatus", "e"."Note", "e"."ReasonCode", "e"."ToStatus"
      FROM "EventsStateTransitions" AS "e"
      WHERE "e"."EventId" = @__eventId_0
      ORDER BY "e"."CreatedAtUtc", "e"."Id"
info: Microsoft.EntityFrameworkCore.Database.Command[20101]
      Executed DbCommand (0ms) [Parameters=[@__eventId_0='?' (DbType = Int32)], CommandType='Text', CommandTimeout='30']
      SELECT "e"."Id", "e"."AuthorUserId", "e"."Body", "e"."CreatedAtUtc", "e"."EventId"
      FROM "EventsNotes" AS "e"
      WHERE "e"."EventId" = @__eventId_0
      ORDER BY "e"."CreatedAtUtc", "e"."Id"
info: Microsoft.AspNetCore.Mvc.Infrastructure.ControllerActionInvoker[103]
      Executed action method WebApi.Controllers.EventsController.GetEvent (WebApi), returned result Microsoft.AspNetCore.Mvc.OkObjectResult in 24.8627ms.
info: Microsoft.AspNetCore.Mvc.Infrastructure.ObjectResultExecutor[1]
      Executing OkObjectResult, writing value of type 'WebApi.Models.Events.EventsEventDetailView'.
info: Microsoft.AspNetCore.Mvc.Infrastructure.ControllerActionInvoker[105]
      Executed action WebApi.Controllers.EventsController.GetEvent (WebApi) in 34.2733ms
info: Microsoft.AspNetCore.Routing.EndpointMiddleware[1]
      Executed endpoint 'WebApi.Controllers.EventsController.GetEvent (WebApi)'
info: Microsoft.AspNetCore.Hosting.Diagnostics[2]
      Request finished HTTP/1.1 GET http://localhost/events/admin/4101/events/4390 - 200 1769 application/json;+charset=utf-8 36.7347ms
info: Microsoft.AspNetCore.Hosting.Diagnostics[1]
      Request starting HTTP/1.1 PUT http://localhost/events/admin/4101/events/4390/dietary - application/json;+charset=utf-8 19
info: Microsoft.EntityFrameworkCore.Database.Command[20101]
      Executed DbCommand (0ms) [Parameters=[@__p_0='?' (Size = 12)], CommandType='Text', CommandTimeout='30']
      SELECT "a"."Id", "a"."AccessFailedCount", "a"."BirthDate", "a"."City", "a"."CommaSeparatedFavoriteProductIds", "a"."ConcurrencyStamp", "a"."Confirmed", "a"."DeliveryInstructions", "a"."Email", "a"."EmailConfirmationCode", "a"."EmailConfirmationCodeExpiry", "a"."EmailConfirmed", "a"."FirstName", "a"."FullAddress", "a"."IsKeyAccountDirector", "a"."IsKeyAccountManager", "a"."IsPowerUser", "a"."KeyAccountDirectorId", "a"."LastName", "a"."LockoutEnabled", "a"."LockoutEnd", "a"."NormalizedEmail", "a"."NormalizedUserName", "a"."PasswordHash", "a"."PhoneNumber", "a"."PhoneNumberConfirmed", "a"."Registered", "a"."SecurityStamp", "a"."ShowFeedback", "a"."StripeCustomerId", "a"."TwoFactorEnabled", "a"."UserName", "a"."ZipCode"
      FROM "AspNetUsers" AS "a"
      WHERE "a"."Id" = @__p_0
      LIMIT 1
info: Microsoft.AspNetCore.Routing.EndpointMiddleware[0]
      Executing endpoint 'WebApi.Controllers.EventsController.RecordDietaryStatement (WebApi)'
info: Microsoft.AspNetCore.Mvc.Infrastructure.ControllerActionInvoker[102]
      Route matched with {action = "RecordDietaryStatement", controller = "Events"}. Executing controller action with signature System.Threading.Tasks.Task`1[Microsoft.AspNetCore.Mvc.IActionResult] RecordDietaryStatement(Int32, Int32, WebApi.Models.Events.EventsDietaryStatementRequest, System.Threading.CancellationToken) on controller WebApi.Controllers.EventsController (WebApi).
info: Microsoft.AspNetCore.Mvc.Infrastructure.ControllerActionInvoker[101]
      Executing action method WebApi.Controllers.EventsController.RecordDietaryStatement (WebApi) - Validation state: Valid
info: Microsoft.EntityFrameworkCore.Database.Command[20101]
      Executed DbCommand (0ms) [Parameters=[@__storeId_0='?' (DbType = Int32), @__flagKey_1='?' (Size = 11)], CommandType='Text', CommandTimeout='30']
      SELECT "s"."Enabled"
      FROM "StoreFeatureFlags" AS "s"
      WHERE "s"."StoreId" = @__storeId_0 AND "s"."FlagKey" = @__flagKey_1
      LIMIT 1
info: Microsoft.EntityFrameworkCore.Database.Command[20101]
      Executed DbCommand (0ms) [Parameters=[@__storeId_0='?' (DbType = Int32)], CommandType='Text', CommandTimeout='30']
      SELECT "t"."StoreId", "t"."AddressId", "t"."AllowOrdersAfterOpeningHours", "t"."ApplicationFeeAmount", "t"."ApplicationFeePercent", "t"."Approved", "t"."BankAccountId", "t"."ContactEmails", "t"."Country", "t"."CurrencyCode", "t"."DeliveryEstimatedMinutes", "t"."DineHomeDeliveryEnabled", "t"."DineHomeOutletId", "t"."DinteroEnabled", "t"."FeedbackMessage", "t"."FeedbackUrl", "t"."GiftcardBankAccountNumber", "t"."GiftcardEnabled", "t"."HomeDeliveryEnabled", "t"."HomeDeliveryFromAddressId", "t"."LegalName", "t"."MinimumOrderPriceForHomeDelivery", "t"."Name", "t"."PayInStoreEnabled", "t"."PayoutStoreId", "t"."PhoneNumber", "t"."PickupEstimatedMinutes", "t"."Registered", "t"."RewardProgramId", "t"."SelfCheckout", "t"."SelfPickUp", "t"."SendInvoiceToEmails", "t"."SmsSenderName", "t"."StatusMessage", "t"."StripeEnabled", "t"."SurfboardEnabled", "t"."TableDeliveryEnabled", "t"."TableReservationEnabled", "t"."TerminalProvider", "t"."TimeZone", "t"."TipHeading", "t"."TipPercentEnabled", "t"."VAT", "t"."VippsEnabled", "t"."VippsMsn", "t"."WarningMessage", "t"."WoltCustomerDeliveryFeeAmount", "t"."WoltDriveEnabled", "t"."WoltDriveMerchantId", "t"."WoltDriveMerchantKey", "t"."WoltDriveVenueId", "t"."WoltServiceFeeAmount", "s0"."ApplicationUserId", "s0"."StoreId"
      FROM (
          SELECT "s"."StoreId", "s"."AddressId", "s"."AllowOrdersAfterOpeningHours", "s"."ApplicationFeeAmount", "s"."ApplicationFeePercent", "s"."Approved", "s"."BankAccountId", "s"."ContactEmails", "s"."Country", "s"."CurrencyCode", "s"."DeliveryEstimatedMinutes", "s"."DineHomeDeliveryEnabled", "s"."DineHomeOutletId", "s"."DinteroEnabled", "s"."FeedbackMessage", "s"."FeedbackUrl", "s"."GiftcardBankAccountNumber", "s"."GiftcardEnabled", "s"."HomeDeliveryEnabled", "s"."HomeDeliveryFromAddressId", "s"."LegalName", "s"."MinimumOrderPriceForHomeDelivery", "s"."Name", "s"."PayInStoreEnabled", "s"."PayoutStoreId", "s"."PhoneNumber", "s"."PickupEstimatedMinutes", "s"."Registered", "s"."RewardProgramId", "s"."SelfCheckout", "s"."SelfPickUp", "s"."SendInvoiceToEmails", "s"."SmsSenderName", "s"."StatusMessage", "s"."StripeEnabled", "s"."SurfboardEnabled", "s"."TableDeliveryEnabled", "s"."TableReservationEnabled", "s"."TerminalProvider", "s"."TimeZone", "s"."TipHeading", "s"."TipPercentEnabled", "s"."VAT", "s"."VippsEnabled", "s"."VippsMsn", "s"."WarningMessage", "s"."WoltCustomerDeliveryFeeAmount", "s"."WoltDriveEnabled", "s"."WoltDriveMerchantId", "s"."WoltDriveMerchantKey", "s"."WoltDriveVenueId", "s"."WoltServiceFeeAmount"
          FROM "Stores" AS "s"
          WHERE "s"."StoreId" = @__storeId_0
          LIMIT 1
      ) AS "t"
      LEFT JOIN "StoreAdmins" AS "s0" ON "t"."StoreId" = "s0"."StoreId"
      ORDER BY "t"."StoreId", "s0"."ApplicationUserId"
info: Microsoft.AspNetCore.Mvc.Infrastructure.ControllerActionInvoker[103]
      Executed action method WebApi.Controllers.EventsController.RecordDietaryStatement (WebApi), returned result Microsoft.AspNetCore.Mvc.ObjectResult in 1.2505ms.
info: Microsoft.AspNetCore.Mvc.Infrastructure.ObjectResultExecutor[1]
      Executing ObjectResult, writing value of type 'Microsoft.AspNetCore.Mvc.ProblemDetails'.
info: Microsoft.AspNetCore.Mvc.Infrastructure.ControllerActionInvoker[105]
      Executed action WebApi.Controllers.EventsController.RecordDietaryStatement (WebApi) in 1.7748ms
info: Microsoft.AspNetCore.Routing.EndpointMiddleware[1]
      Executed endpoint 'WebApi.Controllers.EventsController.RecordDietaryStatement (WebApi)'
info: Microsoft.AspNetCore.Hosting.Diagnostics[2]
      Request finished HTTP/1.1 PUT http://localhost/events/admin/4101/events/4390/dietary - 400 315 application/problem+json;+charset=utf-8 3.1307ms

Passed!  - Failed:     0, Passed:     3, Skipped:     0, Total:     3, Duration: 194 ms - WebApi.Tests.dll (net8.0)
