PASS test/store-cart-state.test.js
PASS test/training-page.test.js
PASS test/events-page.test.js
PASS test/workforce-week-grid.component.test.js
PASS test/workforce-roster-components.test.js
PASS test/training-components.test.js
PASS test/feature-flags-page.test.js
PASS test/admin-nav-access.test.js
PASS test/growth-newsletter-page.test.js
PASS test/price-gate-shadow.test.js
PASS test/margin-statements-page.test.js
PASS test/margin-recipe-revise.test.js
PASS test/journey-rerunnability.test.js
PASS test/events-surface.test.js
PASS test/store-config-full-replace.test.js
  ● Console

    console.log
      [DINTERO] allStores fetched []

      at pages/admin/dintero.vue:603:15

    console.log
      [DINTERO] allStores fetched []

      at pages/admin/dintero.vue:603:15

    console.error
      Error fetching Dintero configuration: Error: 403
          at apply (/Users/svendaneel/okam/web-trunkland/test/store-config-full-replace.test.js:353:53)
          at record (/Users/svendaneel/okam/web-trunkland/test/store-config-full-replace.test.js:299:59)
          at Object.GetDinteroConfig (/Users/svendaneel/okam/web-trunkland/test/store-config-full-replace.test.js:305:29)
          at VueComponent.fetchStoreData (/Users/svendaneel/okam/web-trunkland/pages/admin/dintero.vue:677:10)
          at VueComponent.init (/Users/svendaneel/okam/web-trunkland/pages/admin/dintero.vue:618:14)
          at VueComponent.mounted (/Users/svendaneel/okam/web-trunkland/pages/admin/dintero.vue:600:10)
          at invokeWithErrorHandling (/Users/svendaneel/okam/Web-modules/node_modules/vue/dist/vue.common.dev.js:3636:61)
          at callHook$1 (/Users/svendaneel/okam/Web-modules/node_modules/vue/dist/vue.common.dev.js:3052:13)
          at Object.insert (/Users/svendaneel/okam/Web-modules/node_modules/vue/dist/vue.common.dev.js:4858:13)
          at invokeInsertHook (/Users/svendaneel/okam/Web-modules/node_modules/vue/dist/vue.common.dev.js:6875:36)
          at VueComponent.patch [as __patch__] (/Users/svendaneel/okam/Web-modules/node_modules/vue/dist/vue.common.dev.js:7084:9)
          at VueComponent.Vue._update (/Users/svendaneel/okam/Web-modules/node_modules/vue/dist/vue.common.dev.js:2787:25)
          at VueComponent.updateComponent (/Users/svendaneel/okam/Web-modules/node_modules/vue/dist/vue.common.dev.js:2897:16)
          at Watcher.get (/Users/svendaneel/okam/Web-modules/node_modules/vue/dist/vue.common.dev.js:4117:33)
          at new Watcher (/Users/svendaneel/okam/Web-modules/node_modules/vue/dist/vue.common.dev.js:4107:51)
          at mountComponent (/Users/svendaneel/okam/Web-modules/node_modules/vue/dist/vue.common.dev.js:2914:5)
          at VueComponent.Object.<anonymous>.Vue.$mount (/Users/svendaneel/okam/Web-modules/node_modules/vue/dist/vue.common.dev.js:9225:12)
          at VueComponent.Object.<anonymous>.Vue.$mount (/Users/svendaneel/okam/Web-modules/node_modules/vue/dist/vue.common.dev.js:11762:18)
          at mount (/Users/svendaneel/okam/Web-modules/node_modules/@vue/test-utils/dist/vue-test-utils.js:14067:21)
          at shallowMount (/Users/svendaneel/okam/Web-modules/node_modules/@vue/test-utils/dist/vue-test-utils.js:14093:10)
          at mountPage (/Users/svendaneel/okam/web-trunkland/test/store-config-full-replace.test.js:313:22)
          at Object.<anonymous> (/Users/svendaneel/okam/web-trunkland/test/store-config-full-replace.test.js:355:21)
          at Object.asyncJestTest (/Users/svendaneel/okam/Web-modules/node_modules/jest-jasmine2/build/jasmineAsyncInstall.js:106:37)
          at /Users/svendaneel/okam/Web-modules/node_modules/jest-jasmine2/build/queueRunner.js:45:12
          at new Promise (<anonymous>)
          at mapper (/Users/svendaneel/okam/Web-modules/node_modules/jest-jasmine2/build/queueRunner.js:28:19)
          at /Users/svendaneel/okam/Web-modules/node_modules/jest-jasmine2/build/queueRunner.js:75:41

      703 |         })
      704 |         .catch((error) => {
    > 705 |           console.error("Error fetching Dintero configuration:", error);
          |                   ^
      706 |           this.resetForm();
      707 |           this.configLoadFailed = true;
      708 |           this.isLoading = false;

      at pages/admin/dintero.vue:705:19

    console.log
      [DINTERO] allStores fetched []

      at pages/admin/dintero.vue:603:15

PASS test/delivery-save-failure.test.js
PASS test/pos-return-document-amount-and-vat.test.js
PASS test/workforce-schedule-authoring-page.test.js
  ● Console

    console.error
      [Vue warn]: Unknown custom element: <nuxt-link> - did you register the component correctly? For recursive components, make sure to provide the "name" option.
      
      found in
      
      ---> <AdminWorkforceSchedule>
             <Root>

      68 |
      69 | function mountPage () {
    > 70 |   return shallowMount(WorkforceSchedulePage, {
         |                      ^
      71 |     mocks: {
      72 |       $i,
      73 |       priceLabel: minor => 'kr ' + minor,

      at warn$2 (../Web-modules/node_modules/vue/dist/vue.common.dev.js:5037:21)
      at createElm (../Web-modules/node_modules/vue/dist/vue.common.dev.js:6466:21)
      at createChildren (../Web-modules/node_modules/vue/dist/vue.common.dev.js:6573:17)
      at createElm (../Web-modules/node_modules/vue/dist/vue.common.dev.js:6477:13)
      at createChildren (../Web-modules/node_modules/vue/dist/vue.common.dev.js:6573:17)
      at createElm (../Web-modules/node_modules/vue/dist/vue.common.dev.js:6477:13)
      at createChildren (../Web-modules/node_modules/vue/dist/vue.common.dev.js:6573:17)
      at createElm (../Web-modules/node_modules/vue/dist/vue.common.dev.js:6477:13)
      at createChildren (../Web-modules/node_modules/vue/dist/vue.common.dev.js:6573:17)
      at createElm (../Web-modules/node_modules/vue/dist/vue.common.dev.js:6477:13)
      at VueComponent.patch [as __patch__] (../Web-modules/node_modules/vue/dist/vue.common.dev.js:7002:13)
      at VueComponent.Vue._update (../Web-modules/node_modules/vue/dist/vue.common.dev.js:2787:25)
      at VueComponent.updateComponent (../Web-modules/node_modules/vue/dist/vue.common.dev.js:2897:16)
      at Watcher.get (../Web-modules/node_modules/vue/dist/vue.common.dev.js:4117:33)
      at new Watcher (../Web-modules/node_modules/vue/dist/vue.common.dev.js:4107:51)
      at mountComponent (../Web-modules/node_modules/vue/dist/vue.common.dev.js:2914:5)
      at VueComponent.Object.<anonymous>.Vue.$mount (../Web-modules/node_modules/vue/dist/vue.common.dev.js:9225:12)
      at VueComponent.Object.<anonymous>.Vue.$mount (../Web-modules/node_modules/vue/dist/vue.common.dev.js:11762:18)
      at init (../Web-modules/node_modules/vue/dist/vue.common.dev.js:4842:19)
      at createComponent (../Web-modules/node_modules/vue/dist/vue.common.dev.js:6500:17)
      at createElm (../Web-modules/node_modules/vue/dist/vue.common.dev.js:6454:13)
      at VueComponent.patch [as __patch__] (../Web-modules/node_modules/vue/dist/vue.common.dev.js:7002:13)
      at VueComponent.Vue._update (../Web-modules/node_modules/vue/dist/vue.common.dev.js:2787:25)
      at VueComponent.updateComponent (../Web-modules/node_modules/vue/dist/vue.common.dev.js:2897:16)
      at Watcher.get (../Web-modules/node_modules/vue/dist/vue.common.dev.js:4117:33)
      at new Watcher (../Web-modules/node_modules/vue/dist/vue.common.dev.js:4107:51)
      at mountComponent (../Web-modules/node_modules/vue/dist/vue.common.dev.js:2914:5)
      at VueComponent.Object.<anonymous>.Vue.$mount (../Web-modules/node_modules/vue/dist/vue.common.dev.js:9225:12)
      at VueComponent.Object.<anonymous>.Vue.$mount (../Web-modules/node_modules/vue/dist/vue.common.dev.js:11762:18)
      at init (../Web-modules/node_modules/vue/dist/vue.common.dev.js:4842:19)
      at createComponent (../Web-modules/node_modules/vue/dist/vue.common.dev.js:6500:17)
      at createElm (../Web-modules/node_modules/vue/dist/vue.common.dev.js:6454:13)
      at VueComponent.patch [as __patch__] (../Web-modules/node_modules/vue/dist/vue.common.dev.js:7002:13)
      at VueComponent.Vue._update (../Web-modules/node_modules/vue/dist/vue.common.dev.js:2787:25)
      at VueComponent.updateComponent (../Web-modules/node_modules/vue/dist/vue.common.dev.js:2897:16)
      at Watcher.get (../Web-modules/node_modules/vue/dist/vue.common.dev.js:4117:33)
      at new Watcher (../Web-modules/node_modules/vue/dist/vue.common.dev.js:4107:51)
      at mountComponent (../Web-modules/node_modules/vue/dist/vue.common.dev.js:2914:5)
      at VueComponent.Object.<anonymous>.Vue.$mount (../Web-modules/node_modules/vue/dist/vue.common.dev.js:9225:12)
      at VueComponent.Object.<anonymous>.Vue.$mount (../Web-modules/node_modules/vue/dist/vue.common.dev.js:11762:18)
      at mount (../Web-modules/node_modules/@vue/test-utils/dist/vue-test-utils.js:14067:21)
      at shallowMount (../Web-modules/node_modules/@vue/test-utils/dist/vue-test-utils.js:14093:10)
      at mountPage (test/workforce-schedule-authoring-page.test.js:70:22)
      at pageWithDraft (test/workforce-schedule-authoring-page.test.js:160:19)
      at Object.<anonymous> (test/workforce-schedule-authoring-page.test.js:172:27)

    console.error
      [Vue warn]: Unknown custom element: <nuxt-link> - did you register the component correctly? For recursive components, make sure to provide the "name" option.
      
      found in
      
      ---> <AdminWorkforceSchedule>
             <Root>

      68 |
      69 | function mountPage () {
    > 70 |   return shallowMount(WorkforceSchedulePage, {
         |                      ^
      71 |     mocks: {
      72 |       $i,
      73 |       priceLabel: minor => 'kr ' + minor,

      at warn$2 (../Web-modules/node_modules/vue/dist/vue.common.dev.js:5037:21)
      at createElm (../Web-modules/node_modules/vue/dist/vue.common.dev.js:6466:21)
      at createChildren (../Web-modules/node_modules/vue/dist/vue.common.dev.js:6573:17)
      at createElm (../Web-modules/node_modules/vue/dist/vue.common.dev.js:6477:13)
      at createChildren (../Web-modules/node_modules/vue/dist/vue.common.dev.js:6573:17)
      at createElm (../Web-modules/node_modules/vue/dist/vue.common.dev.js:6477:13)
      at createChildren (../Web-modules/node_modules/vue/dist/vue.common.dev.js:6573:17)
      at createElm (../Web-modules/node_modules/vue/dist/vue.common.dev.js:6477:13)
      at createChildren (../Web-modules/node_modules/vue/dist/vue.common.dev.js:6573:17)
      at createElm (../Web-modules/node_modules/vue/dist/vue.common.dev.js:6477:13)
      at VueComponent.patch [as __patch__] (../Web-modules/node_modules/vue/dist/vue.common.dev.js:7002:13)
      at VueComponent.Vue._update (../Web-modules/node_modules/vue/dist/vue.common.dev.js:2787:25)
      at VueComponent.updateComponent (../Web-modules/node_modules/vue/dist/vue.common.dev.js:2897:16)
      at Watcher.get (../Web-modules/node_modules/vue/dist/vue.common.dev.js:4117:33)
      at new Watcher (../Web-modules/node_modules/vue/dist/vue.common.dev.js:4107:51)
      at mountComponent (../Web-modules/node_modules/vue/dist/vue.common.dev.js:2914:5)
      at VueComponent.Object.<anonymous>.Vue.$mount (../Web-modules/node_modules/vue/dist/vue.common.dev.js:9225:12)
      at VueComponent.Object.<anonymous>.Vue.$mount (../Web-modules/node_modules/vue/dist/vue.common.dev.js:11762:18)
      at init (../Web-modules/node_modules/vue/dist/vue.common.dev.js:4842:19)
      at createComponent (../Web-modules/node_modules/vue/dist/vue.common.dev.js:6500:17)
      at createElm (../Web-modules/node_modules/vue/dist/vue.common.dev.js:6454:13)
      at VueComponent.patch [as __patch__] (../Web-modules/node_modules/vue/dist/vue.common.dev.js:7002:13)
      at VueComponent.Vue._update (../Web-modules/node_modules/vue/dist/vue.common.dev.js:2787:25)
      at VueComponent.updateComponent (../Web-modules/node_modules/vue/dist/vue.common.dev.js:2897:16)
      at Watcher.get (../Web-modules/node_modules/vue/dist/vue.common.dev.js:4117:33)
      at new Watcher (../Web-modules/node_modules/vue/dist/vue.common.dev.js:4107:51)
      at mountComponent (../Web-modules/node_modules/vue/dist/vue.common.dev.js:2914:5)
      at VueComponent.Object.<anonymous>.Vue.$mount (../Web-modules/node_modules/vue/dist/vue.common.dev.js:9225:12)
      at VueComponent.Object.<anonymous>.Vue.$mount (../Web-modules/node_modules/vue/dist/vue.common.dev.js:11762:18)
      at init (../Web-modules/node_modules/vue/dist/vue.common.dev.js:4842:19)
      at createComponent (../Web-modules/node_modules/vue/dist/vue.common.dev.js:6500:17)
      at createElm (../Web-modules/node_modules/vue/dist/vue.common.dev.js:6454:13)
      at VueComponent.patch [as __patch__] (../Web-modules/node_modules/vue/dist/vue.common.dev.js:7002:13)
      at VueComponent.Vue._update (../Web-modules/node_modules/vue/dist/vue.common.dev.js:2787:25)
      at VueComponent.updateComponent (../Web-modules/node_modules/vue/dist/vue.common.dev.js:2897:16)
      at Watcher.get (../Web-modules/node_modules/vue/dist/vue.common.dev.js:4117:33)
      at new Watcher (../Web-modules/node_modules/vue/dist/vue.common.dev.js:4107:51)
      at mountComponent (../Web-modules/node_modules/vue/dist/vue.common.dev.js:2914:5)
      at VueComponent.Object.<anonymous>.Vue.$mount (../Web-modules/node_modules/vue/dist/vue.common.dev.js:9225:12)
      at VueComponent.Object.<anonymous>.Vue.$mount (../Web-modules/node_modules/vue/dist/vue.common.dev.js:11762:18)
      at mount (../Web-modules/node_modules/@vue/test-utils/dist/vue-test-utils.js:14067:21)
      at shallowMount (../Web-modules/node_modules/@vue/test-utils/dist/vue-test-utils.js:14093:10)
      at mountPage (test/workforce-schedule-authoring-page.test.js:70:22)
      at Object.<anonymous> (test/workforce-schedule-authoring-page.test.js:180:21)

    console.error
      [Vue warn]: Unknown custom element: <nuxt-link> - did you register the component correctly? For recursive components, make sure to provide the "name" option.
      
      found in
      
      ---> <AdminWorkforceSchedule>
             <Root>

      68 |
      69 | function mountPage () {
    > 70 |   return shallowMount(WorkforceSchedulePage, {
         |                      ^
      71 |     mocks: {
      72 |       $i,
      73 |       priceLabel: minor => 'kr ' + minor,

      at warn$2 (../Web-modules/node_modules/vue/dist/vue.common.dev.js:5037:21)
      at createElm (../Web-modules/node_modules/vue/dist/vue.common.dev.js:6466:21)
      at createChildren (../Web-modules/node_modules/vue/dist/vue.common.dev.js:6573:17)
      at createElm (../Web-modules/node_modules/vue/dist/vue.common.dev.js:6477:13)
      at createChildren (../Web-modules/node_modules/vue/dist/vue.common.dev.js:6573:17)
      at createElm (../Web-modules/node_modules/vue/dist/vue.common.dev.js:6477:13)
      at createChildren (../Web-modules/node_modules/vue/dist/vue.common.dev.js:6573:17)
      at createElm (../Web-modules/node_modules/vue/dist/vue.common.dev.js:6477:13)
      at createChildren (../Web-modules/node_modules/vue/dist/vue.common.dev.js:6573:17)
      at createElm (../Web-modules/node_modules/vue/dist/vue.common.dev.js:6477:13)
      at VueComponent.patch [as __patch__] (../Web-modules/node_modules/vue/dist/vue.common.dev.js:7002:13)
      at VueComponent.Vue._update (../Web-modules/node_modules/vue/dist/vue.common.dev.js:2787:25)
      at VueComponent.updateComponent (../Web-modules/node_modules/vue/dist/vue.common.dev.js:2897:16)
      at Watcher.get (../Web-modules/node_modules/vue/dist/vue.common.dev.js:4117:33)
      at new Watcher (../Web-modules/node_modules/vue/dist/vue.common.dev.js:4107:51)
      at mountComponent (../Web-modules/node_modules/vue/dist/vue.common.dev.js:2914:5)
      at VueComponent.Object.<anonymous>.Vue.$mount (../Web-modules/node_modules/vue/dist/vue.common.dev.js:9225:12)
      at VueComponent.Object.<anonymous>.Vue.$mount (../Web-modules/node_modules/vue/dist/vue.common.dev.js:11762:18)
      at init (../Web-modules/node_modules/vue/dist/vue.common.dev.js:4842:19)
      at createComponent (../Web-modules/node_modules/vue/dist/vue.common.dev.js:6500:17)
      at createElm (../Web-modules/node_modules/vue/dist/vue.common.dev.js:6454:13)
      at VueComponent.patch [as __patch__] (../Web-modules/node_modules/vue/dist/vue.common.dev.js:7002:13)
      at VueComponent.Vue._update (../Web-modules/node_modules/vue/dist/vue.common.dev.js:2787:25)
      at VueComponent.updateComponent (../Web-modules/node_modules/vue/dist/vue.common.dev.js:2897:16)
      at Watcher.get (../Web-modules/node_modules/vue/dist/vue.common.dev.js:4117:33)
      at new Watcher (../Web-modules/node_modules/vue/dist/vue.common.dev.js:4107:51)
      at mountComponent (../Web-modules/node_modules/vue/dist/vue.common.dev.js:2914:5)
      at VueComponent.Object.<anonymous>.Vue.$mount (../Web-modules/node_modules/vue/dist/vue.common.dev.js:9225:12)
      at VueComponent.Object.<anonymous>.Vue.$mount (../Web-modules/node_modules/vue/dist/vue.common.dev.js:11762:18)
      at init (../Web-modules/node_modules/vue/dist/vue.common.dev.js:4842:19)
      at createComponent (../Web-modules/node_modules/vue/dist/vue.common.dev.js:6500:17)
      at createElm (../Web-modules/node_modules/vue/dist/vue.common.dev.js:6454:13)
      at VueComponent.patch [as __patch__] (../Web-modules/node_modules/vue/dist/vue.common.dev.js:7002:13)
      at VueComponent.Vue._update (../Web-modules/node_modules/vue/dist/vue.common.dev.js:2787:25)
      at VueComponent.updateComponent (../Web-modules/node_modules/vue/dist/vue.common.dev.js:2897:16)
      at Watcher.get (../Web-modules/node_modules/vue/dist/vue.common.dev.js:4117:33)
      at new Watcher (../Web-modules/node_modules/vue/dist/vue.common.dev.js:4107:51)
      at mountComponent (../Web-modules/node_modules/vue/dist/vue.common.dev.js:2914:5)
      at VueComponent.Object.<anonymous>.Vue.$mount (../Web-modules/node_modules/vue/dist/vue.common.dev.js:9225:12)
      at VueComponent.Object.<anonymous>.Vue.$mount (../Web-modules/node_modules/vue/dist/vue.common.dev.js:11762:18)
      at mount (../Web-modules/node_modules/@vue/test-utils/dist/vue-test-utils.js:14067:21)
      at shallowMount (../Web-modules/node_modules/@vue/test-utils/dist/vue-test-utils.js:14093:10)
      at mountPage (test/workforce-schedule-authoring-page.test.js:70:22)
      at Object.<anonymous> (test/workforce-schedule-authoring-page.test.js:188:21)

    console.error
      [Vue warn]: Unknown custom element: <nuxt-link> - did you register the component correctly? For recursive components, make sure to provide the "name" option.
      
      found in
      
      ---> <AdminWorkforceSchedule>
             <Root>

      68 |
      69 | function mountPage () {
    > 70 |   return shallowMount(WorkforceSchedulePage, {
         |                      ^
      71 |     mocks: {
      72 |       $i,
      73 |       priceLabel: minor => 'kr ' + minor,

      at warn$2 (../Web-modules/node_modules/vue/dist/vue.common.dev.js:5037:21)
      at createElm (../Web-modules/node_modules/vue/dist/vue.common.dev.js:6466:21)
      at createChildren (../Web-modules/node_modules/vue/dist/vue.common.dev.js:6573:17)
      at createElm (../Web-modules/node_modules/vue/dist/vue.common.dev.js:6477:13)
      at createChildren (../Web-modules/node_modules/vue/dist/vue.common.dev.js:6573:17)
      at createElm (../Web-modules/node_modules/vue/dist/vue.common.dev.js:6477:13)
      at createChildren (../Web-modules/node_modules/vue/dist/vue.common.dev.js:6573:17)
      at createElm (../Web-modules/node_modules/vue/dist/vue.common.dev.js:6477:13)
      at createChildren (../Web-modules/node_modules/vue/dist/vue.common.dev.js:6573:17)
      at createElm (../Web-modules/node_modules/vue/dist/vue.common.dev.js:6477:13)
      at VueComponent.patch [as __patch__] (../Web-modules/node_modules/vue/dist/vue.common.dev.js:7002:13)
      at VueComponent.Vue._update (../Web-modules/node_modules/vue/dist/vue.common.dev.js:2787:25)
      at VueComponent.updateComponent (../Web-modules/node_modules/vue/dist/vue.common.dev.js:2897:16)
      at Watcher.get (../Web-modules/node_modules/vue/dist/vue.common.dev.js:4117:33)
      at new Watcher (../Web-modules/node_modules/vue/dist/vue.common.dev.js:4107:51)
      at mountComponent (../Web-modules/node_modules/vue/dist/vue.common.dev.js:2914:5)
      at VueComponent.Object.<anonymous>.Vue.$mount (../Web-modules/node_modules/vue/dist/vue.common.dev.js:9225:12)
      at VueComponent.Object.<anonymous>.Vue.$mount (../Web-modules/node_modules/vue/dist/vue.common.dev.js:11762:18)
      at init (../Web-modules/node_modules/vue/dist/vue.common.dev.js:4842:19)
      at createComponent (../Web-modules/node_modules/vue/dist/vue.common.dev.js:6500:17)
      at createElm (../Web-modules/node_modules/vue/dist/vue.common.dev.js:6454:13)
      at VueComponent.patch [as __patch__] (../Web-modules/node_modules/vue/dist/vue.common.dev.js:7002:13)
      at VueComponent.Vue._update (../Web-modules/node_modules/vue/dist/vue.common.dev.js:2787:25)
      at VueComponent.updateComponent (../Web-modules/node_modules/vue/dist/vue.common.dev.js:2897:16)
      at Watcher.get (../Web-modules/node_modules/vue/dist/vue.common.dev.js:4117:33)
      at new Watcher (../Web-modules/node_modules/vue/dist/vue.common.dev.js:4107:51)
      at mountComponent (../Web-modules/node_modules/vue/dist/vue.common.dev.js:2914:5)
      at VueComponent.Object.<anonymous>.Vue.$mount (../Web-modules/node_modules/vue/dist/vue.common.dev.js:9225:12)
      at VueComponent.Object.<anonymous>.Vue.$mount (../Web-modules/node_modules/vue/dist/vue.common.dev.js:11762:18)
      at init (../Web-modules/node_modules/vue/dist/vue.common.dev.js:4842:19)
      at createComponent (../Web-modules/node_modules/vue/dist/vue.common.dev.js:6500:17)
      at createElm (../Web-modules/node_modules/vue/dist/vue.common.dev.js:6454:13)
      at VueComponent.patch [as __patch__] (../Web-modules/node_modules/vue/dist/vue.common.dev.js:7002:13)
      at VueComponent.Vue._update (../Web-modules/node_modules/vue/dist/vue.common.dev.js:2787:25)
      at VueComponent.updateComponent (../Web-modules/node_modules/vue/dist/vue.common.dev.js:2897:16)
      at Watcher.get (../Web-modules/node_modules/vue/dist/vue.common.dev.js:4117:33)
      at new Watcher (../Web-modules/node_modules/vue/dist/vue.common.dev.js:4107:51)
      at mountComponent (../Web-modules/node_modules/vue/dist/vue.common.dev.js:2914:5)
      at VueComponent.Object.<anonymous>.Vue.$mount (../Web-modules/node_modules/vue/dist/vue.common.dev.js:9225:12)
      at VueComponent.Object.<anonymous>.Vue.$mount (../Web-modules/node_modules/vue/dist/vue.common.dev.js:11762:18)
      at mount (../Web-modules/node_modules/@vue/test-utils/dist/vue-test-utils.js:14067:21)
      at shallowMount (../Web-modules/node_modules/@vue/test-utils/dist/vue-test-utils.js:14093:10)
      at mountPage (test/workforce-schedule-authoring-page.test.js:70:22)
      at pageWithDraft (test/workforce-schedule-authoring-page.test.js:160:19)
      at Object.<anonymous> (test/workforce-schedule-authoring-page.test.js:199:27)

    console.error
      [Vue warn]: Unknown custom element: <nuxt-link> - did you register the component correctly? For recursive components, make sure to provide the "name" option.
      
      found in
      
      ---> <AdminWorkforceSchedule>
             <Root>

      68 |
      69 | function mountPage () {
    > 70 |   return shallowMount(WorkforceSchedulePage, {
         |                      ^
      71 |     mocks: {
      72 |       $i,
      73 |       priceLabel: minor => 'kr ' + minor,

      at warn$2 (../Web-modules/node_modules/vue/dist/vue.common.dev.js:5037:21)
      at createElm (../Web-modules/node_modules/vue/dist/vue.common.dev.js:6466:21)
      at createChildren (../Web-modules/node_modules/vue/dist/vue.common.dev.js:6573:17)
      at createElm (../Web-modules/node_modules/vue/dist/vue.common.dev.js:6477:13)
      at createChildren (../Web-modules/node_modules/vue/dist/vue.common.dev.js:6573:17)
      at createElm (../Web-modules/node_modules/vue/dist/vue.common.dev.js:6477:13)
      at createChildren (../Web-modules/node_modules/vue/dist/vue.common.dev.js:6573:17)
      at createElm (../Web-modules/node_modules/vue/dist/vue.common.dev.js:6477:13)
      at createChildren (../Web-modules/node_modules/vue/dist/vue.common.dev.js:6573:17)
      at createElm (../Web-modules/node_modules/vue/dist/vue.common.dev.js:6477:13)
      at VueComponent.patch [as __patch__] (../Web-modules/node_modules/vue/dist/vue.common.dev.js:7002:13)
      at VueComponent.Vue._update (../Web-modules/node_modules/vue/dist/vue.common.dev.js:2787:25)
      at VueComponent.updateComponent (../Web-modules/node_modules/vue/dist/vue.common.dev.js:2897:16)
      at Watcher.get (../Web-modules/node_modules/vue/dist/vue.common.dev.js:4117:33)
      at new Watcher (../Web-modules/node_modules/vue/dist/vue.common.dev.js:4107:51)
      at mountComponent (../Web-modules/node_modules/vue/dist/vue.common.dev.js:2914:5)
      at VueComponent.Object.<anonymous>.Vue.$mount (../Web-modules/node_modules/vue/dist/vue.common.dev.js:9225:12)
      at VueComponent.Object.<anonymous>.Vue.$mount (../Web-modules/node_modules/vue/dist/vue.common.dev.js:11762:18)
      at init (../Web-modules/node_modules/vue/dist/vue.common.dev.js:4842:19)
      at createComponent (../Web-modules/node_modules/vue/dist/vue.common.dev.js:6500:17)
      at createElm (../Web-modules/node_modules/vue/dist/vue.common.dev.js:6454:13)
      at VueComponent.patch [as __patch__] (../Web-modules/node_modules/vue/dist/vue.common.dev.js:7002:13)
      at VueComponent.Vue._update (../Web-modules/node_modules/vue/dist/vue.common.dev.js:2787:25)
      at VueComponent.updateComponent (../Web-modules/node_modules/vue/dist/vue.common.dev.js:2897:16)
      at Watcher.get (../Web-modules/node_modules/vue/dist/vue.common.dev.js:4117:33)
      at new Watcher (../Web-modules/node_modules/vue/dist/vue.common.dev.js:4107:51)
      at mountComponent (../Web-modules/node_modules/vue/dist/vue.common.dev.js:2914:5)
      at VueComponent.Object.<anonymous>.Vue.$mount (../Web-modules/node_modules/vue/dist/vue.common.dev.js:9225:12)
      at VueComponent.Object.<anonymous>.Vue.$mount (../Web-modules/node_modules/vue/dist/vue.common.dev.js:11762:18)
      at init (../Web-modules/node_modules/vue/dist/vue.common.dev.js:4842:19)
      at createComponent (../Web-modules/node_modules/vue/dist/vue.common.dev.js:6500:17)
      at createElm (../Web-modules/node_modules/vue/dist/vue.common.dev.js:6454:13)
      at VueComponent.patch [as __patch__] (../Web-modules/node_modules/vue/dist/vue.common.dev.js:7002:13)
      at VueComponent.Vue._update (../Web-modules/node_modules/vue/dist/vue.common.dev.js:2787:25)
      at VueComponent.updateComponent (../Web-modules/node_modules/vue/dist/vue.common.dev.js:2897:16)
      at Watcher.get (../Web-modules/node_modules/vue/dist/vue.common.dev.js:4117:33)
      at new Watcher (../Web-modules/node_modules/vue/dist/vue.common.dev.js:4107:51)
      at mountComponent (../Web-modules/node_modules/vue/dist/vue.common.dev.js:2914:5)
      at VueComponent.Object.<anonymous>.Vue.$mount (../Web-modules/node_modules/vue/dist/vue.common.dev.js:9225:12)
      at VueComponent.Object.<anonymous>.Vue.$mount (../Web-modules/node_modules/vue/dist/vue.common.dev.js:11762:18)
      at mount (../Web-modules/node_modules/@vue/test-utils/dist/vue-test-utils.js:14067:21)
      at shallowMount (../Web-modules/node_modules/@vue/test-utils/dist/vue-test-utils.js:14093:10)
      at mountPage (test/workforce-schedule-authoring-page.test.js:70:22)
      at pageWithDraft (test/workforce-schedule-authoring-page.test.js:160:19)
      at Object.<anonymous> (test/workforce-schedule-authoring-page.test.js:205:27)

    console.error
      [Vue warn]: Unknown custom element: <nuxt-link> - did you register the component correctly? For recursive components, make sure to provide the "name" option.
      
      found in
      
      ---> <AdminWorkforceSchedule>
             <Root>

      68 |
      69 | function mountPage () {
    > 70 |   return shallowMount(WorkforceSchedulePage, {
         |                      ^
      71 |     mocks: {
      72 |       $i,
      73 |       priceLabel: minor => 'kr ' + minor,

      at warn$2 (../Web-modules/node_modules/vue/dist/vue.common.dev.js:5037:21)
      at createElm (../Web-modules/node_modules/vue/dist/vue.common.dev.js:6466:21)
      at createChildren (../Web-modules/node_modules/vue/dist/vue.common.dev.js:6573:17)
      at createElm (../Web-modules/node_modules/vue/dist/vue.common.dev.js:6477:13)
      at createChildren (../Web-modules/node_modules/vue/dist/vue.common.dev.js:6573:17)
      at createElm (../Web-modules/node_modules/vue/dist/vue.common.dev.js:6477:13)
      at createChildren (../Web-modules/node_modules/vue/dist/vue.common.dev.js:6573:17)
      at createElm (../Web-modules/node_modules/vue/dist/vue.common.dev.js:6477:13)
      at createChildren (../Web-modules/node_modules/vue/dist/vue.common.dev.js:6573:17)
      at createElm (../Web-modules/node_modules/vue/dist/vue.common.dev.js:6477:13)
      at VueComponent.patch [as __patch__] (../Web-modules/node_modules/vue/dist/vue.common.dev.js:7002:13)
      at VueComponent.Vue._update (../Web-modules/node_modules/vue/dist/vue.common.dev.js:2787:25)
      at VueComponent.updateComponent (../Web-modules/node_modules/vue/dist/vue.common.dev.js:2897:16)
      at Watcher.get (../Web-modules/node_modules/vue/dist/vue.common.dev.js:4117:33)
      at new Watcher (../Web-modules/node_modules/vue/dist/vue.common.dev.js:4107:51)
      at mountComponent (../Web-modules/node_modules/vue/dist/vue.common.dev.js:2914:5)
      at VueComponent.Object.<anonymous>.Vue.$mount (../Web-modules/node_modules/vue/dist/vue.common.dev.js:9225:12)
      at VueComponent.Object.<anonymous>.Vue.$mount (../Web-modules/node_modules/vue/dist/vue.common.dev.js:11762:18)
      at init (../Web-modules/node_modules/vue/dist/vue.common.dev.js:4842:19)
      at createComponent (../Web-modules/node_modules/vue/dist/vue.common.dev.js:6500:17)
      at createElm (../Web-modules/node_modules/vue/dist/vue.common.dev.js:6454:13)
      at VueComponent.patch [as __patch__] (../Web-modules/node_modules/vue/dist/vue.common.dev.js:7002:13)
      at VueComponent.Vue._update (../Web-modules/node_modules/vue/dist/vue.common.dev.js:2787:25)
      at VueComponent.updateComponent (../Web-modules/node_modules/vue/dist/vue.common.dev.js:2897:16)
      at Watcher.get (../Web-modules/node_modules/vue/dist/vue.common.dev.js:4117:33)
      at new Watcher (../Web-modules/node_modules/vue/dist/vue.common.dev.js:4107:51)
      at mountComponent (../Web-modules/node_modules/vue/dist/vue.common.dev.js:2914:5)
      at VueComponent.Object.<anonymous>.Vue.$mount (../Web-modules/node_modules/vue/dist/vue.common.dev.js:9225:12)
      at VueComponent.Object.<anonymous>.Vue.$mount (../Web-modules/node_modules/vue/dist/vue.common.dev.js:11762:18)
      at init (../Web-modules/node_modules/vue/dist/vue.common.dev.js:4842:19)
      at createComponent (../Web-modules/node_modules/vue/dist/vue.common.dev.js:6500:17)
      at createElm (../Web-modules/node_modules/vue/dist/vue.common.dev.js:6454:13)
      at VueComponent.patch [as __patch__] (../Web-modules/node_modules/vue/dist/vue.common.dev.js:7002:13)
      at VueComponent.Vue._update (../Web-modules/node_modules/vue/dist/vue.common.dev.js:2787:25)
      at VueComponent.updateComponent (../Web-modules/node_modules/vue/dist/vue.common.dev.js:2897:16)
      at Watcher.get (../Web-modules/node_modules/vue/dist/vue.common.dev.js:4117:33)
      at new Watcher (../Web-modules/node_modules/vue/dist/vue.common.dev.js:4107:51)
      at mountComponent (../Web-modules/node_modules/vue/dist/vue.common.dev.js:2914:5)
      at VueComponent.Object.<anonymous>.Vue.$mount (../Web-modules/node_modules/vue/dist/vue.common.dev.js:9225:12)
      at VueComponent.Object.<anonymous>.Vue.$mount (../Web-modules/node_modules/vue/dist/vue.common.dev.js:11762:18)
      at mount (../Web-modules/node_modules/@vue/test-utils/dist/vue-test-utils.js:14067:21)
      at shallowMount (../Web-modules/node_modules/@vue/test-utils/dist/vue-test-utils.js:14093:10)
      at mountPage (test/workforce-schedule-authoring-page.test.js:70:22)
      at pageWithDraft (test/workforce-schedule-authoring-page.test.js:160:19)
      at Object.<anonymous> (test/workforce-schedule-authoring-page.test.js:211:27)

    console.error
      [Vue warn]: Unknown custom element: <nuxt-link> - did you register the component correctly? For recursive components, make sure to provide the "name" option.
      
      found in
      
      ---> <AdminWorkforceSchedule>
             <Root>

      68 |
      69 | function mountPage () {
    > 70 |   return shallowMount(WorkforceSchedulePage, {
         |                      ^
      71 |     mocks: {
      72 |       $i,
      73 |       priceLabel: minor => 'kr ' + minor,

      at warn$2 (../Web-modules/node_modules/vue/dist/vue.common.dev.js:5037:21)
      at createElm (../Web-modules/node_modules/vue/dist/vue.common.dev.js:6466:21)
      at createChildren (../Web-modules/node_modules/vue/dist/vue.common.dev.js:6573:17)
      at createElm (../Web-modules/node_modules/vue/dist/vue.common.dev.js:6477:13)
      at createChildren (../Web-modules/node_modules/vue/dist/vue.common.dev.js:6573:17)
      at createElm (../Web-modules/node_modules/vue/dist/vue.common.dev.js:6477:13)
      at createChildren (../Web-modules/node_modules/vue/dist/vue.common.dev.js:6573:17)
      at createElm (../Web-modules/node_modules/vue/dist/vue.common.dev.js:6477:13)
      at createChildren (../Web-modules/node_modules/vue/dist/vue.common.dev.js:6573:17)
      at createElm (../Web-modules/node_modules/vue/dist/vue.common.dev.js:6477:13)
      at VueComponent.patch [as __patch__] (../Web-modules/node_modules/vue/dist/vue.common.dev.js:7002:13)
      at VueComponent.Vue._update (../Web-modules/node_modules/vue/dist/vue.common.dev.js:2787:25)
      at VueComponent.updateComponent (../Web-modules/node_modules/vue/dist/vue.common.dev.js:2897:16)
      at Watcher.get (../Web-modules/node_modules/vue/dist/vue.common.dev.js:4117:33)
      at new Watcher (../Web-modules/node_modules/vue/dist/vue.common.dev.js:4107:51)
      at mountComponent (../Web-modules/node_modules/vue/dist/vue.common.dev.js:2914:5)
      at VueComponent.Object.<anonymous>.Vue.$mount (../Web-modules/node_modules/vue/dist/vue.common.dev.js:9225:12)
      at VueComponent.Object.<anonymous>.Vue.$mount (../Web-modules/node_modules/vue/dist/vue.common.dev.js:11762:18)
      at init (../Web-modules/node_modules/vue/dist/vue.common.dev.js:4842:19)
      at createComponent (../Web-modules/node_modules/vue/dist/vue.common.dev.js:6500:17)
      at createElm (../Web-modules/node_modules/vue/dist/vue.common.dev.js:6454:13)
      at VueComponent.patch [as __patch__] (../Web-modules/node_modules/vue/dist/vue.common.dev.js:7002:13)
      at VueComponent.Vue._update (../Web-modules/node_modules/vue/dist/vue.common.dev.js:2787:25)
      at VueComponent.updateComponent (../Web-modules/node_modules/vue/dist/vue.common.dev.js:2897:16)
      at Watcher.get (../Web-modules/node_modules/vue/dist/vue.common.dev.js:4117:33)
      at new Watcher (../Web-modules/node_modules/vue/dist/vue.common.dev.js:4107:51)
      at mountComponent (../Web-modules/node_modules/vue/dist/vue.common.dev.js:2914:5)
      at VueComponent.Object.<anonymous>.Vue.$mount (../Web-modules/node_modules/vue/dist/vue.common.dev.js:9225:12)
      at VueComponent.Object.<anonymous>.Vue.$mount (../Web-modules/node_modules/vue/dist/vue.common.dev.js:11762:18)
      at init (../Web-modules/node_modules/vue/dist/vue.common.dev.js:4842:19)
      at createComponent (../Web-modules/node_modules/vue/dist/vue.common.dev.js:6500:17)
      at createElm (../Web-modules/node_modules/vue/dist/vue.common.dev.js:6454:13)
      at VueComponent.patch [as __patch__] (../Web-modules/node_modules/vue/dist/vue.common.dev.js:7002:13)
      at VueComponent.Vue._update (../Web-modules/node_modules/vue/dist/vue.common.dev.js:2787:25)
      at VueComponent.updateComponent (../Web-modules/node_modules/vue/dist/vue.common.dev.js:2897:16)
      at Watcher.get (../Web-modules/node_modules/vue/dist/vue.common.dev.js:4117:33)
      at new Watcher (../Web-modules/node_modules/vue/dist/vue.common.dev.js:4107:51)
      at mountComponent (../Web-modules/node_modules/vue/dist/vue.common.dev.js:2914:5)
      at VueComponent.Object.<anonymous>.Vue.$mount (../Web-modules/node_modules/vue/dist/vue.common.dev.js:9225:12)
      at VueComponent.Object.<anonymous>.Vue.$mount (../Web-modules/node_modules/vue/dist/vue.common.dev.js:11762:18)
      at mount (../Web-modules/node_modules/@vue/test-utils/dist/vue-test-utils.js:14067:21)
      at shallowMount (../Web-modules/node_modules/@vue/test-utils/dist/vue-test-utils.js:14093:10)
      at mountPage (test/workforce-schedule-authoring-page.test.js:70:22)
      at pageWithDraft (test/workforce-schedule-authoring-page.test.js:160:19)
      at Object.<anonymous> (test/workforce-schedule-authoring-page.test.js:217:27)

    console.error
      [Vue warn]: Unknown custom element: <nuxt-link> - did you register the component correctly? For recursive components, make sure to provide the "name" option.
      
      found in
      
      ---> <AdminWorkforceSchedule>
             <Root>

      68 |
      69 | function mountPage () {
    > 70 |   return shallowMount(WorkforceSchedulePage, {
         |                      ^
      71 |     mocks: {
      72 |       $i,
      73 |       priceLabel: minor => 'kr ' + minor,

      at warn$2 (../Web-modules/node_modules/vue/dist/vue.common.dev.js:5037:21)
      at createElm (../Web-modules/node_modules/vue/dist/vue.common.dev.js:6466:21)
      at createChildren (../Web-modules/node_modules/vue/dist/vue.common.dev.js:6573:17)
      at createElm (../Web-modules/node_modules/vue/dist/vue.common.dev.js:6477:13)
      at createChildren (../Web-modules/node_modules/vue/dist/vue.common.dev.js:6573:17)
      at createElm (../Web-modules/node_modules/vue/dist/vue.common.dev.js:6477:13)
      at createChildren (../Web-modules/node_modules/vue/dist/vue.common.dev.js:6573:17)
      at createElm (../Web-modules/node_modules/vue/dist/vue.common.dev.js:6477:13)
      at createChildren (../Web-modules/node_modules/vue/dist/vue.common.dev.js:6573:17)
      at createElm (../Web-modules/node_modules/vue/dist/vue.common.dev.js:6477:13)
      at VueComponent.patch [as __patch__] (../Web-modules/node_modules/vue/dist/vue.common.dev.js:7002:13)
      at VueComponent.Vue._update (../Web-modules/node_modules/vue/dist/vue.common.dev.js:2787:25)
      at VueComponent.updateComponent (../Web-modules/node_modules/vue/dist/vue.common.dev.js:2897:16)
      at Watcher.get (../Web-modules/node_modules/vue/dist/vue.common.dev.js:4117:33)
      at new Watcher (../Web-modules/node_modules/vue/dist/vue.common.dev.js:4107:51)
      at mountComponent (../Web-modules/node_modules/vue/dist/vue.common.dev.js:2914:5)
      at VueComponent.Object.<anonymous>.Vue.$mount (../Web-modules/node_modules/vue/dist/vue.common.dev.js:9225:12)
      at VueComponent.Object.<anonymous>.Vue.$mount (../Web-modules/node_modules/vue/dist/vue.common.dev.js:11762:18)
      at init (../Web-modules/node_modules/vue/dist/vue.common.dev.js:4842:19)
      at createComponent (../Web-modules/node_modules/vue/dist/vue.common.dev.js:6500:17)
      at createElm (../Web-modules/node_modules/vue/dist/vue.common.dev.js:6454:13)
      at VueComponent.patch [as __patch__] (../Web-modules/node_modules/vue/dist/vue.common.dev.js:7002:13)
      at VueComponent.Vue._update (../Web-modules/node_modules/vue/dist/vue.common.dev.js:2787:25)
      at VueComponent.updateComponent (../Web-modules/node_modules/vue/dist/vue.common.dev.js:2897:16)
      at Watcher.get (../Web-modules/node_modules/vue/dist/vue.common.dev.js:4117:33)
      at new Watcher (../Web-modules/node_modules/vue/dist/vue.common.dev.js:4107:51)
      at mountComponent (../Web-modules/node_modules/vue/dist/vue.common.dev.js:2914:5)
      at VueComponent.Object.<anonymous>.Vue.$mount (../Web-modules/node_modules/vue/dist/vue.common.dev.js:9225:12)
      at VueComponent.Object.<anonymous>.Vue.$mount (../Web-modules/node_modules/vue/dist/vue.common.dev.js:11762:18)
      at init (../Web-modules/node_modules/vue/dist/vue.common.dev.js:4842:19)
      at createComponent (../Web-modules/node_modules/vue/dist/vue.common.dev.js:6500:17)
      at createElm (../Web-modules/node_modules/vue/dist/vue.common.dev.js:6454:13)
      at VueComponent.patch [as __patch__] (../Web-modules/node_modules/vue/dist/vue.common.dev.js:7002:13)
      at VueComponent.Vue._update (../Web-modules/node_modules/vue/dist/vue.common.dev.js:2787:25)
      at VueComponent.updateComponent (../Web-modules/node_modules/vue/dist/vue.common.dev.js:2897:16)
      at Watcher.get (../Web-modules/node_modules/vue/dist/vue.common.dev.js:4117:33)
      at new Watcher (../Web-modules/node_modules/vue/dist/vue.common.dev.js:4107:51)
      at mountComponent (../Web-modules/node_modules/vue/dist/vue.common.dev.js:2914:5)
      at VueComponent.Object.<anonymous>.Vue.$mount (../Web-modules/node_modules/vue/dist/vue.common.dev.js:9225:12)
      at VueComponent.Object.<anonymous>.Vue.$mount (../Web-modules/node_modules/vue/dist/vue.common.dev.js:11762:18)
      at mount (../Web-modules/node_modules/@vue/test-utils/dist/vue-test-utils.js:14067:21)
      at shallowMount (../Web-modules/node_modules/@vue/test-utils/dist/vue-test-utils.js:14093:10)
      at mountPage (test/workforce-schedule-authoring-page.test.js:70:22)
      at pageWithDraft (test/workforce-schedule-authoring-page.test.js:160:19)
      at Object.<anonymous> (test/workforce-schedule-authoring-page.test.js:228:27)

    console.error
      [Vue warn]: Unknown custom element: <nuxt-link> - did you register the component correctly? For recursive components, make sure to provide the "name" option.
      
      found in
      
      ---> <AdminWorkforceSchedule>
             <Root>

      68 |
      69 | function mountPage () {
    > 70 |   return shallowMount(WorkforceSchedulePage, {
         |                      ^
      71 |     mocks: {
      72 |       $i,
      73 |       priceLabel: minor => 'kr ' + minor,

      at warn$2 (../Web-modules/node_modules/vue/dist/vue.common.dev.js:5037:21)
      at createElm (../Web-modules/node_modules/vue/dist/vue.common.dev.js:6466:21)
      at createChildren (../Web-modules/node_modules/vue/dist/vue.common.dev.js:6573:17)
      at createElm (../Web-modules/node_modules/vue/dist/vue.common.dev.js:6477:13)
      at createChildren (../Web-modules/node_modules/vue/dist/vue.common.dev.js:6573:17)
      at createElm (../Web-modules/node_modules/vue/dist/vue.common.dev.js:6477:13)
      at createChildren (../Web-modules/node_modules/vue/dist/vue.common.dev.js:6573:17)
      at createElm (../Web-modules/node_modules/vue/dist/vue.common.dev.js:6477:13)
      at createChildren (../Web-modules/node_modules/vue/dist/vue.common.dev.js:6573:17)
      at createElm (../Web-modules/node_modules/vue/dist/vue.common.dev.js:6477:13)
      at VueComponent.patch [as __patch__] (../Web-modules/node_modules/vue/dist/vue.common.dev.js:7002:13)
      at VueComponent.Vue._update (../Web-modules/node_modules/vue/dist/vue.common.dev.js:2787:25)
      at VueComponent.updateComponent (../Web-modules/node_modules/vue/dist/vue.common.dev.js:2897:16)
      at Watcher.get (../Web-modules/node_modules/vue/dist/vue.common.dev.js:4117:33)
      at new Watcher (../Web-modules/node_modules/vue/dist/vue.common.dev.js:4107:51)
      at mountComponent (../Web-modules/node_modules/vue/dist/vue.common.dev.js:2914:5)
      at VueComponent.Object.<anonymous>.Vue.$mount (../Web-modules/node_modules/vue/dist/vue.common.dev.js:9225:12)
      at VueComponent.Object.<anonymous>.Vue.$mount (../Web-modules/node_modules/vue/dist/vue.common.dev.js:11762:18)
      at init (../Web-modules/node_modules/vue/dist/vue.common.dev.js:4842:19)
      at createComponent (../Web-modules/node_modules/vue/dist/vue.common.dev.js:6500:17)
      at createElm (../Web-modules/node_modules/vue/dist/vue.common.dev.js:6454:13)
      at VueComponent.patch [as __patch__] (../Web-modules/node_modules/vue/dist/vue.common.dev.js:7002:13)
      at VueComponent.Vue._update (../Web-modules/node_modules/vue/dist/vue.common.dev.js:2787:25)
      at VueComponent.updateComponent (../Web-modules/node_modules/vue/dist/vue.common.dev.js:2897:16)
      at Watcher.get (../Web-modules/node_modules/vue/dist/vue.common.dev.js:4117:33)
      at new Watcher (../Web-modules/node_modules/vue/dist/vue.common.dev.js:4107:51)
      at mountComponent (../Web-modules/node_modules/vue/dist/vue.common.dev.js:2914:5)
      at VueComponent.Object.<anonymous>.Vue.$mount (../Web-modules/node_modules/vue/dist/vue.common.dev.js:9225:12)
      at VueComponent.Object.<anonymous>.Vue.$mount (../Web-modules/node_modules/vue/dist/vue.common.dev.js:11762:18)
      at init (../Web-modules/node_modules/vue/dist/vue.common.dev.js:4842:19)
      at createComponent (../Web-modules/node_modules/vue/dist/vue.common.dev.js:6500:17)
      at createElm (../Web-modules/node_modules/vue/dist/vue.common.dev.js:6454:13)
      at VueComponent.patch [as __patch__] (../Web-modules/node_modules/vue/dist/vue.common.dev.js:7002:13)
      at VueComponent.Vue._update (../Web-modules/node_modules/vue/dist/vue.common.dev.js:2787:25)
      at VueComponent.updateComponent (../Web-modules/node_modules/vue/dist/vue.common.dev.js:2897:16)
      at Watcher.get (../Web-modules/node_modules/vue/dist/vue.common.dev.js:4117:33)
      at new Watcher (../Web-modules/node_modules/vue/dist/vue.common.dev.js:4107:51)
      at mountComponent (../Web-modules/node_modules/vue/dist/vue.common.dev.js:2914:5)
      at VueComponent.Object.<anonymous>.Vue.$mount (../Web-modules/node_modules/vue/dist/vue.common.dev.js:9225:12)
      at VueComponent.Object.<anonymous>.Vue.$mount (../Web-modules/node_modules/vue/dist/vue.common.dev.js:11762:18)
      at mount (../Web-modules/node_modules/@vue/test-utils/dist/vue-test-utils.js:14067:21)
      at shallowMount (../Web-modules/node_modules/@vue/test-utils/dist/vue-test-utils.js:14093:10)
      at mountPage (test/workforce-schedule-authoring-page.test.js:70:22)
      at pageWithDraft (test/workforce-schedule-authoring-page.test.js:160:19)
      at Object.<anonymous> (test/workforce-schedule-authoring-page.test.js:260:27)

    console.error
      [Vue warn]: Unknown custom element: <nuxt-link> - did you register the component correctly? For recursive components, make sure to provide the "name" option.
      
      found in
      
      ---> <AdminWorkforceSchedule>
             <Root>

      68 |
      69 | function mountPage () {
    > 70 |   return shallowMount(WorkforceSchedulePage, {
         |                      ^
      71 |     mocks: {
      72 |       $i,
      73 |       priceLabel: minor => 'kr ' + minor,

      at warn$2 (../Web-modules/node_modules/vue/dist/vue.common.dev.js:5037:21)
      at createElm (../Web-modules/node_modules/vue/dist/vue.common.dev.js:6466:21)
      at createChildren (../Web-modules/node_modules/vue/dist/vue.common.dev.js:6573:17)
      at createElm (../Web-modules/node_modules/vue/dist/vue.common.dev.js:6477:13)
      at createChildren (../Web-modules/node_modules/vue/dist/vue.common.dev.js:6573:17)
      at createElm (../Web-modules/node_modules/vue/dist/vue.common.dev.js:6477:13)
      at createChildren (../Web-modules/node_modules/vue/dist/vue.common.dev.js:6573:17)
      at createElm (../Web-modules/node_modules/vue/dist/vue.common.dev.js:6477:13)
      at createChildren (../Web-modules/node_modules/vue/dist/vue.common.dev.js:6573:17)
      at createElm (../Web-modules/node_modules/vue/dist/vue.common.dev.js:6477:13)
      at VueComponent.patch [as __patch__] (../Web-modules/node_modules/vue/dist/vue.common.dev.js:7002:13)
      at VueComponent.Vue._update (../Web-modules/node_modules/vue/dist/vue.common.dev.js:2787:25)
      at VueComponent.updateComponent (../Web-modules/node_modules/vue/dist/vue.common.dev.js:2897:16)
      at Watcher.get (../Web-modules/node_modules/vue/dist/vue.common.dev.js:4117:33)
      at new Watcher (../Web-modules/node_modules/vue/dist/vue.common.dev.js:4107:51)
      at mountComponent (../Web-modules/node_modules/vue/dist/vue.common.dev.js:2914:5)
      at VueComponent.Object.<anonymous>.Vue.$mount (../Web-modules/node_modules/vue/dist/vue.common.dev.js:9225:12)
      at VueComponent.Object.<anonymous>.Vue.$mount (../Web-modules/node_modules/vue/dist/vue.common.dev.js:11762:18)
      at init (../Web-modules/node_modules/vue/dist/vue.common.dev.js:4842:19)
      at createComponent (../Web-modules/node_modules/vue/dist/vue.common.dev.js:6500:17)
      at createElm (../Web-modules/node_modules/vue/dist/vue.common.dev.js:6454:13)
      at VueComponent.patch [as __patch__] (../Web-modules/node_modules/vue/dist/vue.common.dev.js:7002:13)
      at VueComponent.Vue._update (../Web-modules/node_modules/vue/dist/vue.common.dev.js:2787:25)
      at VueComponent.updateComponent (../Web-modules/node_modules/vue/dist/vue.common.dev.js:2897:16)
      at Watcher.get (../Web-modules/node_modules/vue/dist/vue.common.dev.js:4117:33)
      at new Watcher (../Web-modules/node_modules/vue/dist/vue.common.dev.js:4107:51)
      at mountComponent (../Web-modules/node_modules/vue/dist/vue.common.dev.js:2914:5)
      at VueComponent.Object.<anonymous>.Vue.$mount (../Web-modules/node_modules/vue/dist/vue.common.dev.js:9225:12)
      at VueComponent.Object.<anonymous>.Vue.$mount (../Web-modules/node_modules/vue/dist/vue.common.dev.js:11762:18)
      at init (../Web-modules/node_modules/vue/dist/vue.common.dev.js:4842:19)
      at createComponent (../Web-modules/node_modules/vue/dist/vue.common.dev.js:6500:17)
      at createElm (../Web-modules/node_modules/vue/dist/vue.common.dev.js:6454:13)
      at VueComponent.patch [as __patch__] (../Web-modules/node_modules/vue/dist/vue.common.dev.js:7002:13)
      at VueComponent.Vue._update (../Web-modules/node_modules/vue/dist/vue.common.dev.js:2787:25)
      at VueComponent.updateComponent (../Web-modules/node_modules/vue/dist/vue.common.dev.js:2897:16)
      at Watcher.get (../Web-modules/node_modules/vue/dist/vue.common.dev.js:4117:33)
      at new Watcher (../Web-modules/node_modules/vue/dist/vue.common.dev.js:4107:51)
      at mountComponent (../Web-modules/node_modules/vue/dist/vue.common.dev.js:2914:5)
      at VueComponent.Object.<anonymous>.Vue.$mount (../Web-modules/node_modules/vue/dist/vue.common.dev.js:9225:12)
      at VueComponent.Object.<anonymous>.Vue.$mount (../Web-modules/node_modules/vue/dist/vue.common.dev.js:11762:18)
      at mount (../Web-modules/node_modules/@vue/test-utils/dist/vue-test-utils.js:14067:21)
      at shallowMount (../Web-modules/node_modules/@vue/test-utils/dist/vue-test-utils.js:14093:10)
      at mountPage (test/workforce-schedule-authoring-page.test.js:70:22)
      at pageWithDraft (test/workforce-schedule-authoring-page.test.js:160:19)
      at Object.<anonymous> (test/workforce-schedule-authoring-page.test.js:271:27)

    console.error
      [Vue warn]: Unknown custom element: <nuxt-link> - did you register the component correctly? For recursive components, make sure to provide the "name" option.
      
      found in
      
      ---> <AdminWorkforceSchedule>
             <Root>

      68 |
      69 | function mountPage () {
    > 70 |   return shallowMount(WorkforceSchedulePage, {
         |                      ^
      71 |     mocks: {
      72 |       $i,
      73 |       priceLabel: minor => 'kr ' + minor,

      at warn$2 (../Web-modules/node_modules/vue/dist/vue.common.dev.js:5037:21)
      at createElm (../Web-modules/node_modules/vue/dist/vue.common.dev.js:6466:21)
      at createChildren (../Web-modules/node_modules/vue/dist/vue.common.dev.js:6573:17)
      at createElm (../Web-modules/node_modules/vue/dist/vue.common.dev.js:6477:13)
      at createChildren (../Web-modules/node_modules/vue/dist/vue.common.dev.js:6573:17)
      at createElm (../Web-modules/node_modules/vue/dist/vue.common.dev.js:6477:13)
      at createChildren (../Web-modules/node_modules/vue/dist/vue.common.dev.js:6573:17)
      at createElm (../Web-modules/node_modules/vue/dist/vue.common.dev.js:6477:13)
      at createChildren (../Web-modules/node_modules/vue/dist/vue.common.dev.js:6573:17)
      at createElm (../Web-modules/node_modules/vue/dist/vue.common.dev.js:6477:13)
      at VueComponent.patch [as __patch__] (../Web-modules/node_modules/vue/dist/vue.common.dev.js:7002:13)
      at VueComponent.Vue._update (../Web-modules/node_modules/vue/dist/vue.common.dev.js:2787:25)
      at VueComponent.updateComponent (../Web-modules/node_modules/vue/dist/vue.common.dev.js:2897:16)
      at Watcher.get (../Web-modules/node_modules/vue/dist/vue.common.dev.js:4117:33)
      at new Watcher (../Web-modules/node_modules/vue/dist/vue.common.dev.js:4107:51)
      at mountComponent (../Web-modules/node_modules/vue/dist/vue.common.dev.js:2914:5)
      at VueComponent.Object.<anonymous>.Vue.$mount (../Web-modules/node_modules/vue/dist/vue.common.dev.js:9225:12)
      at VueComponent.Object.<anonymous>.Vue.$mount (../Web-modules/node_modules/vue/dist/vue.common.dev.js:11762:18)
      at init (../Web-modules/node_modules/vue/dist/vue.common.dev.js:4842:19)
      at createComponent (../Web-modules/node_modules/vue/dist/vue.common.dev.js:6500:17)
      at createElm (../Web-modules/node_modules/vue/dist/vue.common.dev.js:6454:13)
      at VueComponent.patch [as __patch__] (../Web-modules/node_modules/vue/dist/vue.common.dev.js:7002:13)
      at VueComponent.Vue._update (../Web-modules/node_modules/vue/dist/vue.common.dev.js:2787:25)
      at VueComponent.updateComponent (../Web-modules/node_modules/vue/dist/vue.common.dev.js:2897:16)
      at Watcher.get (../Web-modules/node_modules/vue/dist/vue.common.dev.js:4117:33)
      at new Watcher (../Web-modules/node_modules/vue/dist/vue.common.dev.js:4107:51)
      at mountComponent (../Web-modules/node_modules/vue/dist/vue.common.dev.js:2914:5)
      at VueComponent.Object.<anonymous>.Vue.$mount (../Web-modules/node_modules/vue/dist/vue.common.dev.js:9225:12)
      at VueComponent.Object.<anonymous>.Vue.$mount (../Web-modules/node_modules/vue/dist/vue.common.dev.js:11762:18)
      at init (../Web-modules/node_modules/vue/dist/vue.common.dev.js:4842:19)
      at createComponent (../Web-modules/node_modules/vue/dist/vue.common.dev.js:6500:17)
      at createElm (../Web-modules/node_modules/vue/dist/vue.common.dev.js:6454:13)
      at VueComponent.patch [as __patch__] (../Web-modules/node_modules/vue/dist/vue.common.dev.js:7002:13)
      at VueComponent.Vue._update (../Web-modules/node_modules/vue/dist/vue.common.dev.js:2787:25)
      at VueComponent.updateComponent (../Web-modules/node_modules/vue/dist/vue.common.dev.js:2897:16)
      at Watcher.get (../Web-modules/node_modules/vue/dist/vue.common.dev.js:4117:33)
      at new Watcher (../Web-modules/node_modules/vue/dist/vue.common.dev.js:4107:51)
      at mountComponent (../Web-modules/node_modules/vue/dist/vue.common.dev.js:2914:5)
      at VueComponent.Object.<anonymous>.Vue.$mount (../Web-modules/node_modules/vue/dist/vue.common.dev.js:9225:12)
      at VueComponent.Object.<anonymous>.Vue.$mount (../Web-modules/node_modules/vue/dist/vue.common.dev.js:11762:18)
      at mount (../Web-modules/node_modules/@vue/test-utils/dist/vue-test-utils.js:14067:21)
      at shallowMount (../Web-modules/node_modules/@vue/test-utils/dist/vue-test-utils.js:14093:10)
      at mountPage (test/workforce-schedule-authoring-page.test.js:70:22)
      at pageWithDraft (test/workforce-schedule-authoring-page.test.js:160:19)
      at Object.<anonymous> (test/workforce-schedule-authoring-page.test.js:297:27)

    console.error
      [Vue warn]: Unknown custom element: <nuxt-link> - did you register the component correctly? For recursive components, make sure to provide the "name" option.
      
      found in
      
      ---> <AdminWorkforceSchedule>
             <Root>

      68 |
      69 | function mountPage () {
    > 70 |   return shallowMount(WorkforceSchedulePage, {
         |                      ^
      71 |     mocks: {
      72 |       $i,
      73 |       priceLabel: minor => 'kr ' + minor,

      at warn$2 (../Web-modules/node_modules/vue/dist/vue.common.dev.js:5037:21)
      at createElm (../Web-modules/node_modules/vue/dist/vue.common.dev.js:6466:21)
      at createChildren (../Web-modules/node_modules/vue/dist/vue.common.dev.js:6573:17)
      at createElm (../Web-modules/node_modules/vue/dist/vue.common.dev.js:6477:13)
      at createChildren (../Web-modules/node_modules/vue/dist/vue.common.dev.js:6573:17)
      at createElm (../Web-modules/node_modules/vue/dist/vue.common.dev.js:6477:13)
      at createChildren (../Web-modules/node_modules/vue/dist/vue.common.dev.js:6573:17)
      at createElm (../Web-modules/node_modules/vue/dist/vue.common.dev.js:6477:13)
      at createChildren (../Web-modules/node_modules/vue/dist/vue.common.dev.js:6573:17)
      at createElm (../Web-modules/node_modules/vue/dist/vue.common.dev.js:6477:13)
      at VueComponent.patch [as __patch__] (../Web-modules/node_modules/vue/dist/vue.common.dev.js:7002:13)
      at VueComponent.Vue._update (../Web-modules/node_modules/vue/dist/vue.common.dev.js:2787:25)
      at VueComponent.updateComponent (../Web-modules/node_modules/vue/dist/vue.common.dev.js:2897:16)
      at Watcher.get (../Web-modules/node_modules/vue/dist/vue.common.dev.js:4117:33)
      at new Watcher (../Web-modules/node_modules/vue/dist/vue.common.dev.js:4107:51)
      at mountComponent (../Web-modules/node_modules/vue/dist/vue.common.dev.js:2914:5)
      at VueComponent.Object.<anonymous>.Vue.$mount (../Web-modules/node_modules/vue/dist/vue.common.dev.js:9225:12)
      at VueComponent.Object.<anonymous>.Vue.$mount (../Web-modules/node_modules/vue/dist/vue.common.dev.js:11762:18)
      at init (../Web-modules/node_modules/vue/dist/vue.common.dev.js:4842:19)
      at createComponent (../Web-modules/node_modules/vue/dist/vue.common.dev.js:6500:17)
      at createElm (../Web-modules/node_modules/vue/dist/vue.common.dev.js:6454:13)
      at VueComponent.patch [as __patch__] (../Web-modules/node_modules/vue/dist/vue.common.dev.js:7002:13)
      at VueComponent.Vue._update (../Web-modules/node_modules/vue/dist/vue.common.dev.js:2787:25)
      at VueComponent.updateComponent (../Web-modules/node_modules/vue/dist/vue.common.dev.js:2897:16)
      at Watcher.get (../Web-modules/node_modules/vue/dist/vue.common.dev.js:4117:33)
      at new Watcher (../Web-modules/node_modules/vue/dist/vue.common.dev.js:4107:51)
      at mountComponent (../Web-modules/node_modules/vue/dist/vue.common.dev.js:2914:5)
      at VueComponent.Object.<anonymous>.Vue.$mount (../Web-modules/node_modules/vue/dist/vue.common.dev.js:9225:12)
      at VueComponent.Object.<anonymous>.Vue.$mount (../Web-modules/node_modules/vue/dist/vue.common.dev.js:11762:18)
      at init (../Web-modules/node_modules/vue/dist/vue.common.dev.js:4842:19)
      at createComponent (../Web-modules/node_modules/vue/dist/vue.common.dev.js:6500:17)
      at createElm (../Web-modules/node_modules/vue/dist/vue.common.dev.js:6454:13)
      at VueComponent.patch [as __patch__] (../Web-modules/node_modules/vue/dist/vue.common.dev.js:7002:13)
      at VueComponent.Vue._update (../Web-modules/node_modules/vue/dist/vue.common.dev.js:2787:25)
      at VueComponent.updateComponent (../Web-modules/node_modules/vue/dist/vue.common.dev.js:2897:16)
      at Watcher.get (../Web-modules/node_modules/vue/dist/vue.common.dev.js:4117:33)
      at new Watcher (../Web-modules/node_modules/vue/dist/vue.common.dev.js:4107:51)
      at mountComponent (../Web-modules/node_modules/vue/dist/vue.common.dev.js:2914:5)
      at VueComponent.Object.<anonymous>.Vue.$mount (../Web-modules/node_modules/vue/dist/vue.common.dev.js:9225:12)
      at VueComponent.Object.<anonymous>.Vue.$mount (../Web-modules/node_modules/vue/dist/vue.common.dev.js:11762:18)
      at mount (../Web-modules/node_modules/@vue/test-utils/dist/vue-test-utils.js:14067:21)
      at shallowMount (../Web-modules/node_modules/@vue/test-utils/dist/vue-test-utils.js:14093:10)
      at mountPage (test/workforce-schedule-authoring-page.test.js:70:22)
      at pageWithDraft (test/workforce-schedule-authoring-page.test.js:160:19)
      at Object.<anonymous> (test/workforce-schedule-authoring-page.test.js:308:27)

    console.error
      [Vue warn]: Unknown custom element: <nuxt-link> - did you register the component correctly? For recursive components, make sure to provide the "name" option.
      
      found in
      
      ---> <AdminWorkforceSchedule>
             <Root>

      68 |
      69 | function mountPage () {
    > 70 |   return shallowMount(WorkforceSchedulePage, {
         |                      ^
      71 |     mocks: {
      72 |       $i,
      73 |       priceLabel: minor => 'kr ' + minor,

      at warn$2 (../Web-modules/node_modules/vue/dist/vue.common.dev.js:5037:21)
      at createElm (../Web-modules/node_modules/vue/dist/vue.common.dev.js:6466:21)
      at createChildren (../Web-modules/node_modules/vue/dist/vue.common.dev.js:6573:17)
      at createElm (../Web-modules/node_modules/vue/dist/vue.common.dev.js:6477:13)
      at createChildren (../Web-modules/node_modules/vue/dist/vue.common.dev.js:6573:17)
      at createElm (../Web-modules/node_modules/vue/dist/vue.common.dev.js:6477:13)
      at createChildren (../Web-modules/node_modules/vue/dist/vue.common.dev.js:6573:17)
      at createElm (../Web-modules/node_modules/vue/dist/vue.common.dev.js:6477:13)
      at createChildren (../Web-modules/node_modules/vue/dist/vue.common.dev.js:6573:17)
      at createElm (../Web-modules/node_modules/vue/dist/vue.common.dev.js:6477:13)
      at VueComponent.patch [as __patch__] (../Web-modules/node_modules/vue/dist/vue.common.dev.js:7002:13)
      at VueComponent.Vue._update (../Web-modules/node_modules/vue/dist/vue.common.dev.js:2787:25)
      at VueComponent.updateComponent (../Web-modules/node_modules/vue/dist/vue.common.dev.js:2897:16)
      at Watcher.get (../Web-modules/node_modules/vue/dist/vue.common.dev.js:4117:33)
      at new Watcher (../Web-modules/node_modules/vue/dist/vue.common.dev.js:4107:51)
      at mountComponent (../Web-modules/node_modules/vue/dist/vue.common.dev.js:2914:5)
      at VueComponent.Object.<anonymous>.Vue.$mount (../Web-modules/node_modules/vue/dist/vue.common.dev.js:9225:12)
      at VueComponent.Object.<anonymous>.Vue.$mount (../Web-modules/node_modules/vue/dist/vue.common.dev.js:11762:18)
      at init (../Web-modules/node_modules/vue/dist/vue.common.dev.js:4842:19)
      at createComponent (../Web-modules/node_modules/vue/dist/vue.common.dev.js:6500:17)
      at createElm (../Web-modules/node_modules/vue/dist/vue.common.dev.js:6454:13)
      at VueComponent.patch [as __patch__] (../Web-modules/node_modules/vue/dist/vue.common.dev.js:7002:13)
      at VueComponent.Vue._update (../Web-modules/node_modules/vue/dist/vue.common.dev.js:2787:25)
      at VueComponent.updateComponent (../Web-modules/node_modules/vue/dist/vue.common.dev.js:2897:16)
      at Watcher.get (../Web-modules/node_modules/vue/dist/vue.common.dev.js:4117:33)
      at new Watcher (../Web-modules/node_modules/vue/dist/vue.common.dev.js:4107:51)
      at mountComponent (../Web-modules/node_modules/vue/dist/vue.common.dev.js:2914:5)
      at VueComponent.Object.<anonymous>.Vue.$mount (../Web-modules/node_modules/vue/dist/vue.common.dev.js:9225:12)
      at VueComponent.Object.<anonymous>.Vue.$mount (../Web-modules/node_modules/vue/dist/vue.common.dev.js:11762:18)
      at init (../Web-modules/node_modules/vue/dist/vue.common.dev.js:4842:19)
      at createComponent (../Web-modules/node_modules/vue/dist/vue.common.dev.js:6500:17)
      at createElm (../Web-modules/node_modules/vue/dist/vue.common.dev.js:6454:13)
      at VueComponent.patch [as __patch__] (../Web-modules/node_modules/vue/dist/vue.common.dev.js:7002:13)
      at VueComponent.Vue._update (../Web-modules/node_modules/vue/dist/vue.common.dev.js:2787:25)
      at VueComponent.updateComponent (../Web-modules/node_modules/vue/dist/vue.common.dev.js:2897:16)
      at Watcher.get (../Web-modules/node_modules/vue/dist/vue.common.dev.js:4117:33)
      at new Watcher (../Web-modules/node_modules/vue/dist/vue.common.dev.js:4107:51)
      at mountComponent (../Web-modules/node_modules/vue/dist/vue.common.dev.js:2914:5)
      at VueComponent.Object.<anonymous>.Vue.$mount (../Web-modules/node_modules/vue/dist/vue.common.dev.js:9225:12)
      at VueComponent.Object.<anonymous>.Vue.$mount (../Web-modules/node_modules/vue/dist/vue.common.dev.js:11762:18)
      at mount (../Web-modules/node_modules/@vue/test-utils/dist/vue-test-utils.js:14067:21)
      at shallowMount (../Web-modules/node_modules/@vue/test-utils/dist/vue-test-utils.js:14093:10)
      at mountPage (test/workforce-schedule-authoring-page.test.js:70:22)
      at pageWithDraft (test/workforce-schedule-authoring-page.test.js:160:19)
      at Object.<anonymous> (test/workforce-schedule-authoring-page.test.js:319:27)

    console.error
      [Vue warn]: Unknown custom element: <nuxt-link> - did you register the component correctly? For recursive components, make sure to provide the "name" option.
      
      found in
      
      ---> <AdminWorkforceSchedule>
             <Root>

      68 |
      69 | function mountPage () {
    > 70 |   return shallowMount(WorkforceSchedulePage, {
         |                      ^
      71 |     mocks: {
      72 |       $i,
      73 |       priceLabel: minor => 'kr ' + minor,

      at warn$2 (../Web-modules/node_modules/vue/dist/vue.common.dev.js:5037:21)
      at createElm (../Web-modules/node_modules/vue/dist/vue.common.dev.js:6466:21)
      at createChildren (../Web-modules/node_modules/vue/dist/vue.common.dev.js:6573:17)
      at createElm (../Web-modules/node_modules/vue/dist/vue.common.dev.js:6477:13)
      at createChildren (../Web-modules/node_modules/vue/dist/vue.common.dev.js:6573:17)
      at createElm (../Web-modules/node_modules/vue/dist/vue.common.dev.js:6477:13)
      at createChildren (../Web-modules/node_modules/vue/dist/vue.common.dev.js:6573:17)
      at createElm (../Web-modules/node_modules/vue/dist/vue.common.dev.js:6477:13)
      at createChildren (../Web-modules/node_modules/vue/dist/vue.common.dev.js:6573:17)
      at createElm (../Web-modules/node_modules/vue/dist/vue.common.dev.js:6477:13)
      at VueComponent.patch [as __patch__] (../Web-modules/node_modules/vue/dist/vue.common.dev.js:7002:13)
      at VueComponent.Vue._update (../Web-modules/node_modules/vue/dist/vue.common.dev.js:2787:25)
      at VueComponent.updateComponent (../Web-modules/node_modules/vue/dist/vue.common.dev.js:2897:16)
      at Watcher.get (../Web-modules/node_modules/vue/dist/vue.common.dev.js:4117:33)
      at new Watcher (../Web-modules/node_modules/vue/dist/vue.common.dev.js:4107:51)
      at mountComponent (../Web-modules/node_modules/vue/dist/vue.common.dev.js:2914:5)
      at VueComponent.Object.<anonymous>.Vue.$mount (../Web-modules/node_modules/vue/dist/vue.common.dev.js:9225:12)
      at VueComponent.Object.<anonymous>.Vue.$mount (../Web-modules/node_modules/vue/dist/vue.common.dev.js:11762:18)
      at init (../Web-modules/node_modules/vue/dist/vue.common.dev.js:4842:19)
      at createComponent (../Web-modules/node_modules/vue/dist/vue.common.dev.js:6500:17)
      at createElm (../Web-modules/node_modules/vue/dist/vue.common.dev.js:6454:13)
      at VueComponent.patch [as __patch__] (../Web-modules/node_modules/vue/dist/vue.common.dev.js:7002:13)
      at VueComponent.Vue._update (../Web-modules/node_modules/vue/dist/vue.common.dev.js:2787:25)
      at VueComponent.updateComponent (../Web-modules/node_modules/vue/dist/vue.common.dev.js:2897:16)
      at Watcher.get (../Web-modules/node_modules/vue/dist/vue.common.dev.js:4117:33)
      at new Watcher (../Web-modules/node_modules/vue/dist/vue.common.dev.js:4107:51)
      at mountComponent (../Web-modules/node_modules/vue/dist/vue.common.dev.js:2914:5)
      at VueComponent.Object.<anonymous>.Vue.$mount (../Web-modules/node_modules/vue/dist/vue.common.dev.js:9225:12)
      at VueComponent.Object.<anonymous>.Vue.$mount (../Web-modules/node_modules/vue/dist/vue.common.dev.js:11762:18)
      at init (../Web-modules/node_modules/vue/dist/vue.common.dev.js:4842:19)
      at createComponent (../Web-modules/node_modules/vue/dist/vue.common.dev.js:6500:17)
      at createElm (../Web-modules/node_modules/vue/dist/vue.common.dev.js:6454:13)
      at VueComponent.patch [as __patch__] (../Web-modules/node_modules/vue/dist/vue.common.dev.js:7002:13)
      at VueComponent.Vue._update (../Web-modules/node_modules/vue/dist/vue.common.dev.js:2787:25)
      at VueComponent.updateComponent (../Web-modules/node_modules/vue/dist/vue.common.dev.js:2897:16)
      at Watcher.get (../Web-modules/node_modules/vue/dist/vue.common.dev.js:4117:33)
      at new Watcher (../Web-modules/node_modules/vue/dist/vue.common.dev.js:4107:51)
      at mountComponent (../Web-modules/node_modules/vue/dist/vue.common.dev.js:2914:5)
      at VueComponent.Object.<anonymous>.Vue.$mount (../Web-modules/node_modules/vue/dist/vue.common.dev.js:9225:12)
      at VueComponent.Object.<anonymous>.Vue.$mount (../Web-modules/node_modules/vue/dist/vue.common.dev.js:11762:18)
      at mount (../Web-modules/node_modules/@vue/test-utils/dist/vue-test-utils.js:14067:21)
      at shallowMount (../Web-modules/node_modules/@vue/test-utils/dist/vue-test-utils.js:14093:10)
      at mountPage (test/workforce-schedule-authoring-page.test.js:70:22)
      at pageWithDraft (test/workforce-schedule-authoring-page.test.js:160:19)
      at Object.<anonymous> (test/workforce-schedule-authoring-page.test.js:336:27)

    console.error
      [Vue warn]: Unknown custom element: <nuxt-link> - did you register the component correctly? For recursive components, make sure to provide the "name" option.
      
      found in
      
      ---> <AdminWorkforceSchedule>
             <Root>

      68 |
      69 | function mountPage () {
    > 70 |   return shallowMount(WorkforceSchedulePage, {
         |                      ^
      71 |     mocks: {
      72 |       $i,
      73 |       priceLabel: minor => 'kr ' + minor,

      at warn$2 (../Web-modules/node_modules/vue/dist/vue.common.dev.js:5037:21)
      at createElm (../Web-modules/node_modules/vue/dist/vue.common.dev.js:6466:21)
      at createChildren (../Web-modules/node_modules/vue/dist/vue.common.dev.js:6573:17)
      at createElm (../Web-modules/node_modules/vue/dist/vue.common.dev.js:6477:13)
      at createChildren (../Web-modules/node_modules/vue/dist/vue.common.dev.js:6573:17)
      at createElm (../Web-modules/node_modules/vue/dist/vue.common.dev.js:6477:13)
      at createChildren (../Web-modules/node_modules/vue/dist/vue.common.dev.js:6573:17)
      at createElm (../Web-modules/node_modules/vue/dist/vue.common.dev.js:6477:13)
      at createChildren (../Web-modules/node_modules/vue/dist/vue.common.dev.js:6573:17)
      at createElm (../Web-modules/node_modules/vue/dist/vue.common.dev.js:6477:13)
      at VueComponent.patch [as __patch__] (../Web-modules/node_modules/vue/dist/vue.common.dev.js:7002:13)
      at VueComponent.Vue._update (../Web-modules/node_modules/vue/dist/vue.common.dev.js:2787:25)
      at VueComponent.updateComponent (../Web-modules/node_modules/vue/dist/vue.common.dev.js:2897:16)
      at Watcher.get (../Web-modules/node_modules/vue/dist/vue.common.dev.js:4117:33)
      at new Watcher (../Web-modules/node_modules/vue/dist/vue.common.dev.js:4107:51)
      at mountComponent (../Web-modules/node_modules/vue/dist/vue.common.dev.js:2914:5)
      at VueComponent.Object.<anonymous>.Vue.$mount (../Web-modules/node_modules/vue/dist/vue.common.dev.js:9225:12)
      at VueComponent.Object.<anonymous>.Vue.$mount (../Web-modules/node_modules/vue/dist/vue.common.dev.js:11762:18)
      at init (../Web-modules/node_modules/vue/dist/vue.common.dev.js:4842:19)
      at createComponent (../Web-modules/node_modules/vue/dist/vue.common.dev.js:6500:17)
      at createElm (../Web-modules/node_modules/vue/dist/vue.common.dev.js:6454:13)
      at VueComponent.patch [as __patch__] (../Web-modules/node_modules/vue/dist/vue.common.dev.js:7002:13)
      at VueComponent.Vue._update (../Web-modules/node_modules/vue/dist/vue.common.dev.js:2787:25)
      at VueComponent.updateComponent (../Web-modules/node_modules/vue/dist/vue.common.dev.js:2897:16)
      at Watcher.get (../Web-modules/node_modules/vue/dist/vue.common.dev.js:4117:33)
      at new Watcher (../Web-modules/node_modules/vue/dist/vue.common.dev.js:4107:51)
      at mountComponent (../Web-modules/node_modules/vue/dist/vue.common.dev.js:2914:5)
      at VueComponent.Object.<anonymous>.Vue.$mount (../Web-modules/node_modules/vue/dist/vue.common.dev.js:9225:12)
      at VueComponent.Object.<anonymous>.Vue.$mount (../Web-modules/node_modules/vue/dist/vue.common.dev.js:11762:18)
      at init (../Web-modules/node_modules/vue/dist/vue.common.dev.js:4842:19)
      at createComponent (../Web-modules/node_modules/vue/dist/vue.common.dev.js:6500:17)
      at createElm (../Web-modules/node_modules/vue/dist/vue.common.dev.js:6454:13)
      at VueComponent.patch [as __patch__] (../Web-modules/node_modules/vue/dist/vue.common.dev.js:7002:13)
      at VueComponent.Vue._update (../Web-modules/node_modules/vue/dist/vue.common.dev.js:2787:25)
      at VueComponent.updateComponent (../Web-modules/node_modules/vue/dist/vue.common.dev.js:2897:16)
      at Watcher.get (../Web-modules/node_modules/vue/dist/vue.common.dev.js:4117:33)
      at new Watcher (../Web-modules/node_modules/vue/dist/vue.common.dev.js:4107:51)
      at mountComponent (../Web-modules/node_modules/vue/dist/vue.common.dev.js:2914:5)
      at VueComponent.Object.<anonymous>.Vue.$mount (../Web-modules/node_modules/vue/dist/vue.common.dev.js:9225:12)
      at VueComponent.Object.<anonymous>.Vue.$mount (../Web-modules/node_modules/vue/dist/vue.common.dev.js:11762:18)
      at mount (../Web-modules/node_modules/@vue/test-utils/dist/vue-test-utils.js:14067:21)
      at shallowMount (../Web-modules/node_modules/@vue/test-utils/dist/vue-test-utils.js:14093:10)
      at mountPage (test/workforce-schedule-authoring-page.test.js:70:22)
      at pageWithDraft (test/workforce-schedule-authoring-page.test.js:160:19)
      at Object.<anonymous> (test/workforce-schedule-authoring-page.test.js:351:27)

    console.error
      [Vue warn]: Unknown custom element: <nuxt-link> - did you register the component correctly? For recursive components, make sure to provide the "name" option.
      
      found in
      
      ---> <AdminWorkforceSchedule>
             <Root>

      68 |
      69 | function mountPage () {
    > 70 |   return shallowMount(WorkforceSchedulePage, {
         |                      ^
      71 |     mocks: {
      72 |       $i,
      73 |       priceLabel: minor => 'kr ' + minor,

      at warn$2 (../Web-modules/node_modules/vue/dist/vue.common.dev.js:5037:21)
      at createElm (../Web-modules/node_modules/vue/dist/vue.common.dev.js:6466:21)
      at createChildren (../Web-modules/node_modules/vue/dist/vue.common.dev.js:6573:17)
      at createElm (../Web-modules/node_modules/vue/dist/vue.common.dev.js:6477:13)
      at createChildren (../Web-modules/node_modules/vue/dist/vue.common.dev.js:6573:17)
      at createElm (../Web-modules/node_modules/vue/dist/vue.common.dev.js:6477:13)
      at createChildren (../Web-modules/node_modules/vue/dist/vue.common.dev.js:6573:17)
      at createElm (../Web-modules/node_modules/vue/dist/vue.common.dev.js:6477:13)
      at createChildren (../Web-modules/node_modules/vue/dist/vue.common.dev.js:6573:17)
      at createElm (../Web-modules/node_modules/vue/dist/vue.common.dev.js:6477:13)
      at VueComponent.patch [as __patch__] (../Web-modules/node_modules/vue/dist/vue.common.dev.js:7002:13)
      at VueComponent.Vue._update (../Web-modules/node_modules/vue/dist/vue.common.dev.js:2787:25)
      at VueComponent.updateComponent (../Web-modules/node_modules/vue/dist/vue.common.dev.js:2897:16)
      at Watcher.get (../Web-modules/node_modules/vue/dist/vue.common.dev.js:4117:33)
      at new Watcher (../Web-modules/node_modules/vue/dist/vue.common.dev.js:4107:51)
      at mountComponent (../Web-modules/node_modules/vue/dist/vue.common.dev.js:2914:5)
      at VueComponent.Object.<anonymous>.Vue.$mount (../Web-modules/node_modules/vue/dist/vue.common.dev.js:9225:12)
      at VueComponent.Object.<anonymous>.Vue.$mount (../Web-modules/node_modules/vue/dist/vue.common.dev.js:11762:18)
      at init (../Web-modules/node_modules/vue/dist/vue.common.dev.js:4842:19)
      at createComponent (../Web-modules/node_modules/vue/dist/vue.common.dev.js:6500:17)
      at createElm (../Web-modules/node_modules/vue/dist/vue.common.dev.js:6454:13)
      at VueComponent.patch [as __patch__] (../Web-modules/node_modules/vue/dist/vue.common.dev.js:7002:13)
      at VueComponent.Vue._update (../Web-modules/node_modules/vue/dist/vue.common.dev.js:2787:25)
      at VueComponent.updateComponent (../Web-modules/node_modules/vue/dist/vue.common.dev.js:2897:16)
      at Watcher.get (../Web-modules/node_modules/vue/dist/vue.common.dev.js:4117:33)
      at new Watcher (../Web-modules/node_modules/vue/dist/vue.common.dev.js:4107:51)
      at mountComponent (../Web-modules/node_modules/vue/dist/vue.common.dev.js:2914:5)
      at VueComponent.Object.<anonymous>.Vue.$mount (../Web-modules/node_modules/vue/dist/vue.common.dev.js:9225:12)
      at VueComponent.Object.<anonymous>.Vue.$mount (../Web-modules/node_modules/vue/dist/vue.common.dev.js:11762:18)
      at init (../Web-modules/node_modules/vue/dist/vue.common.dev.js:4842:19)
      at createComponent (../Web-modules/node_modules/vue/dist/vue.common.dev.js:6500:17)
      at createElm (../Web-modules/node_modules/vue/dist/vue.common.dev.js:6454:13)
      at VueComponent.patch [as __patch__] (../Web-modules/node_modules/vue/dist/vue.common.dev.js:7002:13)
      at VueComponent.Vue._update (../Web-modules/node_modules/vue/dist/vue.common.dev.js:2787:25)
      at VueComponent.updateComponent (../Web-modules/node_modules/vue/dist/vue.common.dev.js:2897:16)
      at Watcher.get (../Web-modules/node_modules/vue/dist/vue.common.dev.js:4117:33)
      at new Watcher (../Web-modules/node_modules/vue/dist/vue.common.dev.js:4107:51)
      at mountComponent (../Web-modules/node_modules/vue/dist/vue.common.dev.js:2914:5)
      at VueComponent.Object.<anonymous>.Vue.$mount (../Web-modules/node_modules/vue/dist/vue.common.dev.js:9225:12)
      at VueComponent.Object.<anonymous>.Vue.$mount (../Web-modules/node_modules/vue/dist/vue.common.dev.js:11762:18)
      at mount (../Web-modules/node_modules/@vue/test-utils/dist/vue-test-utils.js:14067:21)
      at shallowMount (../Web-modules/node_modules/@vue/test-utils/dist/vue-test-utils.js:14093:10)
      at mountPage (test/workforce-schedule-authoring-page.test.js:70:22)
      at pageWithDraft (test/workforce-schedule-authoring-page.test.js:160:19)
      at Object.<anonymous> (test/workforce-schedule-authoring-page.test.js:365:27)

    console.error
      [Vue warn]: Unknown custom element: <nuxt-link> - did you register the component correctly? For recursive components, make sure to provide the "name" option.
      
      found in
      
      ---> <AdminWorkforceSchedule>
             <Root>

      68 |
      69 | function mountPage () {
    > 70 |   return shallowMount(WorkforceSchedulePage, {
         |                      ^
      71 |     mocks: {
      72 |       $i,
      73 |       priceLabel: minor => 'kr ' + minor,

      at warn$2 (../Web-modules/node_modules/vue/dist/vue.common.dev.js:5037:21)
      at createElm (../Web-modules/node_modules/vue/dist/vue.common.dev.js:6466:21)
      at createChildren (../Web-modules/node_modules/vue/dist/vue.common.dev.js:6573:17)
      at createElm (../Web-modules/node_modules/vue/dist/vue.common.dev.js:6477:13)
      at createChildren (../Web-modules/node_modules/vue/dist/vue.common.dev.js:6573:17)
      at createElm (../Web-modules/node_modules/vue/dist/vue.common.dev.js:6477:13)
      at createChildren (../Web-modules/node_modules/vue/dist/vue.common.dev.js:6573:17)
      at createElm (../Web-modules/node_modules/vue/dist/vue.common.dev.js:6477:13)
      at createChildren (../Web-modules/node_modules/vue/dist/vue.common.dev.js:6573:17)
      at createElm (../Web-modules/node_modules/vue/dist/vue.common.dev.js:6477:13)
      at VueComponent.patch [as __patch__] (../Web-modules/node_modules/vue/dist/vue.common.dev.js:7002:13)
      at VueComponent.Vue._update (../Web-modules/node_modules/vue/dist/vue.common.dev.js:2787:25)
      at VueComponent.updateComponent (../Web-modules/node_modules/vue/dist/vue.common.dev.js:2897:16)
      at Watcher.get (../Web-modules/node_modules/vue/dist/vue.common.dev.js:4117:33)
      at new Watcher (../Web-modules/node_modules/vue/dist/vue.common.dev.js:4107:51)
      at mountComponent (../Web-modules/node_modules/vue/dist/vue.common.dev.js:2914:5)
      at VueComponent.Object.<anonymous>.Vue.$mount (../Web-modules/node_modules/vue/dist/vue.common.dev.js:9225:12)
      at VueComponent.Object.<anonymous>.Vue.$mount (../Web-modules/node_modules/vue/dist/vue.common.dev.js:11762:18)
      at init (../Web-modules/node_modules/vue/dist/vue.common.dev.js:4842:19)
      at createComponent (../Web-modules/node_modules/vue/dist/vue.common.dev.js:6500:17)
      at createElm (../Web-modules/node_modules/vue/dist/vue.common.dev.js:6454:13)
      at VueComponent.patch [as __patch__] (../Web-modules/node_modules/vue/dist/vue.common.dev.js:7002:13)
      at VueComponent.Vue._update (../Web-modules/node_modules/vue/dist/vue.common.dev.js:2787:25)
      at VueComponent.updateComponent (../Web-modules/node_modules/vue/dist/vue.common.dev.js:2897:16)
      at Watcher.get (../Web-modules/node_modules/vue/dist/vue.common.dev.js:4117:33)
      at new Watcher (../Web-modules/node_modules/vue/dist/vue.common.dev.js:4107:51)
      at mountComponent (../Web-modules/node_modules/vue/dist/vue.common.dev.js:2914:5)
      at VueComponent.Object.<anonymous>.Vue.$mount (../Web-modules/node_modules/vue/dist/vue.common.dev.js:9225:12)
      at VueComponent.Object.<anonymous>.Vue.$mount (../Web-modules/node_modules/vue/dist/vue.common.dev.js:11762:18)
      at init (../Web-modules/node_modules/vue/dist/vue.common.dev.js:4842:19)
      at createComponent (../Web-modules/node_modules/vue/dist/vue.common.dev.js:6500:17)
      at createElm (../Web-modules/node_modules/vue/dist/vue.common.dev.js:6454:13)
      at VueComponent.patch [as __patch__] (../Web-modules/node_modules/vue/dist/vue.common.dev.js:7002:13)
      at VueComponent.Vue._update (../Web-modules/node_modules/vue/dist/vue.common.dev.js:2787:25)
      at VueComponent.updateComponent (../Web-modules/node_modules/vue/dist/vue.common.dev.js:2897:16)
      at Watcher.get (../Web-modules/node_modules/vue/dist/vue.common.dev.js:4117:33)
      at new Watcher (../Web-modules/node_modules/vue/dist/vue.common.dev.js:4107:51)
      at mountComponent (../Web-modules/node_modules/vue/dist/vue.common.dev.js:2914:5)
      at VueComponent.Object.<anonymous>.Vue.$mount (../Web-modules/node_modules/vue/dist/vue.common.dev.js:9225:12)
      at VueComponent.Object.<anonymous>.Vue.$mount (../Web-modules/node_modules/vue/dist/vue.common.dev.js:11762:18)
      at mount (../Web-modules/node_modules/@vue/test-utils/dist/vue-test-utils.js:14067:21)
      at shallowMount (../Web-modules/node_modules/@vue/test-utils/dist/vue-test-utils.js:14093:10)
      at mountPage (test/workforce-schedule-authoring-page.test.js:70:22)
      at pageWithDraft (test/workforce-schedule-authoring-page.test.js:160:19)
      at Object.<anonymous> (test/workforce-schedule-authoring-page.test.js:382:27)

    console.error
      [Vue warn]: Unknown custom element: <nuxt-link> - did you register the component correctly? For recursive components, make sure to provide the "name" option.
      
      found in
      
      ---> <AdminWorkforceSchedule>
             <Root>

      68 |
      69 | function mountPage () {
    > 70 |   return shallowMount(WorkforceSchedulePage, {
         |                      ^
      71 |     mocks: {
      72 |       $i,
      73 |       priceLabel: minor => 'kr ' + minor,

      at warn$2 (../Web-modules/node_modules/vue/dist/vue.common.dev.js:5037:21)
      at createElm (../Web-modules/node_modules/vue/dist/vue.common.dev.js:6466:21)
      at createChildren (../Web-modules/node_modules/vue/dist/vue.common.dev.js:6573:17)
      at createElm (../Web-modules/node_modules/vue/dist/vue.common.dev.js:6477:13)
      at createChildren (../Web-modules/node_modules/vue/dist/vue.common.dev.js:6573:17)
      at createElm (../Web-modules/node_modules/vue/dist/vue.common.dev.js:6477:13)
      at createChildren (../Web-modules/node_modules/vue/dist/vue.common.dev.js:6573:17)
      at createElm (../Web-modules/node_modules/vue/dist/vue.common.dev.js:6477:13)
      at createChildren (../Web-modules/node_modules/vue/dist/vue.common.dev.js:6573:17)
      at createElm (../Web-modules/node_modules/vue/dist/vue.common.dev.js:6477:13)
      at VueComponent.patch [as __patch__] (../Web-modules/node_modules/vue/dist/vue.common.dev.js:7002:13)
      at VueComponent.Vue._update (../Web-modules/node_modules/vue/dist/vue.common.dev.js:2787:25)
      at VueComponent.updateComponent (../Web-modules/node_modules/vue/dist/vue.common.dev.js:2897:16)
      at Watcher.get (../Web-modules/node_modules/vue/dist/vue.common.dev.js:4117:33)
      at new Watcher (../Web-modules/node_modules/vue/dist/vue.common.dev.js:4107:51)
      at mountComponent (../Web-modules/node_modules/vue/dist/vue.common.dev.js:2914:5)
      at VueComponent.Object.<anonymous>.Vue.$mount (../Web-modules/node_modules/vue/dist/vue.common.dev.js:9225:12)
      at VueComponent.Object.<anonymous>.Vue.$mount (../Web-modules/node_modules/vue/dist/vue.common.dev.js:11762:18)
      at init (../Web-modules/node_modules/vue/dist/vue.common.dev.js:4842:19)
      at createComponent (../Web-modules/node_modules/vue/dist/vue.common.dev.js:6500:17)
      at createElm (../Web-modules/node_modules/vue/dist/vue.common.dev.js:6454:13)
      at VueComponent.patch [as __patch__] (../Web-modules/node_modules/vue/dist/vue.common.dev.js:7002:13)
      at VueComponent.Vue._update (../Web-modules/node_modules/vue/dist/vue.common.dev.js:2787:25)
      at VueComponent.updateComponent (../Web-modules/node_modules/vue/dist/vue.common.dev.js:2897:16)
      at Watcher.get (../Web-modules/node_modules/vue/dist/vue.common.dev.js:4117:33)
      at new Watcher (../Web-modules/node_modules/vue/dist/vue.common.dev.js:4107:51)
      at mountComponent (../Web-modules/node_modules/vue/dist/vue.common.dev.js:2914:5)
      at VueComponent.Object.<anonymous>.Vue.$mount (../Web-modules/node_modules/vue/dist/vue.common.dev.js:9225:12)
      at VueComponent.Object.<anonymous>.Vue.$mount (../Web-modules/node_modules/vue/dist/vue.common.dev.js:11762:18)
      at init (../Web-modules/node_modules/vue/dist/vue.common.dev.js:4842:19)
      at createComponent (../Web-modules/node_modules/vue/dist/vue.common.dev.js:6500:17)
      at createElm (../Web-modules/node_modules/vue/dist/vue.common.dev.js:6454:13)
      at VueComponent.patch [as __patch__] (../Web-modules/node_modules/vue/dist/vue.common.dev.js:7002:13)
      at VueComponent.Vue._update (../Web-modules/node_modules/vue/dist/vue.common.dev.js:2787:25)
      at VueComponent.updateComponent (../Web-modules/node_modules/vue/dist/vue.common.dev.js:2897:16)
      at Watcher.get (../Web-modules/node_modules/vue/dist/vue.common.dev.js:4117:33)
      at new Watcher (../Web-modules/node_modules/vue/dist/vue.common.dev.js:4107:51)
      at mountComponent (../Web-modules/node_modules/vue/dist/vue.common.dev.js:2914:5)
      at VueComponent.Object.<anonymous>.Vue.$mount (../Web-modules/node_modules/vue/dist/vue.common.dev.js:9225:12)
      at VueComponent.Object.<anonymous>.Vue.$mount (../Web-modules/node_modules/vue/dist/vue.common.dev.js:11762:18)
      at mount (../Web-modules/node_modules/@vue/test-utils/dist/vue-test-utils.js:14067:21)
      at shallowMount (../Web-modules/node_modules/@vue/test-utils/dist/vue-test-utils.js:14093:10)
      at mountPage (test/workforce-schedule-authoring-page.test.js:70:22)
      at pageWithDraft (test/workforce-schedule-authoring-page.test.js:160:19)
      at Object.<anonymous> (test/workforce-schedule-authoring-page.test.js:398:27)

    console.error
      [Vue warn]: Unknown custom element: <nuxt-link> - did you register the component correctly? For recursive components, make sure to provide the "name" option.
      
      found in
      
      ---> <AdminWorkforceSchedule>
             <Root>

      68 |
      69 | function mountPage () {
    > 70 |   return shallowMount(WorkforceSchedulePage, {
         |                      ^
      71 |     mocks: {
      72 |       $i,
      73 |       priceLabel: minor => 'kr ' + minor,

      at warn$2 (../Web-modules/node_modules/vue/dist/vue.common.dev.js:5037:21)
      at createElm (../Web-modules/node_modules/vue/dist/vue.common.dev.js:6466:21)
      at createChildren (../Web-modules/node_modules/vue/dist/vue.common.dev.js:6573:17)
      at createElm (../Web-modules/node_modules/vue/dist/vue.common.dev.js:6477:13)
      at createChildren (../Web-modules/node_modules/vue/dist/vue.common.dev.js:6573:17)
      at createElm (../Web-modules/node_modules/vue/dist/vue.common.dev.js:6477:13)
      at createChildren (../Web-modules/node_modules/vue/dist/vue.common.dev.js:6573:17)
      at createElm (../Web-modules/node_modules/vue/dist/vue.common.dev.js:6477:13)
      at createChildren (../Web-modules/node_modules/vue/dist/vue.common.dev.js:6573:17)
      at createElm (../Web-modules/node_modules/vue/dist/vue.common.dev.js:6477:13)
      at VueComponent.patch [as __patch__] (../Web-modules/node_modules/vue/dist/vue.common.dev.js:7002:13)
      at VueComponent.Vue._update (../Web-modules/node_modules/vue/dist/vue.common.dev.js:2787:25)
      at VueComponent.updateComponent (../Web-modules/node_modules/vue/dist/vue.common.dev.js:2897:16)
      at Watcher.get (../Web-modules/node_modules/vue/dist/vue.common.dev.js:4117:33)
      at new Watcher (../Web-modules/node_modules/vue/dist/vue.common.dev.js:4107:51)
      at mountComponent (../Web-modules/node_modules/vue/dist/vue.common.dev.js:2914:5)
      at VueComponent.Object.<anonymous>.Vue.$mount (../Web-modules/node_modules/vue/dist/vue.common.dev.js:9225:12)
      at VueComponent.Object.<anonymous>.Vue.$mount (../Web-modules/node_modules/vue/dist/vue.common.dev.js:11762:18)
      at init (../Web-modules/node_modules/vue/dist/vue.common.dev.js:4842:19)
      at createComponent (../Web-modules/node_modules/vue/dist/vue.common.dev.js:6500:17)
      at createElm (../Web-modules/node_modules/vue/dist/vue.common.dev.js:6454:13)
      at VueComponent.patch [as __patch__] (../Web-modules/node_modules/vue/dist/vue.common.dev.js:7002:13)
      at VueComponent.Vue._update (../Web-modules/node_modules/vue/dist/vue.common.dev.js:2787:25)
      at VueComponent.updateComponent (../Web-modules/node_modules/vue/dist/vue.common.dev.js:2897:16)
      at Watcher.get (../Web-modules/node_modules/vue/dist/vue.common.dev.js:4117:33)
      at new Watcher (../Web-modules/node_modules/vue/dist/vue.common.dev.js:4107:51)
      at mountComponent (../Web-modules/node_modules/vue/dist/vue.common.dev.js:2914:5)
      at VueComponent.Object.<anonymous>.Vue.$mount (../Web-modules/node_modules/vue/dist/vue.common.dev.js:9225:12)
      at VueComponent.Object.<anonymous>.Vue.$mount (../Web-modules/node_modules/vue/dist/vue.common.dev.js:11762:18)
      at init (../Web-modules/node_modules/vue/dist/vue.common.dev.js:4842:19)
      at createComponent (../Web-modules/node_modules/vue/dist/vue.common.dev.js:6500:17)
      at createElm (../Web-modules/node_modules/vue/dist/vue.common.dev.js:6454:13)
      at VueComponent.patch [as __patch__] (../Web-modules/node_modules/vue/dist/vue.common.dev.js:7002:13)
      at VueComponent.Vue._update (../Web-modules/node_modules/vue/dist/vue.common.dev.js:2787:25)
      at VueComponent.updateComponent (../Web-modules/node_modules/vue/dist/vue.common.dev.js:2897:16)
      at Watcher.get (../Web-modules/node_modules/vue/dist/vue.common.dev.js:4117:33)
      at new Watcher (../Web-modules/node_modules/vue/dist/vue.common.dev.js:4107:51)
      at mountComponent (../Web-modules/node_modules/vue/dist/vue.common.dev.js:2914:5)
      at VueComponent.Object.<anonymous>.Vue.$mount (../Web-modules/node_modules/vue/dist/vue.common.dev.js:9225:12)
      at VueComponent.Object.<anonymous>.Vue.$mount (../Web-modules/node_modules/vue/dist/vue.common.dev.js:11762:18)
      at mount (../Web-modules/node_modules/@vue/test-utils/dist/vue-test-utils.js:14067:21)
      at shallowMount (../Web-modules/node_modules/@vue/test-utils/dist/vue-test-utils.js:14093:10)
      at mountPage (test/workforce-schedule-authoring-page.test.js:70:22)
      at pageWithDraft (test/workforce-schedule-authoring-page.test.js:160:19)
      at refusedSave (test/workforce-schedule-authoring-page.test.js:421:27)
      at Object.<anonymous> (test/workforce-schedule-authoring-page.test.js:432:27)

    console.error
      [Vue warn]: Unknown custom element: <nuxt-link> - did you register the component correctly? For recursive components, make sure to provide the "name" option.
      
      found in
      
      ---> <AdminWorkforceSchedule>
             <Root>

      68 |
      69 | function mountPage () {
    > 70 |   return shallowMount(WorkforceSchedulePage, {
         |                      ^
      71 |     mocks: {
      72 |       $i,
      73 |       priceLabel: minor => 'kr ' + minor,

      at warn$2 (../Web-modules/node_modules/vue/dist/vue.common.dev.js:5037:21)
      at createElm (../Web-modules/node_modules/vue/dist/vue.common.dev.js:6466:21)
      at createChildren (../Web-modules/node_modules/vue/dist/vue.common.dev.js:6573:17)
      at createElm (../Web-modules/node_modules/vue/dist/vue.common.dev.js:6477:13)
      at createChildren (../Web-modules/node_modules/vue/dist/vue.common.dev.js:6573:17)
      at createElm (../Web-modules/node_modules/vue/dist/vue.common.dev.js:6477:13)
      at createChildren (../Web-modules/node_modules/vue/dist/vue.common.dev.js:6573:17)
      at createElm (../Web-modules/node_modules/vue/dist/vue.common.dev.js:6477:13)
      at createChildren (../Web-modules/node_modules/vue/dist/vue.common.dev.js:6573:17)
      at createElm (../Web-modules/node_modules/vue/dist/vue.common.dev.js:6477:13)
      at VueComponent.patch [as __patch__] (../Web-modules/node_modules/vue/dist/vue.common.dev.js:7002:13)
      at VueComponent.Vue._update (../Web-modules/node_modules/vue/dist/vue.common.dev.js:2787:25)
      at VueComponent.updateComponent (../Web-modules/node_modules/vue/dist/vue.common.dev.js:2897:16)
      at Watcher.get (../Web-modules/node_modules/vue/dist/vue.common.dev.js:4117:33)
      at new Watcher (../Web-modules/node_modules/vue/dist/vue.common.dev.js:4107:51)
      at mountComponent (../Web-modules/node_modules/vue/dist/vue.common.dev.js:2914:5)
      at VueComponent.Object.<anonymous>.Vue.$mount (../Web-modules/node_modules/vue/dist/vue.common.dev.js:9225:12)
      at VueComponent.Object.<anonymous>.Vue.$mount (../Web-modules/node_modules/vue/dist/vue.common.dev.js:11762:18)
      at init (../Web-modules/node_modules/vue/dist/vue.common.dev.js:4842:19)
      at createComponent (../Web-modules/node_modules/vue/dist/vue.common.dev.js:6500:17)
      at createElm (../Web-modules/node_modules/vue/dist/vue.common.dev.js:6454:13)
      at VueComponent.patch [as __patch__] (../Web-modules/node_modules/vue/dist/vue.common.dev.js:7002:13)
      at VueComponent.Vue._update (../Web-modules/node_modules/vue/dist/vue.common.dev.js:2787:25)
      at VueComponent.updateComponent (../Web-modules/node_modules/vue/dist/vue.common.dev.js:2897:16)
      at Watcher.get (../Web-modules/node_modules/vue/dist/vue.common.dev.js:4117:33)
      at new Watcher (../Web-modules/node_modules/vue/dist/vue.common.dev.js:4107:51)
      at mountComponent (../Web-modules/node_modules/vue/dist/vue.common.dev.js:2914:5)
      at VueComponent.Object.<anonymous>.Vue.$mount (../Web-modules/node_modules/vue/dist/vue.common.dev.js:9225:12)
      at VueComponent.Object.<anonymous>.Vue.$mount (../Web-modules/node_modules/vue/dist/vue.common.dev.js:11762:18)
      at init (../Web-modules/node_modules/vue/dist/vue.common.dev.js:4842:19)
      at createComponent (../Web-modules/node_modules/vue/dist/vue.common.dev.js:6500:17)
      at createElm (../Web-modules/node_modules/vue/dist/vue.common.dev.js:6454:13)
      at VueComponent.patch [as __patch__] (../Web-modules/node_modules/vue/dist/vue.common.dev.js:7002:13)
      at VueComponent.Vue._update (../Web-modules/node_modules/vue/dist/vue.common.dev.js:2787:25)
      at VueComponent.updateComponent (../Web-modules/node_modules/vue/dist/vue.common.dev.js:2897:16)
      at Watcher.get (../Web-modules/node_modules/vue/dist/vue.common.dev.js:4117:33)
      at new Watcher (../Web-modules/node_modules/vue/dist/vue.common.dev.js:4107:51)
      at mountComponent (../Web-modules/node_modules/vue/dist/vue.common.dev.js:2914:5)
      at VueComponent.Object.<anonymous>.Vue.$mount (../Web-modules/node_modules/vue/dist/vue.common.dev.js:9225:12)
      at VueComponent.Object.<anonymous>.Vue.$mount (../Web-modules/node_modules/vue/dist/vue.common.dev.js:11762:18)
      at mount (../Web-modules/node_modules/@vue/test-utils/dist/vue-test-utils.js:14067:21)
      at shallowMount (../Web-modules/node_modules/@vue/test-utils/dist/vue-test-utils.js:14093:10)
      at mountPage (test/workforce-schedule-authoring-page.test.js:70:22)
      at pageWithDraft (test/workforce-schedule-authoring-page.test.js:160:19)
      at refusedSave (test/workforce-schedule-authoring-page.test.js:421:27)
      at Object.<anonymous> (test/workforce-schedule-authoring-page.test.js:445:27)

    console.error
      [Vue warn]: Unknown custom element: <nuxt-link> - did you register the component correctly? For recursive components, make sure to provide the "name" option.
      
      found in
      
      ---> <AdminWorkforceSchedule>
             <Root>

      68 |
      69 | function mountPage () {
    > 70 |   return shallowMount(WorkforceSchedulePage, {
         |                      ^
      71 |     mocks: {
      72 |       $i,
      73 |       priceLabel: minor => 'kr ' + minor,

      at warn$2 (../Web-modules/node_modules/vue/dist/vue.common.dev.js:5037:21)
      at createElm (../Web-modules/node_modules/vue/dist/vue.common.dev.js:6466:21)
      at createChildren (../Web-modules/node_modules/vue/dist/vue.common.dev.js:6573:17)
      at createElm (../Web-modules/node_modules/vue/dist/vue.common.dev.js:6477:13)
      at createChildren (../Web-modules/node_modules/vue/dist/vue.common.dev.js:6573:17)
      at createElm (../Web-modules/node_modules/vue/dist/vue.common.dev.js:6477:13)
      at createChildren (../Web-modules/node_modules/vue/dist/vue.common.dev.js:6573:17)
      at createElm (../Web-modules/node_modules/vue/dist/vue.common.dev.js:6477:13)
      at createChildren (../Web-modules/node_modules/vue/dist/vue.common.dev.js:6573:17)
      at createElm (../Web-modules/node_modules/vue/dist/vue.common.dev.js:6477:13)
      at VueComponent.patch [as __patch__] (../Web-modules/node_modules/vue/dist/vue.common.dev.js:7002:13)
      at VueComponent.Vue._update (../Web-modules/node_modules/vue/dist/vue.common.dev.js:2787:25)
      at VueComponent.updateComponent (../Web-modules/node_modules/vue/dist/vue.common.dev.js:2897:16)
      at Watcher.get (../Web-modules/node_modules/vue/dist/vue.common.dev.js:4117:33)
      at new Watcher (../Web-modules/node_modules/vue/dist/vue.common.dev.js:4107:51)
      at mountComponent (../Web-modules/node_modules/vue/dist/vue.common.dev.js:2914:5)
      at VueComponent.Object.<anonymous>.Vue.$mount (../Web-modules/node_modules/vue/dist/vue.common.dev.js:9225:12)
      at VueComponent.Object.<anonymous>.Vue.$mount (../Web-modules/node_modules/vue/dist/vue.common.dev.js:11762:18)
      at init (../Web-modules/node_modules/vue/dist/vue.common.dev.js:4842:19)
      at createComponent (../Web-modules/node_modules/vue/dist/vue.common.dev.js:6500:17)
      at createElm (../Web-modules/node_modules/vue/dist/vue.common.dev.js:6454:13)
      at VueComponent.patch [as __patch__] (../Web-modules/node_modules/vue/dist/vue.common.dev.js:7002:13)
      at VueComponent.Vue._update (../Web-modules/node_modules/vue/dist/vue.common.dev.js:2787:25)
      at VueComponent.updateComponent (../Web-modules/node_modules/vue/dist/vue.common.dev.js:2897:16)
      at Watcher.get (../Web-modules/node_modules/vue/dist/vue.common.dev.js:4117:33)
      at new Watcher (../Web-modules/node_modules/vue/dist/vue.common.dev.js:4107:51)
      at mountComponent (../Web-modules/node_modules/vue/dist/vue.common.dev.js:2914:5)
      at VueComponent.Object.<anonymous>.Vue.$mount (../Web-modules/node_modules/vue/dist/vue.common.dev.js:9225:12)
      at VueComponent.Object.<anonymous>.Vue.$mount (../Web-modules/node_modules/vue/dist/vue.common.dev.js:11762:18)
      at init (../Web-modules/node_modules/vue/dist/vue.common.dev.js:4842:19)
      at createComponent (../Web-modules/node_modules/vue/dist/vue.common.dev.js:6500:17)
      at createElm (../Web-modules/node_modules/vue/dist/vue.common.dev.js:6454:13)
      at VueComponent.patch [as __patch__] (../Web-modules/node_modules/vue/dist/vue.common.dev.js:7002:13)
      at VueComponent.Vue._update (../Web-modules/node_modules/vue/dist/vue.common.dev.js:2787:25)
      at VueComponent.updateComponent (../Web-modules/node_modules/vue/dist/vue.common.dev.js:2897:16)
      at Watcher.get (../Web-modules/node_modules/vue/dist/vue.common.dev.js:4117:33)
      at new Watcher (../Web-modules/node_modules/vue/dist/vue.common.dev.js:4107:51)
      at mountComponent (../Web-modules/node_modules/vue/dist/vue.common.dev.js:2914:5)
      at VueComponent.Object.<anonymous>.Vue.$mount (../Web-modules/node_modules/vue/dist/vue.common.dev.js:9225:12)
      at VueComponent.Object.<anonymous>.Vue.$mount (../Web-modules/node_modules/vue/dist/vue.common.dev.js:11762:18)
      at mount (../Web-modules/node_modules/@vue/test-utils/dist/vue-test-utils.js:14067:21)
      at shallowMount (../Web-modules/node_modules/@vue/test-utils/dist/vue-test-utils.js:14093:10)
      at mountPage (test/workforce-schedule-authoring-page.test.js:70:22)
      at pageWithDraft (test/workforce-schedule-authoring-page.test.js:160:19)
      at refusedSave (test/workforce-schedule-authoring-page.test.js:421:27)
      at Object.<anonymous> (test/workforce-schedule-authoring-page.test.js:459:27)

    console.error
      [Vue warn]: Unknown custom element: <nuxt-link> - did you register the component correctly? For recursive components, make sure to provide the "name" option.
      
      found in
      
      ---> <AdminWorkforceSchedule>
             <Root>

      68 |
      69 | function mountPage () {
    > 70 |   return shallowMount(WorkforceSchedulePage, {
         |                      ^
      71 |     mocks: {
      72 |       $i,
      73 |       priceLabel: minor => 'kr ' + minor,

      at warn$2 (../Web-modules/node_modules/vue/dist/vue.common.dev.js:5037:21)
      at createElm (../Web-modules/node_modules/vue/dist/vue.common.dev.js:6466:21)
      at createChildren (../Web-modules/node_modules/vue/dist/vue.common.dev.js:6573:17)
      at createElm (../Web-modules/node_modules/vue/dist/vue.common.dev.js:6477:13)
      at createChildren (../Web-modules/node_modules/vue/dist/vue.common.dev.js:6573:17)
      at createElm (../Web-modules/node_modules/vue/dist/vue.common.dev.js:6477:13)
      at createChildren (../Web-modules/node_modules/vue/dist/vue.common.dev.js:6573:17)
      at createElm (../Web-modules/node_modules/vue/dist/vue.common.dev.js:6477:13)
      at createChildren (../Web-modules/node_modules/vue/dist/vue.common.dev.js:6573:17)
      at createElm (../Web-modules/node_modules/vue/dist/vue.common.dev.js:6477:13)
      at VueComponent.patch [as __patch__] (../Web-modules/node_modules/vue/dist/vue.common.dev.js:7002:13)
      at VueComponent.Vue._update (../Web-modules/node_modules/vue/dist/vue.common.dev.js:2787:25)
      at VueComponent.updateComponent (../Web-modules/node_modules/vue/dist/vue.common.dev.js:2897:16)
      at Watcher.get (../Web-modules/node_modules/vue/dist/vue.common.dev.js:4117:33)
      at new Watcher (../Web-modules/node_modules/vue/dist/vue.common.dev.js:4107:51)
      at mountComponent (../Web-modules/node_modules/vue/dist/vue.common.dev.js:2914:5)
      at VueComponent.Object.<anonymous>.Vue.$mount (../Web-modules/node_modules/vue/dist/vue.common.dev.js:9225:12)
      at VueComponent.Object.<anonymous>.Vue.$mount (../Web-modules/node_modules/vue/dist/vue.common.dev.js:11762:18)
      at init (../Web-modules/node_modules/vue/dist/vue.common.dev.js:4842:19)
      at createComponent (../Web-modules/node_modules/vue/dist/vue.common.dev.js:6500:17)
      at createElm (../Web-modules/node_modules/vue/dist/vue.common.dev.js:6454:13)
      at VueComponent.patch [as __patch__] (../Web-modules/node_modules/vue/dist/vue.common.dev.js:7002:13)
      at VueComponent.Vue._update (../Web-modules/node_modules/vue/dist/vue.common.dev.js:2787:25)
      at VueComponent.updateComponent (../Web-modules/node_modules/vue/dist/vue.common.dev.js:2897:16)
      at Watcher.get (../Web-modules/node_modules/vue/dist/vue.common.dev.js:4117:33)
      at new Watcher (../Web-modules/node_modules/vue/dist/vue.common.dev.js:4107:51)
      at mountComponent (../Web-modules/node_modules/vue/dist/vue.common.dev.js:2914:5)
      at VueComponent.Object.<anonymous>.Vue.$mount (../Web-modules/node_modules/vue/dist/vue.common.dev.js:9225:12)
      at VueComponent.Object.<anonymous>.Vue.$mount (../Web-modules/node_modules/vue/dist/vue.common.dev.js:11762:18)
      at init (../Web-modules/node_modules/vue/dist/vue.common.dev.js:4842:19)
      at createComponent (../Web-modules/node_modules/vue/dist/vue.common.dev.js:6500:17)
      at createElm (../Web-modules/node_modules/vue/dist/vue.common.dev.js:6454:13)
      at VueComponent.patch [as __patch__] (../Web-modules/node_modules/vue/dist/vue.common.dev.js:7002:13)
      at VueComponent.Vue._update (../Web-modules/node_modules/vue/dist/vue.common.dev.js:2787:25)
      at VueComponent.updateComponent (../Web-modules/node_modules/vue/dist/vue.common.dev.js:2897:16)
      at Watcher.get (../Web-modules/node_modules/vue/dist/vue.common.dev.js:4117:33)
      at new Watcher (../Web-modules/node_modules/vue/dist/vue.common.dev.js:4107:51)
      at mountComponent (../Web-modules/node_modules/vue/dist/vue.common.dev.js:2914:5)
      at VueComponent.Object.<anonymous>.Vue.$mount (../Web-modules/node_modules/vue/dist/vue.common.dev.js:9225:12)
      at VueComponent.Object.<anonymous>.Vue.$mount (../Web-modules/node_modules/vue/dist/vue.common.dev.js:11762:18)
      at mount (../Web-modules/node_modules/@vue/test-utils/dist/vue-test-utils.js:14067:21)
      at shallowMount (../Web-modules/node_modules/@vue/test-utils/dist/vue-test-utils.js:14093:10)
      at mountPage (test/workforce-schedule-authoring-page.test.js:70:22)
      at pageWithDraft (test/workforce-schedule-authoring-page.test.js:160:19)
      at refusedSave (test/workforce-schedule-authoring-page.test.js:421:27)
      at Object.<anonymous> (test/workforce-schedule-authoring-page.test.js:467:27)

    console.error
      [Vue warn]: Unknown custom element: <nuxt-link> - did you register the component correctly? For recursive components, make sure to provide the "name" option.
      
      found in
      
      ---> <AdminWorkforceSchedule>
             <Root>

      68 |
      69 | function mountPage () {
    > 70 |   return shallowMount(WorkforceSchedulePage, {
         |                      ^
      71 |     mocks: {
      72 |       $i,
      73 |       priceLabel: minor => 'kr ' + minor,

      at warn$2 (../Web-modules/node_modules/vue/dist/vue.common.dev.js:5037:21)
      at createElm (../Web-modules/node_modules/vue/dist/vue.common.dev.js:6466:21)
      at createChildren (../Web-modules/node_modules/vue/dist/vue.common.dev.js:6573:17)
      at createElm (../Web-modules/node_modules/vue/dist/vue.common.dev.js:6477:13)
      at createChildren (../Web-modules/node_modules/vue/dist/vue.common.dev.js:6573:17)
      at createElm (../Web-modules/node_modules/vue/dist/vue.common.dev.js:6477:13)
      at createChildren (../Web-modules/node_modules/vue/dist/vue.common.dev.js:6573:17)
      at createElm (../Web-modules/node_modules/vue/dist/vue.common.dev.js:6477:13)
      at createChildren (../Web-modules/node_modules/vue/dist/vue.common.dev.js:6573:17)
      at createElm (../Web-modules/node_modules/vue/dist/vue.common.dev.js:6477:13)
      at VueComponent.patch [as __patch__] (../Web-modules/node_modules/vue/dist/vue.common.dev.js:7002:13)
      at VueComponent.Vue._update (../Web-modules/node_modules/vue/dist/vue.common.dev.js:2787:25)
      at VueComponent.updateComponent (../Web-modules/node_modules/vue/dist/vue.common.dev.js:2897:16)
      at Watcher.get (../Web-modules/node_modules/vue/dist/vue.common.dev.js:4117:33)
      at new Watcher (../Web-modules/node_modules/vue/dist/vue.common.dev.js:4107:51)
      at mountComponent (../Web-modules/node_modules/vue/dist/vue.common.dev.js:2914:5)
      at VueComponent.Object.<anonymous>.Vue.$mount (../Web-modules/node_modules/vue/dist/vue.common.dev.js:9225:12)
      at VueComponent.Object.<anonymous>.Vue.$mount (../Web-modules/node_modules/vue/dist/vue.common.dev.js:11762:18)
      at init (../Web-modules/node_modules/vue/dist/vue.common.dev.js:4842:19)
      at createComponent (../Web-modules/node_modules/vue/dist/vue.common.dev.js:6500:17)
      at createElm (../Web-modules/node_modules/vue/dist/vue.common.dev.js:6454:13)
      at VueComponent.patch [as __patch__] (../Web-modules/node_modules/vue/dist/vue.common.dev.js:7002:13)
      at VueComponent.Vue._update (../Web-modules/node_modules/vue/dist/vue.common.dev.js:2787:25)
      at VueComponent.updateComponent (../Web-modules/node_modules/vue/dist/vue.common.dev.js:2897:16)
      at Watcher.get (../Web-modules/node_modules/vue/dist/vue.common.dev.js:4117:33)
      at new Watcher (../Web-modules/node_modules/vue/dist/vue.common.dev.js:4107:51)
      at mountComponent (../Web-modules/node_modules/vue/dist/vue.common.dev.js:2914:5)
      at VueComponent.Object.<anonymous>.Vue.$mount (../Web-modules/node_modules/vue/dist/vue.common.dev.js:9225:12)
      at VueComponent.Object.<anonymous>.Vue.$mount (../Web-modules/node_modules/vue/dist/vue.common.dev.js:11762:18)
      at init (../Web-modules/node_modules/vue/dist/vue.common.dev.js:4842:19)
      at createComponent (../Web-modules/node_modules/vue/dist/vue.common.dev.js:6500:17)
      at createElm (../Web-modules/node_modules/vue/dist/vue.common.dev.js:6454:13)
      at VueComponent.patch [as __patch__] (../Web-modules/node_modules/vue/dist/vue.common.dev.js:7002:13)
      at VueComponent.Vue._update (../Web-modules/node_modules/vue/dist/vue.common.dev.js:2787:25)
      at VueComponent.updateComponent (../Web-modules/node_modules/vue/dist/vue.common.dev.js:2897:16)
      at Watcher.get (../Web-modules/node_modules/vue/dist/vue.common.dev.js:4117:33)
      at new Watcher (../Web-modules/node_modules/vue/dist/vue.common.dev.js:4107:51)
      at mountComponent (../Web-modules/node_modules/vue/dist/vue.common.dev.js:2914:5)
      at VueComponent.Object.<anonymous>.Vue.$mount (../Web-modules/node_modules/vue/dist/vue.common.dev.js:9225:12)
      at VueComponent.Object.<anonymous>.Vue.$mount (../Web-modules/node_modules/vue/dist/vue.common.dev.js:11762:18)
      at mount (../Web-modules/node_modules/@vue/test-utils/dist/vue-test-utils.js:14067:21)
      at shallowMount (../Web-modules/node_modules/@vue/test-utils/dist/vue-test-utils.js:14093:10)
      at mountPage (test/workforce-schedule-authoring-page.test.js:70:22)
      at pageWithDraft (test/workforce-schedule-authoring-page.test.js:160:19)
      at refusedSave (test/workforce-schedule-authoring-page.test.js:421:27)
      at Object.<anonymous> (test/workforce-schedule-authoring-page.test.js:474:27)

    console.error
      [Vue warn]: Unknown custom element: <nuxt-link> - did you register the component correctly? For recursive components, make sure to provide the "name" option.
      
      found in
      
      ---> <AdminWorkforceSchedule>
             <Root>

      68 |
      69 | function mountPage () {
    > 70 |   return shallowMount(WorkforceSchedulePage, {
         |                      ^
      71 |     mocks: {
      72 |       $i,
      73 |       priceLabel: minor => 'kr ' + minor,

      at warn$2 (../Web-modules/node_modules/vue/dist/vue.common.dev.js:5037:21)
      at createElm (../Web-modules/node_modules/vue/dist/vue.common.dev.js:6466:21)
      at createChildren (../Web-modules/node_modules/vue/dist/vue.common.dev.js:6573:17)
      at createElm (../Web-modules/node_modules/vue/dist/vue.common.dev.js:6477:13)
      at createChildren (../Web-modules/node_modules/vue/dist/vue.common.dev.js:6573:17)
      at createElm (../Web-modules/node_modules/vue/dist/vue.common.dev.js:6477:13)
      at createChildren (../Web-modules/node_modules/vue/dist/vue.common.dev.js:6573:17)
      at createElm (../Web-modules/node_modules/vue/dist/vue.common.dev.js:6477:13)
      at createChildren (../Web-modules/node_modules/vue/dist/vue.common.dev.js:6573:17)
      at createElm (../Web-modules/node_modules/vue/dist/vue.common.dev.js:6477:13)
      at VueComponent.patch [as __patch__] (../Web-modules/node_modules/vue/dist/vue.common.dev.js:7002:13)
      at VueComponent.Vue._update (../Web-modules/node_modules/vue/dist/vue.common.dev.js:2787:25)
      at VueComponent.updateComponent (../Web-modules/node_modules/vue/dist/vue.common.dev.js:2897:16)
      at Watcher.get (../Web-modules/node_modules/vue/dist/vue.common.dev.js:4117:33)
      at new Watcher (../Web-modules/node_modules/vue/dist/vue.common.dev.js:4107:51)
      at mountComponent (../Web-modules/node_modules/vue/dist/vue.common.dev.js:2914:5)
      at VueComponent.Object.<anonymous>.Vue.$mount (../Web-modules/node_modules/vue/dist/vue.common.dev.js:9225:12)
      at VueComponent.Object.<anonymous>.Vue.$mount (../Web-modules/node_modules/vue/dist/vue.common.dev.js:11762:18)
      at init (../Web-modules/node_modules/vue/dist/vue.common.dev.js:4842:19)
      at createComponent (../Web-modules/node_modules/vue/dist/vue.common.dev.js:6500:17)
      at createElm (../Web-modules/node_modules/vue/dist/vue.common.dev.js:6454:13)
      at VueComponent.patch [as __patch__] (../Web-modules/node_modules/vue/dist/vue.common.dev.js:7002:13)
      at VueComponent.Vue._update (../Web-modules/node_modules/vue/dist/vue.common.dev.js:2787:25)
      at VueComponent.updateComponent (../Web-modules/node_modules/vue/dist/vue.common.dev.js:2897:16)
      at Watcher.get (../Web-modules/node_modules/vue/dist/vue.common.dev.js:4117:33)
      at new Watcher (../Web-modules/node_modules/vue/dist/vue.common.dev.js:4107:51)
      at mountComponent (../Web-modules/node_modules/vue/dist/vue.common.dev.js:2914:5)
      at VueComponent.Object.<anonymous>.Vue.$mount (../Web-modules/node_modules/vue/dist/vue.common.dev.js:9225:12)
      at VueComponent.Object.<anonymous>.Vue.$mount (../Web-modules/node_modules/vue/dist/vue.common.dev.js:11762:18)
      at init (../Web-modules/node_modules/vue/dist/vue.common.dev.js:4842:19)
      at createComponent (../Web-modules/node_modules/vue/dist/vue.common.dev.js:6500:17)
      at createElm (../Web-modules/node_modules/vue/dist/vue.common.dev.js:6454:13)
      at VueComponent.patch [as __patch__] (../Web-modules/node_modules/vue/dist/vue.common.dev.js:7002:13)
      at VueComponent.Vue._update (../Web-modules/node_modules/vue/dist/vue.common.dev.js:2787:25)
      at VueComponent.updateComponent (../Web-modules/node_modules/vue/dist/vue.common.dev.js:2897:16)
      at Watcher.get (../Web-modules/node_modules/vue/dist/vue.common.dev.js:4117:33)
      at new Watcher (../Web-modules/node_modules/vue/dist/vue.common.dev.js:4107:51)
      at mountComponent (../Web-modules/node_modules/vue/dist/vue.common.dev.js:2914:5)
      at VueComponent.Object.<anonymous>.Vue.$mount (../Web-modules/node_modules/vue/dist/vue.common.dev.js:9225:12)
      at VueComponent.Object.<anonymous>.Vue.$mount (../Web-modules/node_modules/vue/dist/vue.common.dev.js:11762:18)
      at mount (../Web-modules/node_modules/@vue/test-utils/dist/vue-test-utils.js:14067:21)
      at shallowMount (../Web-modules/node_modules/@vue/test-utils/dist/vue-test-utils.js:14093:10)
      at mountPage (test/workforce-schedule-authoring-page.test.js:70:22)
      at pageWithDraft (test/workforce-schedule-authoring-page.test.js:160:19)
      at refusedSave (test/workforce-schedule-authoring-page.test.js:421:27)
      at Object.<anonymous> (test/workforce-schedule-authoring-page.test.js:481:27)

    console.error
      [Vue warn]: Unknown custom element: <nuxt-link> - did you register the component correctly? For recursive components, make sure to provide the "name" option.
      
      found in
      
      ---> <AdminWorkforceSchedule>
             <Root>

      68 |
      69 | function mountPage () {
    > 70 |   return shallowMount(WorkforceSchedulePage, {
         |                      ^
      71 |     mocks: {
      72 |       $i,
      73 |       priceLabel: minor => 'kr ' + minor,

      at warn$2 (../Web-modules/node_modules/vue/dist/vue.common.dev.js:5037:21)
      at createElm (../Web-modules/node_modules/vue/dist/vue.common.dev.js:6466:21)
      at createChildren (../Web-modules/node_modules/vue/dist/vue.common.dev.js:6573:17)
      at createElm (../Web-modules/node_modules/vue/dist/vue.common.dev.js:6477:13)
      at createChildren (../Web-modules/node_modules/vue/dist/vue.common.dev.js:6573:17)
      at createElm (../Web-modules/node_modules/vue/dist/vue.common.dev.js:6477:13)
      at createChildren (../Web-modules/node_modules/vue/dist/vue.common.dev.js:6573:17)
      at createElm (../Web-modules/node_modules/vue/dist/vue.common.dev.js:6477:13)
      at createChildren (../Web-modules/node_modules/vue/dist/vue.common.dev.js:6573:17)
      at createElm (../Web-modules/node_modules/vue/dist/vue.common.dev.js:6477:13)
      at VueComponent.patch [as __patch__] (../Web-modules/node_modules/vue/dist/vue.common.dev.js:7002:13)
      at VueComponent.Vue._update (../Web-modules/node_modules/vue/dist/vue.common.dev.js:2787:25)
      at VueComponent.updateComponent (../Web-modules/node_modules/vue/dist/vue.common.dev.js:2897:16)
      at Watcher.get (../Web-modules/node_modules/vue/dist/vue.common.dev.js:4117:33)
      at new Watcher (../Web-modules/node_modules/vue/dist/vue.common.dev.js:4107:51)
      at mountComponent (../Web-modules/node_modules/vue/dist/vue.common.dev.js:2914:5)
      at VueComponent.Object.<anonymous>.Vue.$mount (../Web-modules/node_modules/vue/dist/vue.common.dev.js:9225:12)
      at VueComponent.Object.<anonymous>.Vue.$mount (../Web-modules/node_modules/vue/dist/vue.common.dev.js:11762:18)
      at init (../Web-modules/node_modules/vue/dist/vue.common.dev.js:4842:19)
      at createComponent (../Web-modules/node_modules/vue/dist/vue.common.dev.js:6500:17)
      at createElm (../Web-modules/node_modules/vue/dist/vue.common.dev.js:6454:13)
      at VueComponent.patch [as __patch__] (../Web-modules/node_modules/vue/dist/vue.common.dev.js:7002:13)
      at VueComponent.Vue._update (../Web-modules/node_modules/vue/dist/vue.common.dev.js:2787:25)
      at VueComponent.updateComponent (../Web-modules/node_modules/vue/dist/vue.common.dev.js:2897:16)
      at Watcher.get (../Web-modules/node_modules/vue/dist/vue.common.dev.js:4117:33)
      at new Watcher (../Web-modules/node_modules/vue/dist/vue.common.dev.js:4107:51)
      at mountComponent (../Web-modules/node_modules/vue/dist/vue.common.dev.js:2914:5)
      at VueComponent.Object.<anonymous>.Vue.$mount (../Web-modules/node_modules/vue/dist/vue.common.dev.js:9225:12)
      at VueComponent.Object.<anonymous>.Vue.$mount (../Web-modules/node_modules/vue/dist/vue.common.dev.js:11762:18)
      at init (../Web-modules/node_modules/vue/dist/vue.common.dev.js:4842:19)
      at createComponent (../Web-modules/node_modules/vue/dist/vue.common.dev.js:6500:17)
      at createElm (../Web-modules/node_modules/vue/dist/vue.common.dev.js:6454:13)
      at VueComponent.patch [as __patch__] (../Web-modules/node_modules/vue/dist/vue.common.dev.js:7002:13)
      at VueComponent.Vue._update (../Web-modules/node_modules/vue/dist/vue.common.dev.js:2787:25)
      at VueComponent.updateComponent (../Web-modules/node_modules/vue/dist/vue.common.dev.js:2897:16)
      at Watcher.get (../Web-modules/node_modules/vue/dist/vue.common.dev.js:4117:33)
      at new Watcher (../Web-modules/node_modules/vue/dist/vue.common.dev.js:4107:51)
      at mountComponent (../Web-modules/node_modules/vue/dist/vue.common.dev.js:2914:5)
      at VueComponent.Object.<anonymous>.Vue.$mount (../Web-modules/node_modules/vue/dist/vue.common.dev.js:9225:12)
      at VueComponent.Object.<anonymous>.Vue.$mount (../Web-modules/node_modules/vue/dist/vue.common.dev.js:11762:18)
      at mount (../Web-modules/node_modules/@vue/test-utils/dist/vue-test-utils.js:14067:21)
      at shallowMount (../Web-modules/node_modules/@vue/test-utils/dist/vue-test-utils.js:14093:10)
      at mountPage (test/workforce-schedule-authoring-page.test.js:70:22)
      at pageWithDraft (test/workforce-schedule-authoring-page.test.js:160:19)
      at Object.<anonymous> (test/workforce-schedule-authoring-page.test.js:496:27)

    console.error
      [Vue warn]: Unknown custom element: <nuxt-link> - did you register the component correctly? For recursive components, make sure to provide the "name" option.
      
      found in
      
      ---> <AdminWorkforceSchedule>
             <Root>

      68 |
      69 | function mountPage () {
    > 70 |   return shallowMount(WorkforceSchedulePage, {
         |                      ^
      71 |     mocks: {
      72 |       $i,
      73 |       priceLabel: minor => 'kr ' + minor,

      at warn$2 (../Web-modules/node_modules/vue/dist/vue.common.dev.js:5037:21)
      at createElm (../Web-modules/node_modules/vue/dist/vue.common.dev.js:6466:21)
      at createChildren (../Web-modules/node_modules/vue/dist/vue.common.dev.js:6573:17)
      at createElm (../Web-modules/node_modules/vue/dist/vue.common.dev.js:6477:13)
      at createChildren (../Web-modules/node_modules/vue/dist/vue.common.dev.js:6573:17)
      at createElm (../Web-modules/node_modules/vue/dist/vue.common.dev.js:6477:13)
      at createChildren (../Web-modules/node_modules/vue/dist/vue.common.dev.js:6573:17)
      at createElm (../Web-modules/node_modules/vue/dist/vue.common.dev.js:6477:13)
      at createChildren (../Web-modules/node_modules/vue/dist/vue.common.dev.js:6573:17)
      at createElm (../Web-modules/node_modules/vue/dist/vue.common.dev.js:6477:13)
      at VueComponent.patch [as __patch__] (../Web-modules/node_modules/vue/dist/vue.common.dev.js:7002:13)
      at VueComponent.Vue._update (../Web-modules/node_modules/vue/dist/vue.common.dev.js:2787:25)
      at VueComponent.updateComponent (../Web-modules/node_modules/vue/dist/vue.common.dev.js:2897:16)
      at Watcher.get (../Web-modules/node_modules/vue/dist/vue.common.dev.js:4117:33)
      at new Watcher (../Web-modules/node_modules/vue/dist/vue.common.dev.js:4107:51)
      at mountComponent (../Web-modules/node_modules/vue/dist/vue.common.dev.js:2914:5)
      at VueComponent.Object.<anonymous>.Vue.$mount (../Web-modules/node_modules/vue/dist/vue.common.dev.js:9225:12)
      at VueComponent.Object.<anonymous>.Vue.$mount (../Web-modules/node_modules/vue/dist/vue.common.dev.js:11762:18)
      at init (../Web-modules/node_modules/vue/dist/vue.common.dev.js:4842:19)
      at createComponent (../Web-modules/node_modules/vue/dist/vue.common.dev.js:6500:17)
      at createElm (../Web-modules/node_modules/vue/dist/vue.common.dev.js:6454:13)
      at VueComponent.patch [as __patch__] (../Web-modules/node_modules/vue/dist/vue.common.dev.js:7002:13)
      at VueComponent.Vue._update (../Web-modules/node_modules/vue/dist/vue.common.dev.js:2787:25)
      at VueComponent.updateComponent (../Web-modules/node_modules/vue/dist/vue.common.dev.js:2897:16)
      at Watcher.get (../Web-modules/node_modules/vue/dist/vue.common.dev.js:4117:33)
      at new Watcher (../Web-modules/node_modules/vue/dist/vue.common.dev.js:4107:51)
      at mountComponent (../Web-modules/node_modules/vue/dist/vue.common.dev.js:2914:5)
      at VueComponent.Object.<anonymous>.Vue.$mount (../Web-modules/node_modules/vue/dist/vue.common.dev.js:9225:12)
      at VueComponent.Object.<anonymous>.Vue.$mount (../Web-modules/node_modules/vue/dist/vue.common.dev.js:11762:18)
      at init (../Web-modules/node_modules/vue/dist/vue.common.dev.js:4842:19)
      at createComponent (../Web-modules/node_modules/vue/dist/vue.common.dev.js:6500:17)
      at createElm (../Web-modules/node_modules/vue/dist/vue.common.dev.js:6454:13)
      at VueComponent.patch [as __patch__] (../Web-modules/node_modules/vue/dist/vue.common.dev.js:7002:13)
      at VueComponent.Vue._update (../Web-modules/node_modules/vue/dist/vue.common.dev.js:2787:25)
      at VueComponent.updateComponent (../Web-modules/node_modules/vue/dist/vue.common.dev.js:2897:16)
      at Watcher.get (../Web-modules/node_modules/vue/dist/vue.common.dev.js:4117:33)
      at new Watcher (../Web-modules/node_modules/vue/dist/vue.common.dev.js:4107:51)
      at mountComponent (../Web-modules/node_modules/vue/dist/vue.common.dev.js:2914:5)
      at VueComponent.Object.<anonymous>.Vue.$mount (../Web-modules/node_modules/vue/dist/vue.common.dev.js:9225:12)
      at VueComponent.Object.<anonymous>.Vue.$mount (../Web-modules/node_modules/vue/dist/vue.common.dev.js:11762:18)
      at mount (../Web-modules/node_modules/@vue/test-utils/dist/vue-test-utils.js:14067:21)
      at shallowMount (../Web-modules/node_modules/@vue/test-utils/dist/vue-test-utils.js:14093:10)
      at mountPage (test/workforce-schedule-authoring-page.test.js:70:22)
      at pageWithDraft (test/workforce-schedule-authoring-page.test.js:160:19)
      at Object.<anonymous> (test/workforce-schedule-authoring-page.test.js:514:27)

    console.error
      [Vue warn]: Unknown custom element: <nuxt-link> - did you register the component correctly? For recursive components, make sure to provide the "name" option.
      
      found in
      
      ---> <AdminWorkforceSchedule>
             <Root>

      68 |
      69 | function mountPage () {
    > 70 |   return shallowMount(WorkforceSchedulePage, {
         |                      ^
      71 |     mocks: {
      72 |       $i,
      73 |       priceLabel: minor => 'kr ' + minor,

      at warn$2 (../Web-modules/node_modules/vue/dist/vue.common.dev.js:5037:21)
      at createElm (../Web-modules/node_modules/vue/dist/vue.common.dev.js:6466:21)
      at createChildren (../Web-modules/node_modules/vue/dist/vue.common.dev.js:6573:17)
      at createElm (../Web-modules/node_modules/vue/dist/vue.common.dev.js:6477:13)
      at createChildren (../Web-modules/node_modules/vue/dist/vue.common.dev.js:6573:17)
      at createElm (../Web-modules/node_modules/vue/dist/vue.common.dev.js:6477:13)
      at createChildren (../Web-modules/node_modules/vue/dist/vue.common.dev.js:6573:17)
      at createElm (../Web-modules/node_modules/vue/dist/vue.common.dev.js:6477:13)
      at createChildren (../Web-modules/node_modules/vue/dist/vue.common.dev.js:6573:17)
      at createElm (../Web-modules/node_modules/vue/dist/vue.common.dev.js:6477:13)
      at VueComponent.patch [as __patch__] (../Web-modules/node_modules/vue/dist/vue.common.dev.js:7002:13)
      at VueComponent.Vue._update (../Web-modules/node_modules/vue/dist/vue.common.dev.js:2787:25)
      at VueComponent.updateComponent (../Web-modules/node_modules/vue/dist/vue.common.dev.js:2897:16)
      at Watcher.get (../Web-modules/node_modules/vue/dist/vue.common.dev.js:4117:33)
      at new Watcher (../Web-modules/node_modules/vue/dist/vue.common.dev.js:4107:51)
      at mountComponent (../Web-modules/node_modules/vue/dist/vue.common.dev.js:2914:5)
      at VueComponent.Object.<anonymous>.Vue.$mount (../Web-modules/node_modules/vue/dist/vue.common.dev.js:9225:12)
      at VueComponent.Object.<anonymous>.Vue.$mount (../Web-modules/node_modules/vue/dist/vue.common.dev.js:11762:18)
      at init (../Web-modules/node_modules/vue/dist/vue.common.dev.js:4842:19)
      at createComponent (../Web-modules/node_modules/vue/dist/vue.common.dev.js:6500:17)
      at createElm (../Web-modules/node_modules/vue/dist/vue.common.dev.js:6454:13)
      at VueComponent.patch [as __patch__] (../Web-modules/node_modules/vue/dist/vue.common.dev.js:7002:13)
      at VueComponent.Vue._update (../Web-modules/node_modules/vue/dist/vue.common.dev.js:2787:25)
      at VueComponent.updateComponent (../Web-modules/node_modules/vue/dist/vue.common.dev.js:2897:16)
      at Watcher.get (../Web-modules/node_modules/vue/dist/vue.common.dev.js:4117:33)
      at new Watcher (../Web-modules/node_modules/vue/dist/vue.common.dev.js:4107:51)
      at mountComponent (../Web-modules/node_modules/vue/dist/vue.common.dev.js:2914:5)
      at VueComponent.Object.<anonymous>.Vue.$mount (../Web-modules/node_modules/vue/dist/vue.common.dev.js:9225:12)
      at VueComponent.Object.<anonymous>.Vue.$mount (../Web-modules/node_modules/vue/dist/vue.common.dev.js:11762:18)
      at init (../Web-modules/node_modules/vue/dist/vue.common.dev.js:4842:19)
      at createComponent (../Web-modules/node_modules/vue/dist/vue.common.dev.js:6500:17)
      at createElm (../Web-modules/node_modules/vue/dist/vue.common.dev.js:6454:13)
      at VueComponent.patch [as __patch__] (../Web-modules/node_modules/vue/dist/vue.common.dev.js:7002:13)
      at VueComponent.Vue._update (../Web-modules/node_modules/vue/dist/vue.common.dev.js:2787:25)
      at VueComponent.updateComponent (../Web-modules/node_modules/vue/dist/vue.common.dev.js:2897:16)
      at Watcher.get (../Web-modules/node_modules/vue/dist/vue.common.dev.js:4117:33)
      at new Watcher (../Web-modules/node_modules/vue/dist/vue.common.dev.js:4107:51)
      at mountComponent (../Web-modules/node_modules/vue/dist/vue.common.dev.js:2914:5)
      at VueComponent.Object.<anonymous>.Vue.$mount (../Web-modules/node_modules/vue/dist/vue.common.dev.js:9225:12)
      at VueComponent.Object.<anonymous>.Vue.$mount (../Web-modules/node_modules/vue/dist/vue.common.dev.js:11762:18)
      at mount (../Web-modules/node_modules/@vue/test-utils/dist/vue-test-utils.js:14067:21)
      at shallowMount (../Web-modules/node_modules/@vue/test-utils/dist/vue-test-utils.js:14093:10)
      at mountPage (test/workforce-schedule-authoring-page.test.js:70:22)
      at Object.<anonymous> (test/workforce-schedule-authoring-page.test.js:537:21)

    console.error
      [Vue warn]: Unknown custom element: <nuxt-link> - did you register the component correctly? For recursive components, make sure to provide the "name" option.
      
      found in
      
      ---> <AdminWorkforceSchedule>
             <Root>

      68 |
      69 | function mountPage () {
    > 70 |   return shallowMount(WorkforceSchedulePage, {
         |                      ^
      71 |     mocks: {
      72 |       $i,
      73 |       priceLabel: minor => 'kr ' + minor,

      at warn$2 (../Web-modules/node_modules/vue/dist/vue.common.dev.js:5037:21)
      at createElm (../Web-modules/node_modules/vue/dist/vue.common.dev.js:6466:21)
      at createChildren (../Web-modules/node_modules/vue/dist/vue.common.dev.js:6573:17)
      at createElm (../Web-modules/node_modules/vue/dist/vue.common.dev.js:6477:13)
      at createChildren (../Web-modules/node_modules/vue/dist/vue.common.dev.js:6573:17)
      at createElm (../Web-modules/node_modules/vue/dist/vue.common.dev.js:6477:13)
      at createChildren (../Web-modules/node_modules/vue/dist/vue.common.dev.js:6573:17)
      at createElm (../Web-modules/node_modules/vue/dist/vue.common.dev.js:6477:13)
      at createChildren (../Web-modules/node_modules/vue/dist/vue.common.dev.js:6573:17)
      at createElm (../Web-modules/node_modules/vue/dist/vue.common.dev.js:6477:13)
      at VueComponent.patch [as __patch__] (../Web-modules/node_modules/vue/dist/vue.common.dev.js:7002:13)
      at VueComponent.Vue._update (../Web-modules/node_modules/vue/dist/vue.common.dev.js:2787:25)
      at VueComponent.updateComponent (../Web-modules/node_modules/vue/dist/vue.common.dev.js:2897:16)
      at Watcher.get (../Web-modules/node_modules/vue/dist/vue.common.dev.js:4117:33)
      at new Watcher (../Web-modules/node_modules/vue/dist/vue.common.dev.js:4107:51)
      at mountComponent (../Web-modules/node_modules/vue/dist/vue.common.dev.js:2914:5)
      at VueComponent.Object.<anonymous>.Vue.$mount (../Web-modules/node_modules/vue/dist/vue.common.dev.js:9225:12)
      at VueComponent.Object.<anonymous>.Vue.$mount (../Web-modules/node_modules/vue/dist/vue.common.dev.js:11762:18)
      at init (../Web-modules/node_modules/vue/dist/vue.common.dev.js:4842:19)
      at createComponent (../Web-modules/node_modules/vue/dist/vue.common.dev.js:6500:17)
      at createElm (../Web-modules/node_modules/vue/dist/vue.common.dev.js:6454:13)
      at VueComponent.patch [as __patch__] (../Web-modules/node_modules/vue/dist/vue.common.dev.js:7002:13)
      at VueComponent.Vue._update (../Web-modules/node_modules/vue/dist/vue.common.dev.js:2787:25)
      at VueComponent.updateComponent (../Web-modules/node_modules/vue/dist/vue.common.dev.js:2897:16)
      at Watcher.get (../Web-modules/node_modules/vue/dist/vue.common.dev.js:4117:33)
      at new Watcher (../Web-modules/node_modules/vue/dist/vue.common.dev.js:4107:51)
      at mountComponent (../Web-modules/node_modules/vue/dist/vue.common.dev.js:2914:5)
      at VueComponent.Object.<anonymous>.Vue.$mount (../Web-modules/node_modules/vue/dist/vue.common.dev.js:9225:12)
      at VueComponent.Object.<anonymous>.Vue.$mount (../Web-modules/node_modules/vue/dist/vue.common.dev.js:11762:18)
      at init (../Web-modules/node_modules/vue/dist/vue.common.dev.js:4842:19)
      at createComponent (../Web-modules/node_modules/vue/dist/vue.common.dev.js:6500:17)
      at createElm (../Web-modules/node_modules/vue/dist/vue.common.dev.js:6454:13)
      at VueComponent.patch [as __patch__] (../Web-modules/node_modules/vue/dist/vue.common.dev.js:7002:13)
      at VueComponent.Vue._update (../Web-modules/node_modules/vue/dist/vue.common.dev.js:2787:25)
      at VueComponent.updateComponent (../Web-modules/node_modules/vue/dist/vue.common.dev.js:2897:16)
      at Watcher.get (../Web-modules/node_modules/vue/dist/vue.common.dev.js:4117:33)
      at new Watcher (../Web-modules/node_modules/vue/dist/vue.common.dev.js:4107:51)
      at mountComponent (../Web-modules/node_modules/vue/dist/vue.common.dev.js:2914:5)
      at VueComponent.Object.<anonymous>.Vue.$mount (../Web-modules/node_modules/vue/dist/vue.common.dev.js:9225:12)
      at VueComponent.Object.<anonymous>.Vue.$mount (../Web-modules/node_modules/vue/dist/vue.common.dev.js:11762:18)
      at mount (../Web-modules/node_modules/@vue/test-utils/dist/vue-test-utils.js:14067:21)
      at shallowMount (../Web-modules/node_modules/@vue/test-utils/dist/vue-test-utils.js:14093:10)
      at mountPage (test/workforce-schedule-authoring-page.test.js:70:22)
      at Object.<anonymous> (test/workforce-schedule-authoring-page.test.js:558:21)

    console.error
      [Vue warn]: Unknown custom element: <nuxt-link> - did you register the component correctly? For recursive components, make sure to provide the "name" option.
      
      found in
      
      ---> <AdminWorkforceSchedule>
             <Root>

      68 |
      69 | function mountPage () {
    > 70 |   return shallowMount(WorkforceSchedulePage, {
         |                      ^
      71 |     mocks: {
      72 |       $i,
      73 |       priceLabel: minor => 'kr ' + minor,

      at warn$2 (../Web-modules/node_modules/vue/dist/vue.common.dev.js:5037:21)
      at createElm (../Web-modules/node_modules/vue/dist/vue.common.dev.js:6466:21)
      at createChildren (../Web-modules/node_modules/vue/dist/vue.common.dev.js:6573:17)
      at createElm (../Web-modules/node_modules/vue/dist/vue.common.dev.js:6477:13)
      at createChildren (../Web-modules/node_modules/vue/dist/vue.common.dev.js:6573:17)
      at createElm (../Web-modules/node_modules/vue/dist/vue.common.dev.js:6477:13)
      at createChildren (../Web-modules/node_modules/vue/dist/vue.common.dev.js:6573:17)
      at createElm (../Web-modules/node_modules/vue/dist/vue.common.dev.js:6477:13)
      at createChildren (../Web-modules/node_modules/vue/dist/vue.common.dev.js:6573:17)
      at createElm (../Web-modules/node_modules/vue/dist/vue.common.dev.js:6477:13)
      at VueComponent.patch [as __patch__] (../Web-modules/node_modules/vue/dist/vue.common.dev.js:7002:13)
      at VueComponent.Vue._update (../Web-modules/node_modules/vue/dist/vue.common.dev.js:2787:25)
      at VueComponent.updateComponent (../Web-modules/node_modules/vue/dist/vue.common.dev.js:2897:16)
      at Watcher.get (../Web-modules/node_modules/vue/dist/vue.common.dev.js:4117:33)
      at new Watcher (../Web-modules/node_modules/vue/dist/vue.common.dev.js:4107:51)
      at mountComponent (../Web-modules/node_modules/vue/dist/vue.common.dev.js:2914:5)
      at VueComponent.Object.<anonymous>.Vue.$mount (../Web-modules/node_modules/vue/dist/vue.common.dev.js:9225:12)
      at VueComponent.Object.<anonymous>.Vue.$mount (../Web-modules/node_modules/vue/dist/vue.common.dev.js:11762:18)
      at init (../Web-modules/node_modules/vue/dist/vue.common.dev.js:4842:19)
      at createComponent (../Web-modules/node_modules/vue/dist/vue.common.dev.js:6500:17)
      at createElm (../Web-modules/node_modules/vue/dist/vue.common.dev.js:6454:13)
      at VueComponent.patch [as __patch__] (../Web-modules/node_modules/vue/dist/vue.common.dev.js:7002:13)
      at VueComponent.Vue._update (../Web-modules/node_modules/vue/dist/vue.common.dev.js:2787:25)
      at VueComponent.updateComponent (../Web-modules/node_modules/vue/dist/vue.common.dev.js:2897:16)
      at Watcher.get (../Web-modules/node_modules/vue/dist/vue.common.dev.js:4117:33)
      at new Watcher (../Web-modules/node_modules/vue/dist/vue.common.dev.js:4107:51)
      at mountComponent (../Web-modules/node_modules/vue/dist/vue.common.dev.js:2914:5)
      at VueComponent.Object.<anonymous>.Vue.$mount (../Web-modules/node_modules/vue/dist/vue.common.dev.js:9225:12)
      at VueComponent.Object.<anonymous>.Vue.$mount (../Web-modules/node_modules/vue/dist/vue.common.dev.js:11762:18)
      at init (../Web-modules/node_modules/vue/dist/vue.common.dev.js:4842:19)
      at createComponent (../Web-modules/node_modules/vue/dist/vue.common.dev.js:6500:17)
      at createElm (../Web-modules/node_modules/vue/dist/vue.common.dev.js:6454:13)
      at VueComponent.patch [as __patch__] (../Web-modules/node_modules/vue/dist/vue.common.dev.js:7002:13)
      at VueComponent.Vue._update (../Web-modules/node_modules/vue/dist/vue.common.dev.js:2787:25)
      at VueComponent.updateComponent (../Web-modules/node_modules/vue/dist/vue.common.dev.js:2897:16)
      at Watcher.get (../Web-modules/node_modules/vue/dist/vue.common.dev.js:4117:33)
      at new Watcher (../Web-modules/node_modules/vue/dist/vue.common.dev.js:4107:51)
      at mountComponent (../Web-modules/node_modules/vue/dist/vue.common.dev.js:2914:5)
      at VueComponent.Object.<anonymous>.Vue.$mount (../Web-modules/node_modules/vue/dist/vue.common.dev.js:9225:12)
      at VueComponent.Object.<anonymous>.Vue.$mount (../Web-modules/node_modules/vue/dist/vue.common.dev.js:11762:18)
      at mount (../Web-modules/node_modules/@vue/test-utils/dist/vue-test-utils.js:14067:21)
      at shallowMount (../Web-modules/node_modules/@vue/test-utils/dist/vue-test-utils.js:14093:10)
      at mountPage (test/workforce-schedule-authoring-page.test.js:70:22)
      at pageWithDraft (test/workforce-schedule-authoring-page.test.js:160:19)
      at Object.<anonymous> (test/workforce-schedule-authoring-page.test.js:580:27)

    console.error
      [Vue warn]: Unknown custom element: <nuxt-link> - did you register the component correctly? For recursive components, make sure to provide the "name" option.
      
      found in
      
      ---> <AdminWorkforceSchedule>
             <Root>

      68 |
      69 | function mountPage () {
    > 70 |   return shallowMount(WorkforceSchedulePage, {
         |                      ^
      71 |     mocks: {
      72 |       $i,
      73 |       priceLabel: minor => 'kr ' + minor,

      at warn$2 (../Web-modules/node_modules/vue/dist/vue.common.dev.js:5037:21)
      at createElm (../Web-modules/node_modules/vue/dist/vue.common.dev.js:6466:21)
      at createChildren (../Web-modules/node_modules/vue/dist/vue.common.dev.js:6573:17)
      at createElm (../Web-modules/node_modules/vue/dist/vue.common.dev.js:6477:13)
      at createChildren (../Web-modules/node_modules/vue/dist/vue.common.dev.js:6573:17)
      at createElm (../Web-modules/node_modules/vue/dist/vue.common.dev.js:6477:13)
      at createChildren (../Web-modules/node_modules/vue/dist/vue.common.dev.js:6573:17)
      at createElm (../Web-modules/node_modules/vue/dist/vue.common.dev.js:6477:13)
      at createChildren (../Web-modules/node_modules/vue/dist/vue.common.dev.js:6573:17)
      at createElm (../Web-modules/node_modules/vue/dist/vue.common.dev.js:6477:13)
      at VueComponent.patch [as __patch__] (../Web-modules/node_modules/vue/dist/vue.common.dev.js:7002:13)
      at VueComponent.Vue._update (../Web-modules/node_modules/vue/dist/vue.common.dev.js:2787:25)
      at VueComponent.updateComponent (../Web-modules/node_modules/vue/dist/vue.common.dev.js:2897:16)
      at Watcher.get (../Web-modules/node_modules/vue/dist/vue.common.dev.js:4117:33)
      at new Watcher (../Web-modules/node_modules/vue/dist/vue.common.dev.js:4107:51)
      at mountComponent (../Web-modules/node_modules/vue/dist/vue.common.dev.js:2914:5)
      at VueComponent.Object.<anonymous>.Vue.$mount (../Web-modules/node_modules/vue/dist/vue.common.dev.js:9225:12)
      at VueComponent.Object.<anonymous>.Vue.$mount (../Web-modules/node_modules/vue/dist/vue.common.dev.js:11762:18)
      at init (../Web-modules/node_modules/vue/dist/vue.common.dev.js:4842:19)
      at createComponent (../Web-modules/node_modules/vue/dist/vue.common.dev.js:6500:17)
      at createElm (../Web-modules/node_modules/vue/dist/vue.common.dev.js:6454:13)
      at VueComponent.patch [as __patch__] (../Web-modules/node_modules/vue/dist/vue.common.dev.js:7002:13)
      at VueComponent.Vue._update (../Web-modules/node_modules/vue/dist/vue.common.dev.js:2787:25)
      at VueComponent.updateComponent (../Web-modules/node_modules/vue/dist/vue.common.dev.js:2897:16)
      at Watcher.get (../Web-modules/node_modules/vue/dist/vue.common.dev.js:4117:33)
      at new Watcher (../Web-modules/node_modules/vue/dist/vue.common.dev.js:4107:51)
      at mountComponent (../Web-modules/node_modules/vue/dist/vue.common.dev.js:2914:5)
      at VueComponent.Object.<anonymous>.Vue.$mount (../Web-modules/node_modules/vue/dist/vue.common.dev.js:9225:12)
      at VueComponent.Object.<anonymous>.Vue.$mount (../Web-modules/node_modules/vue/dist/vue.common.dev.js:11762:18)
      at init (../Web-modules/node_modules/vue/dist/vue.common.dev.js:4842:19)
      at createComponent (../Web-modules/node_modules/vue/dist/vue.common.dev.js:6500:17)
      at createElm (../Web-modules/node_modules/vue/dist/vue.common.dev.js:6454:13)
      at VueComponent.patch [as __patch__] (../Web-modules/node_modules/vue/dist/vue.common.dev.js:7002:13)
      at VueComponent.Vue._update (../Web-modules/node_modules/vue/dist/vue.common.dev.js:2787:25)
      at VueComponent.updateComponent (../Web-modules/node_modules/vue/dist/vue.common.dev.js:2897:16)
      at Watcher.get (../Web-modules/node_modules/vue/dist/vue.common.dev.js:4117:33)
      at new Watcher (../Web-modules/node_modules/vue/dist/vue.common.dev.js:4107:51)
      at mountComponent (../Web-modules/node_modules/vue/dist/vue.common.dev.js:2914:5)
      at VueComponent.Object.<anonymous>.Vue.$mount (../Web-modules/node_modules/vue/dist/vue.common.dev.js:9225:12)
      at VueComponent.Object.<anonymous>.Vue.$mount (../Web-modules/node_modules/vue/dist/vue.common.dev.js:11762:18)
      at mount (../Web-modules/node_modules/@vue/test-utils/dist/vue-test-utils.js:14067:21)
      at shallowMount (../Web-modules/node_modules/@vue/test-utils/dist/vue-test-utils.js:14093:10)
      at mountPage (test/workforce-schedule-authoring-page.test.js:70:22)
      at pageWithDraft (test/workforce-schedule-authoring-page.test.js:160:19)
      at Object.<anonymous> (test/workforce-schedule-authoring-page.test.js:598:27)

    console.error
      [Vue warn]: Unknown custom element: <nuxt-link> - did you register the component correctly? For recursive components, make sure to provide the "name" option.
      
      found in
      
      ---> <AdminWorkforceSchedule>
             <Root>

      68 |
      69 | function mountPage () {
    > 70 |   return shallowMount(WorkforceSchedulePage, {
         |                      ^
      71 |     mocks: {
      72 |       $i,
      73 |       priceLabel: minor => 'kr ' + minor,

      at warn$2 (../Web-modules/node_modules/vue/dist/vue.common.dev.js:5037:21)
      at createElm (../Web-modules/node_modules/vue/dist/vue.common.dev.js:6466:21)
      at createChildren (../Web-modules/node_modules/vue/dist/vue.common.dev.js:6573:17)
      at createElm (../Web-modules/node_modules/vue/dist/vue.common.dev.js:6477:13)
      at createChildren (../Web-modules/node_modules/vue/dist/vue.common.dev.js:6573:17)
      at createElm (../Web-modules/node_modules/vue/dist/vue.common.dev.js:6477:13)
      at createChildren (../Web-modules/node_modules/vue/dist/vue.common.dev.js:6573:17)
      at createElm (../Web-modules/node_modules/vue/dist/vue.common.dev.js:6477:13)
      at createChildren (../Web-modules/node_modules/vue/dist/vue.common.dev.js:6573:17)
      at createElm (../Web-modules/node_modules/vue/dist/vue.common.dev.js:6477:13)
      at VueComponent.patch [as __patch__] (../Web-modules/node_modules/vue/dist/vue.common.dev.js:7002:13)
      at VueComponent.Vue._update (../Web-modules/node_modules/vue/dist/vue.common.dev.js:2787:25)
      at VueComponent.updateComponent (../Web-modules/node_modules/vue/dist/vue.common.dev.js:2897:16)
      at Watcher.get (../Web-modules/node_modules/vue/dist/vue.common.dev.js:4117:33)
      at new Watcher (../Web-modules/node_modules/vue/dist/vue.common.dev.js:4107:51)
      at mountComponent (../Web-modules/node_modules/vue/dist/vue.common.dev.js:2914:5)
      at VueComponent.Object.<anonymous>.Vue.$mount (../Web-modules/node_modules/vue/dist/vue.common.dev.js:9225:12)
      at VueComponent.Object.<anonymous>.Vue.$mount (../Web-modules/node_modules/vue/dist/vue.common.dev.js:11762:18)
      at init (../Web-modules/node_modules/vue/dist/vue.common.dev.js:4842:19)
      at createComponent (../Web-modules/node_modules/vue/dist/vue.common.dev.js:6500:17)
      at createElm (../Web-modules/node_modules/vue/dist/vue.common.dev.js:6454:13)
      at VueComponent.patch [as __patch__] (../Web-modules/node_modules/vue/dist/vue.common.dev.js:7002:13)
      at VueComponent.Vue._update (../Web-modules/node_modules/vue/dist/vue.common.dev.js:2787:25)
      at VueComponent.updateComponent (../Web-modules/node_modules/vue/dist/vue.common.dev.js:2897:16)
      at Watcher.get (../Web-modules/node_modules/vue/dist/vue.common.dev.js:4117:33)
      at new Watcher (../Web-modules/node_modules/vue/dist/vue.common.dev.js:4107:51)
      at mountComponent (../Web-modules/node_modules/vue/dist/vue.common.dev.js:2914:5)
      at VueComponent.Object.<anonymous>.Vue.$mount (../Web-modules/node_modules/vue/dist/vue.common.dev.js:9225:12)
      at VueComponent.Object.<anonymous>.Vue.$mount (../Web-modules/node_modules/vue/dist/vue.common.dev.js:11762:18)
      at init (../Web-modules/node_modules/vue/dist/vue.common.dev.js:4842:19)
      at createComponent (../Web-modules/node_modules/vue/dist/vue.common.dev.js:6500:17)
      at createElm (../Web-modules/node_modules/vue/dist/vue.common.dev.js:6454:13)
      at VueComponent.patch [as __patch__] (../Web-modules/node_modules/vue/dist/vue.common.dev.js:7002:13)
      at VueComponent.Vue._update (../Web-modules/node_modules/vue/dist/vue.common.dev.js:2787:25)
      at VueComponent.updateComponent (../Web-modules/node_modules/vue/dist/vue.common.dev.js:2897:16)
      at Watcher.get (../Web-modules/node_modules/vue/dist/vue.common.dev.js:4117:33)
      at new Watcher (../Web-modules/node_modules/vue/dist/vue.common.dev.js:4107:51)
      at mountComponent (../Web-modules/node_modules/vue/dist/vue.common.dev.js:2914:5)
      at VueComponent.Object.<anonymous>.Vue.$mount (../Web-modules/node_modules/vue/dist/vue.common.dev.js:9225:12)
      at VueComponent.Object.<anonymous>.Vue.$mount (../Web-modules/node_modules/vue/dist/vue.common.dev.js:11762:18)
      at mount (../Web-modules/node_modules/@vue/test-utils/dist/vue-test-utils.js:14067:21)
      at shallowMount (../Web-modules/node_modules/@vue/test-utils/dist/vue-test-utils.js:14093:10)
      at mountPage (test/workforce-schedule-authoring-page.test.js:70:22)
      at pageWithDraft (test/workforce-schedule-authoring-page.test.js:160:19)
      at Object.<anonymous> (test/workforce-schedule-authoring-page.test.js:609:27)

    console.error
      [Vue warn]: Unknown custom element: <nuxt-link> - did you register the component correctly? For recursive components, make sure to provide the "name" option.
      
      found in
      
      ---> <AdminWorkforceSchedule>
             <Root>

      68 |
      69 | function mountPage () {
    > 70 |   return shallowMount(WorkforceSchedulePage, {
         |                      ^
      71 |     mocks: {
      72 |       $i,
      73 |       priceLabel: minor => 'kr ' + minor,

      at warn$2 (../Web-modules/node_modules/vue/dist/vue.common.dev.js:5037:21)
      at createElm (../Web-modules/node_modules/vue/dist/vue.common.dev.js:6466:21)
      at createChildren (../Web-modules/node_modules/vue/dist/vue.common.dev.js:6573:17)
      at createElm (../Web-modules/node_modules/vue/dist/vue.common.dev.js:6477:13)
      at createChildren (../Web-modules/node_modules/vue/dist/vue.common.dev.js:6573:17)
      at createElm (../Web-modules/node_modules/vue/dist/vue.common.dev.js:6477:13)
      at createChildren (../Web-modules/node_modules/vue/dist/vue.common.dev.js:6573:17)
      at createElm (../Web-modules/node_modules/vue/dist/vue.common.dev.js:6477:13)
      at createChildren (../Web-modules/node_modules/vue/dist/vue.common.dev.js:6573:17)
      at createElm (../Web-modules/node_modules/vue/dist/vue.common.dev.js:6477:13)
      at VueComponent.patch [as __patch__] (../Web-modules/node_modules/vue/dist/vue.common.dev.js:7002:13)
      at VueComponent.Vue._update (../Web-modules/node_modules/vue/dist/vue.common.dev.js:2787:25)
      at VueComponent.updateComponent (../Web-modules/node_modules/vue/dist/vue.common.dev.js:2897:16)
      at Watcher.get (../Web-modules/node_modules/vue/dist/vue.common.dev.js:4117:33)
      at new Watcher (../Web-modules/node_modules/vue/dist/vue.common.dev.js:4107:51)
      at mountComponent (../Web-modules/node_modules/vue/dist/vue.common.dev.js:2914:5)
      at VueComponent.Object.<anonymous>.Vue.$mount (../Web-modules/node_modules/vue/dist/vue.common.dev.js:9225:12)
      at VueComponent.Object.<anonymous>.Vue.$mount (../Web-modules/node_modules/vue/dist/vue.common.dev.js:11762:18)
      at init (../Web-modules/node_modules/vue/dist/vue.common.dev.js:4842:19)
      at createComponent (../Web-modules/node_modules/vue/dist/vue.common.dev.js:6500:17)
      at createElm (../Web-modules/node_modules/vue/dist/vue.common.dev.js:6454:13)
      at VueComponent.patch [as __patch__] (../Web-modules/node_modules/vue/dist/vue.common.dev.js:7002:13)
      at VueComponent.Vue._update (../Web-modules/node_modules/vue/dist/vue.common.dev.js:2787:25)
      at VueComponent.updateComponent (../Web-modules/node_modules/vue/dist/vue.common.dev.js:2897:16)
      at Watcher.get (../Web-modules/node_modules/vue/dist/vue.common.dev.js:4117:33)
      at new Watcher (../Web-modules/node_modules/vue/dist/vue.common.dev.js:4107:51)
      at mountComponent (../Web-modules/node_modules/vue/dist/vue.common.dev.js:2914:5)
      at VueComponent.Object.<anonymous>.Vue.$mount (../Web-modules/node_modules/vue/dist/vue.common.dev.js:9225:12)
      at VueComponent.Object.<anonymous>.Vue.$mount (../Web-modules/node_modules/vue/dist/vue.common.dev.js:11762:18)
      at init (../Web-modules/node_modules/vue/dist/vue.common.dev.js:4842:19)
      at createComponent (../Web-modules/node_modules/vue/dist/vue.common.dev.js:6500:17)
      at createElm (../Web-modules/node_modules/vue/dist/vue.common.dev.js:6454:13)
      at VueComponent.patch [as __patch__] (../Web-modules/node_modules/vue/dist/vue.common.dev.js:7002:13)
      at VueComponent.Vue._update (../Web-modules/node_modules/vue/dist/vue.common.dev.js:2787:25)
      at VueComponent.updateComponent (../Web-modules/node_modules/vue/dist/vue.common.dev.js:2897:16)
      at Watcher.get (../Web-modules/node_modules/vue/dist/vue.common.dev.js:4117:33)
      at new Watcher (../Web-modules/node_modules/vue/dist/vue.common.dev.js:4107:51)
      at mountComponent (../Web-modules/node_modules/vue/dist/vue.common.dev.js:2914:5)
      at VueComponent.Object.<anonymous>.Vue.$mount (../Web-modules/node_modules/vue/dist/vue.common.dev.js:9225:12)
      at VueComponent.Object.<anonymous>.Vue.$mount (../Web-modules/node_modules/vue/dist/vue.common.dev.js:11762:18)
      at mount (../Web-modules/node_modules/@vue/test-utils/dist/vue-test-utils.js:14067:21)
      at shallowMount (../Web-modules/node_modules/@vue/test-utils/dist/vue-test-utils.js:14093:10)
      at mountPage (test/workforce-schedule-authoring-page.test.js:70:22)
      at pageWithDraft (test/workforce-schedule-authoring-page.test.js:160:19)
      at Object.<anonymous> (test/workforce-schedule-authoring-page.test.js:622:27)

PASS test/vue-coverage-instrumentation.test.js
PASS test/order-label-dictionaries.test.js
PASS test/price-bypass-legacy.test.js
PASS test/login-modal-mounted-once.test.js
PASS test/world-stamp-windows.test.js
PASS test/margin-recipes-page.test.js
PASS test/front-door-pages-resume-after-login.test.js
PASS test/meals-claim-page.test.js
PASS test/store-market-card.component.test.js
PASS test/meals-admin-components.test.js
PASS test/nuxt-config-api-base-url.test.js
PASS test/core-request-path-shape.test.js
PASS test/events-guest-pages.test.js
PASS test/workforce-requests-page.test.js
PASS test/growth-guest-pages.test.js
PASS test/pos-clock-reserved-key.test.js
PASS test/payment-type-label.test.js
PASS test/overview-watch-duplicate.test.js
PASS test/growth-privacy-page.test.js
PASS test/kitchen-and-board-resume-after-login.test.js
PASS test/xz-negated-absence.test.js
PASS test/workforce-personnel-list-page.test.js
PASS test/check-discount-sum.test.js
PASS test/workforce-rates-components.test.js
PASS test/workforce-me-self-service.test.js
PASS test/modal-scroll-lock-estate.test.js
PASS test/pos-split-payment-shares.test.js
PASS test/orders-and-statistics-resume-after-login.test.js
PASS test/workforce-roster-page.test.js
PASS test/xz-residual-sites.test.js
PASS test/workforce-rates-page.test.js
PASS test/margin-suppliers-page.test.js
PASS test/meals-components.test.js
PASS test/margin-coverage-waste-absent.test.js
PASS test/store-market-view.test.js
PASS test/pos-day-close-cash-difference.test.js
PASS test/workforce-join-page.test.js
PASS test/focus-trap-teardown.test.js
PASS test/price-crosscurrency.test.js
PASS test/delivery-minimum-ore.test.js
PASS test/margin-price-imports-page.test.js
PASS test/meals-companies-page.test.js
PASS test/pos-refund-cap-and-guest-split.test.js
PASS test/workforce-schedule-flag-refusal.test.js
PASS test/workforce-roles-page.test.js
PASS test/margin-waste-absent.test.js
PASS test/training-evidence-print.test.js
PASS test/account-email-page.test.js
PASS test/fixture-refusal-divergence.test.js
PASS test/workforce-personnel-list-code-register.test.js
PASS test/price-absence.test.js
PASS test/training-evidence.test.js
PASS test/workforce-week-grid.test.js
PASS test/margin-supplier-panels.component.test.js
PASS test/login-modal-failed-send.test.js
PASS test/guid-fallback-without-crypto.test.js
PASS test/workforce-pos-clock.test.js
PASS test/login-modal-success-is-silent.test.js
PASS test/margin-statement-client.test.js
PASS test/growth-send-gate.test.js
PASS test/workforce-roster.test.js
PASS test/workforce-external-commitments.test.js
PASS test/meals-page.test.js
PASS test/workforce-timesheet-components.test.js
PASS test/workforce-schedule-page.test.js
  ● Console

    console.error
      [Vue warn]: Unknown custom element: <nuxt-link> - did you register the component correctly? For recursive components, make sure to provide the "name" option.
      
      found in
      
      ---> <AdminWorkforceSchedule>
             <Root>

      41 |
      42 | function mountPage () {
    > 43 |   return shallowMount(WorkforceSchedulePage, {
         |                      ^
      44 |     mocks: {
      45 |       $i: key => key,
      46 |       $store: {

      at warn$2 (../Web-modules/node_modules/vue/dist/vue.common.dev.js:5037:21)
      at createElm (../Web-modules/node_modules/vue/dist/vue.common.dev.js:6466:21)
      at createChildren (../Web-modules/node_modules/vue/dist/vue.common.dev.js:6573:17)
      at createElm (../Web-modules/node_modules/vue/dist/vue.common.dev.js:6477:13)
      at createChildren (../Web-modules/node_modules/vue/dist/vue.common.dev.js:6573:17)
      at createElm (../Web-modules/node_modules/vue/dist/vue.common.dev.js:6477:13)
      at createChildren (../Web-modules/node_modules/vue/dist/vue.common.dev.js:6573:17)
      at createElm (../Web-modules/node_modules/vue/dist/vue.common.dev.js:6477:13)
      at createChildren (../Web-modules/node_modules/vue/dist/vue.common.dev.js:6573:17)
      at createElm (../Web-modules/node_modules/vue/dist/vue.common.dev.js:6477:13)
      at VueComponent.patch [as __patch__] (../Web-modules/node_modules/vue/dist/vue.common.dev.js:7002:13)
      at VueComponent.Vue._update (../Web-modules/node_modules/vue/dist/vue.common.dev.js:2787:25)
      at VueComponent.updateComponent (../Web-modules/node_modules/vue/dist/vue.common.dev.js:2897:16)
      at Watcher.get (../Web-modules/node_modules/vue/dist/vue.common.dev.js:4117:33)
      at new Watcher (../Web-modules/node_modules/vue/dist/vue.common.dev.js:4107:51)
      at mountComponent (../Web-modules/node_modules/vue/dist/vue.common.dev.js:2914:5)
      at VueComponent.Object.<anonymous>.Vue.$mount (../Web-modules/node_modules/vue/dist/vue.common.dev.js:9225:12)
      at VueComponent.Object.<anonymous>.Vue.$mount (../Web-modules/node_modules/vue/dist/vue.common.dev.js:11762:18)
      at init (../Web-modules/node_modules/vue/dist/vue.common.dev.js:4842:19)
      at createComponent (../Web-modules/node_modules/vue/dist/vue.common.dev.js:6500:17)
      at createElm (../Web-modules/node_modules/vue/dist/vue.common.dev.js:6454:13)
      at VueComponent.patch [as __patch__] (../Web-modules/node_modules/vue/dist/vue.common.dev.js:7002:13)
      at VueComponent.Vue._update (../Web-modules/node_modules/vue/dist/vue.common.dev.js:2787:25)
      at VueComponent.updateComponent (../Web-modules/node_modules/vue/dist/vue.common.dev.js:2897:16)
      at Watcher.get (../Web-modules/node_modules/vue/dist/vue.common.dev.js:4117:33)
      at new Watcher (../Web-modules/node_modules/vue/dist/vue.common.dev.js:4107:51)
      at mountComponent (../Web-modules/node_modules/vue/dist/vue.common.dev.js:2914:5)
      at VueComponent.Object.<anonymous>.Vue.$mount (../Web-modules/node_modules/vue/dist/vue.common.dev.js:9225:12)
      at VueComponent.Object.<anonymous>.Vue.$mount (../Web-modules/node_modules/vue/dist/vue.common.dev.js:11762:18)
      at init (../Web-modules/node_modules/vue/dist/vue.common.dev.js:4842:19)
      at createComponent (../Web-modules/node_modules/vue/dist/vue.common.dev.js:6500:17)
      at createElm (../Web-modules/node_modules/vue/dist/vue.common.dev.js:6454:13)
      at VueComponent.patch [as __patch__] (../Web-modules/node_modules/vue/dist/vue.common.dev.js:7002:13)
      at VueComponent.Vue._update (../Web-modules/node_modules/vue/dist/vue.common.dev.js:2787:25)
      at VueComponent.updateComponent (../Web-modules/node_modules/vue/dist/vue.common.dev.js:2897:16)
      at Watcher.get (../Web-modules/node_modules/vue/dist/vue.common.dev.js:4117:33)
      at new Watcher (../Web-modules/node_modules/vue/dist/vue.common.dev.js:4107:51)
      at mountComponent (../Web-modules/node_modules/vue/dist/vue.common.dev.js:2914:5)
      at VueComponent.Object.<anonymous>.Vue.$mount (../Web-modules/node_modules/vue/dist/vue.common.dev.js:9225:12)
      at VueComponent.Object.<anonymous>.Vue.$mount (../Web-modules/node_modules/vue/dist/vue.common.dev.js:11762:18)
      at mount (../Web-modules/node_modules/@vue/test-utils/dist/vue-test-utils.js:14067:21)
      at shallowMount (../Web-modules/node_modules/@vue/test-utils/dist/vue-test-utils.js:14093:10)
      at mountPage (test/workforce-schedule-page.test.js:43:22)
      at Object.<anonymous> (test/workforce-schedule-page.test.js:62:21)

    console.error
      [Vue warn]: Unknown custom element: <nuxt-link> - did you register the component correctly? For recursive components, make sure to provide the "name" option.
      
      found in
      
      ---> <AdminWorkforceSchedule>
             <Root>

      41 |
      42 | function mountPage () {
    > 43 |   return shallowMount(WorkforceSchedulePage, {
         |                      ^
      44 |     mocks: {
      45 |       $i: key => key,
      46 |       $store: {

      at warn$2 (../Web-modules/node_modules/vue/dist/vue.common.dev.js:5037:21)
      at createElm (../Web-modules/node_modules/vue/dist/vue.common.dev.js:6466:21)
      at createChildren (../Web-modules/node_modules/vue/dist/vue.common.dev.js:6573:17)
      at createElm (../Web-modules/node_modules/vue/dist/vue.common.dev.js:6477:13)
      at createChildren (../Web-modules/node_modules/vue/dist/vue.common.dev.js:6573:17)
      at createElm (../Web-modules/node_modules/vue/dist/vue.common.dev.js:6477:13)
      at createChildren (../Web-modules/node_modules/vue/dist/vue.common.dev.js:6573:17)
      at createElm (../Web-modules/node_modules/vue/dist/vue.common.dev.js:6477:13)
      at createChildren (../Web-modules/node_modules/vue/dist/vue.common.dev.js:6573:17)
      at createElm (../Web-modules/node_modules/vue/dist/vue.common.dev.js:6477:13)
      at VueComponent.patch [as __patch__] (../Web-modules/node_modules/vue/dist/vue.common.dev.js:7002:13)
      at VueComponent.Vue._update (../Web-modules/node_modules/vue/dist/vue.common.dev.js:2787:25)
      at VueComponent.updateComponent (../Web-modules/node_modules/vue/dist/vue.common.dev.js:2897:16)
      at Watcher.get (../Web-modules/node_modules/vue/dist/vue.common.dev.js:4117:33)
      at new Watcher (../Web-modules/node_modules/vue/dist/vue.common.dev.js:4107:51)
      at mountComponent (../Web-modules/node_modules/vue/dist/vue.common.dev.js:2914:5)
      at VueComponent.Object.<anonymous>.Vue.$mount (../Web-modules/node_modules/vue/dist/vue.common.dev.js:9225:12)
      at VueComponent.Object.<anonymous>.Vue.$mount (../Web-modules/node_modules/vue/dist/vue.common.dev.js:11762:18)
      at init (../Web-modules/node_modules/vue/dist/vue.common.dev.js:4842:19)
      at createComponent (../Web-modules/node_modules/vue/dist/vue.common.dev.js:6500:17)
      at createElm (../Web-modules/node_modules/vue/dist/vue.common.dev.js:6454:13)
      at VueComponent.patch [as __patch__] (../Web-modules/node_modules/vue/dist/vue.common.dev.js:7002:13)
      at VueComponent.Vue._update (../Web-modules/node_modules/vue/dist/vue.common.dev.js:2787:25)
      at VueComponent.updateComponent (../Web-modules/node_modules/vue/dist/vue.common.dev.js:2897:16)
      at Watcher.get (../Web-modules/node_modules/vue/dist/vue.common.dev.js:4117:33)
      at new Watcher (../Web-modules/node_modules/vue/dist/vue.common.dev.js:4107:51)
      at mountComponent (../Web-modules/node_modules/vue/dist/vue.common.dev.js:2914:5)
      at VueComponent.Object.<anonymous>.Vue.$mount (../Web-modules/node_modules/vue/dist/vue.common.dev.js:9225:12)
      at VueComponent.Object.<anonymous>.Vue.$mount (../Web-modules/node_modules/vue/dist/vue.common.dev.js:11762:18)
      at init (../Web-modules/node_modules/vue/dist/vue.common.dev.js:4842:19)
      at createComponent (../Web-modules/node_modules/vue/dist/vue.common.dev.js:6500:17)
      at createElm (../Web-modules/node_modules/vue/dist/vue.common.dev.js:6454:13)
      at VueComponent.patch [as __patch__] (../Web-modules/node_modules/vue/dist/vue.common.dev.js:7002:13)
      at VueComponent.Vue._update (../Web-modules/node_modules/vue/dist/vue.common.dev.js:2787:25)
      at VueComponent.updateComponent (../Web-modules/node_modules/vue/dist/vue.common.dev.js:2897:16)
      at Watcher.get (../Web-modules/node_modules/vue/dist/vue.common.dev.js:4117:33)
      at new Watcher (../Web-modules/node_modules/vue/dist/vue.common.dev.js:4107:51)
      at mountComponent (../Web-modules/node_modules/vue/dist/vue.common.dev.js:2914:5)
      at VueComponent.Object.<anonymous>.Vue.$mount (../Web-modules/node_modules/vue/dist/vue.common.dev.js:9225:12)
      at VueComponent.Object.<anonymous>.Vue.$mount (../Web-modules/node_modules/vue/dist/vue.common.dev.js:11762:18)
      at mount (../Web-modules/node_modules/@vue/test-utils/dist/vue-test-utils.js:14067:21)
      at shallowMount (../Web-modules/node_modules/@vue/test-utils/dist/vue-test-utils.js:14093:10)
      at mountPage (test/workforce-schedule-page.test.js:43:22)
      at Object.<anonymous> (test/workforce-schedule-page.test.js:68:5)

    console.error
      [Vue warn]: Unknown custom element: <nuxt-link> - did you register the component correctly? For recursive components, make sure to provide the "name" option.
      
      found in
      
      ---> <AdminWorkforceSchedule>
             <Root>

      41 |
      42 | function mountPage () {
    > 43 |   return shallowMount(WorkforceSchedulePage, {
         |                      ^
      44 |     mocks: {
      45 |       $i: key => key,
      46 |       $store: {

      at warn$2 (../Web-modules/node_modules/vue/dist/vue.common.dev.js:5037:21)
      at createElm (../Web-modules/node_modules/vue/dist/vue.common.dev.js:6466:21)
      at createChildren (../Web-modules/node_modules/vue/dist/vue.common.dev.js:6573:17)
      at createElm (../Web-modules/node_modules/vue/dist/vue.common.dev.js:6477:13)
      at createChildren (../Web-modules/node_modules/vue/dist/vue.common.dev.js:6573:17)
      at createElm (../Web-modules/node_modules/vue/dist/vue.common.dev.js:6477:13)
      at createChildren (../Web-modules/node_modules/vue/dist/vue.common.dev.js:6573:17)
      at createElm (../Web-modules/node_modules/vue/dist/vue.common.dev.js:6477:13)
      at createChildren (../Web-modules/node_modules/vue/dist/vue.common.dev.js:6573:17)
      at createElm (../Web-modules/node_modules/vue/dist/vue.common.dev.js:6477:13)
      at VueComponent.patch [as __patch__] (../Web-modules/node_modules/vue/dist/vue.common.dev.js:7002:13)
      at VueComponent.Vue._update (../Web-modules/node_modules/vue/dist/vue.common.dev.js:2787:25)
      at VueComponent.updateComponent (../Web-modules/node_modules/vue/dist/vue.common.dev.js:2897:16)
      at Watcher.get (../Web-modules/node_modules/vue/dist/vue.common.dev.js:4117:33)
      at new Watcher (../Web-modules/node_modules/vue/dist/vue.common.dev.js:4107:51)
      at mountComponent (../Web-modules/node_modules/vue/dist/vue.common.dev.js:2914:5)
      at VueComponent.Object.<anonymous>.Vue.$mount (../Web-modules/node_modules/vue/dist/vue.common.dev.js:9225:12)
      at VueComponent.Object.<anonymous>.Vue.$mount (../Web-modules/node_modules/vue/dist/vue.common.dev.js:11762:18)
      at init (../Web-modules/node_modules/vue/dist/vue.common.dev.js:4842:19)
      at createComponent (../Web-modules/node_modules/vue/dist/vue.common.dev.js:6500:17)
      at createElm (../Web-modules/node_modules/vue/dist/vue.common.dev.js:6454:13)
      at VueComponent.patch [as __patch__] (../Web-modules/node_modules/vue/dist/vue.common.dev.js:7002:13)
      at VueComponent.Vue._update (../Web-modules/node_modules/vue/dist/vue.common.dev.js:2787:25)
      at VueComponent.updateComponent (../Web-modules/node_modules/vue/dist/vue.common.dev.js:2897:16)
      at Watcher.get (../Web-modules/node_modules/vue/dist/vue.common.dev.js:4117:33)
      at new Watcher (../Web-modules/node_modules/vue/dist/vue.common.dev.js:4107:51)
      at mountComponent (../Web-modules/node_modules/vue/dist/vue.common.dev.js:2914:5)
      at VueComponent.Object.<anonymous>.Vue.$mount (../Web-modules/node_modules/vue/dist/vue.common.dev.js:9225:12)
      at VueComponent.Object.<anonymous>.Vue.$mount (../Web-modules/node_modules/vue/dist/vue.common.dev.js:11762:18)
      at init (../Web-modules/node_modules/vue/dist/vue.common.dev.js:4842:19)
      at createComponent (../Web-modules/node_modules/vue/dist/vue.common.dev.js:6500:17)
      at createElm (../Web-modules/node_modules/vue/dist/vue.common.dev.js:6454:13)
      at VueComponent.patch [as __patch__] (../Web-modules/node_modules/vue/dist/vue.common.dev.js:7002:13)
      at VueComponent.Vue._update (../Web-modules/node_modules/vue/dist/vue.common.dev.js:2787:25)
      at VueComponent.updateComponent (../Web-modules/node_modules/vue/dist/vue.common.dev.js:2897:16)
      at Watcher.get (../Web-modules/node_modules/vue/dist/vue.common.dev.js:4117:33)
      at new Watcher (../Web-modules/node_modules/vue/dist/vue.common.dev.js:4107:51)
      at mountComponent (../Web-modules/node_modules/vue/dist/vue.common.dev.js:2914:5)
      at VueComponent.Object.<anonymous>.Vue.$mount (../Web-modules/node_modules/vue/dist/vue.common.dev.js:9225:12)
      at VueComponent.Object.<anonymous>.Vue.$mount (../Web-modules/node_modules/vue/dist/vue.common.dev.js:11762:18)
      at mount (../Web-modules/node_modules/@vue/test-utils/dist/vue-test-utils.js:14067:21)
      at shallowMount (../Web-modules/node_modules/@vue/test-utils/dist/vue-test-utils.js:14093:10)
      at mountPage (test/workforce-schedule-page.test.js:43:22)
      at Object.<anonymous> (test/workforce-schedule-page.test.js:75:21)

    console.error
      [Vue warn]: Unknown custom element: <nuxt-link> - did you register the component correctly? For recursive components, make sure to provide the "name" option.
      
      found in
      
      ---> <AdminWorkforceSchedule>
             <Root>

      41 |
      42 | function mountPage () {
    > 43 |   return shallowMount(WorkforceSchedulePage, {
         |                      ^
      44 |     mocks: {
      45 |       $i: key => key,
      46 |       $store: {

      at warn$2 (../Web-modules/node_modules/vue/dist/vue.common.dev.js:5037:21)
      at createElm (../Web-modules/node_modules/vue/dist/vue.common.dev.js:6466:21)
      at createChildren (../Web-modules/node_modules/vue/dist/vue.common.dev.js:6573:17)
      at createElm (../Web-modules/node_modules/vue/dist/vue.common.dev.js:6477:13)
      at createChildren (../Web-modules/node_modules/vue/dist/vue.common.dev.js:6573:17)
      at createElm (../Web-modules/node_modules/vue/dist/vue.common.dev.js:6477:13)
      at createChildren (../Web-modules/node_modules/vue/dist/vue.common.dev.js:6573:17)
      at createElm (../Web-modules/node_modules/vue/dist/vue.common.dev.js:6477:13)
      at createChildren (../Web-modules/node_modules/vue/dist/vue.common.dev.js:6573:17)
      at createElm (../Web-modules/node_modules/vue/dist/vue.common.dev.js:6477:13)
      at VueComponent.patch [as __patch__] (../Web-modules/node_modules/vue/dist/vue.common.dev.js:7002:13)
      at VueComponent.Vue._update (../Web-modules/node_modules/vue/dist/vue.common.dev.js:2787:25)
      at VueComponent.updateComponent (../Web-modules/node_modules/vue/dist/vue.common.dev.js:2897:16)
      at Watcher.get (../Web-modules/node_modules/vue/dist/vue.common.dev.js:4117:33)
      at new Watcher (../Web-modules/node_modules/vue/dist/vue.common.dev.js:4107:51)
      at mountComponent (../Web-modules/node_modules/vue/dist/vue.common.dev.js:2914:5)
      at VueComponent.Object.<anonymous>.Vue.$mount (../Web-modules/node_modules/vue/dist/vue.common.dev.js:9225:12)
      at VueComponent.Object.<anonymous>.Vue.$mount (../Web-modules/node_modules/vue/dist/vue.common.dev.js:11762:18)
      at init (../Web-modules/node_modules/vue/dist/vue.common.dev.js:4842:19)
      at createComponent (../Web-modules/node_modules/vue/dist/vue.common.dev.js:6500:17)
      at createElm (../Web-modules/node_modules/vue/dist/vue.common.dev.js:6454:13)
      at VueComponent.patch [as __patch__] (../Web-modules/node_modules/vue/dist/vue.common.dev.js:7002:13)
      at VueComponent.Vue._update (../Web-modules/node_modules/vue/dist/vue.common.dev.js:2787:25)
      at VueComponent.updateComponent (../Web-modules/node_modules/vue/dist/vue.common.dev.js:2897:16)
      at Watcher.get (../Web-modules/node_modules/vue/dist/vue.common.dev.js:4117:33)
      at new Watcher (../Web-modules/node_modules/vue/dist/vue.common.dev.js:4107:51)
      at mountComponent (../Web-modules/node_modules/vue/dist/vue.common.dev.js:2914:5)
      at VueComponent.Object.<anonymous>.Vue.$mount (../Web-modules/node_modules/vue/dist/vue.common.dev.js:9225:12)
      at VueComponent.Object.<anonymous>.Vue.$mount (../Web-modules/node_modules/vue/dist/vue.common.dev.js:11762:18)
      at init (../Web-modules/node_modules/vue/dist/vue.common.dev.js:4842:19)
      at createComponent (../Web-modules/node_modules/vue/dist/vue.common.dev.js:6500:17)
      at createElm (../Web-modules/node_modules/vue/dist/vue.common.dev.js:6454:13)
      at VueComponent.patch [as __patch__] (../Web-modules/node_modules/vue/dist/vue.common.dev.js:7002:13)
      at VueComponent.Vue._update (../Web-modules/node_modules/vue/dist/vue.common.dev.js:2787:25)
      at VueComponent.updateComponent (../Web-modules/node_modules/vue/dist/vue.common.dev.js:2897:16)
      at Watcher.get (../Web-modules/node_modules/vue/dist/vue.common.dev.js:4117:33)
      at new Watcher (../Web-modules/node_modules/vue/dist/vue.common.dev.js:4107:51)
      at mountComponent (../Web-modules/node_modules/vue/dist/vue.common.dev.js:2914:5)
      at VueComponent.Object.<anonymous>.Vue.$mount (../Web-modules/node_modules/vue/dist/vue.common.dev.js:9225:12)
      at VueComponent.Object.<anonymous>.Vue.$mount (../Web-modules/node_modules/vue/dist/vue.common.dev.js:11762:18)
      at mount (../Web-modules/node_modules/@vue/test-utils/dist/vue-test-utils.js:14067:21)
      at shallowMount (../Web-modules/node_modules/@vue/test-utils/dist/vue-test-utils.js:14093:10)
      at mountPage (test/workforce-schedule-page.test.js:43:22)
      at Object.<anonymous> (test/workforce-schedule-page.test.js:89:21)

    console.error
      [Vue warn]: Unknown custom element: <nuxt-link> - did you register the component correctly? For recursive components, make sure to provide the "name" option.
      
      found in
      
      ---> <AdminWorkforceSchedule>
             <Root>

      41 |
      42 | function mountPage () {
    > 43 |   return shallowMount(WorkforceSchedulePage, {
         |                      ^
      44 |     mocks: {
      45 |       $i: key => key,
      46 |       $store: {

      at warn$2 (../Web-modules/node_modules/vue/dist/vue.common.dev.js:5037:21)
      at createElm (../Web-modules/node_modules/vue/dist/vue.common.dev.js:6466:21)
      at createChildren (../Web-modules/node_modules/vue/dist/vue.common.dev.js:6573:17)
      at createElm (../Web-modules/node_modules/vue/dist/vue.common.dev.js:6477:13)
      at createChildren (../Web-modules/node_modules/vue/dist/vue.common.dev.js:6573:17)
      at createElm (../Web-modules/node_modules/vue/dist/vue.common.dev.js:6477:13)
      at createChildren (../Web-modules/node_modules/vue/dist/vue.common.dev.js:6573:17)
      at createElm (../Web-modules/node_modules/vue/dist/vue.common.dev.js:6477:13)
      at createChildren (../Web-modules/node_modules/vue/dist/vue.common.dev.js:6573:17)
      at createElm (../Web-modules/node_modules/vue/dist/vue.common.dev.js:6477:13)
      at VueComponent.patch [as __patch__] (../Web-modules/node_modules/vue/dist/vue.common.dev.js:7002:13)
      at VueComponent.Vue._update (../Web-modules/node_modules/vue/dist/vue.common.dev.js:2787:25)
      at VueComponent.updateComponent (../Web-modules/node_modules/vue/dist/vue.common.dev.js:2897:16)
      at Watcher.get (../Web-modules/node_modules/vue/dist/vue.common.dev.js:4117:33)
      at new Watcher (../Web-modules/node_modules/vue/dist/vue.common.dev.js:4107:51)
      at mountComponent (../Web-modules/node_modules/vue/dist/vue.common.dev.js:2914:5)
      at VueComponent.Object.<anonymous>.Vue.$mount (../Web-modules/node_modules/vue/dist/vue.common.dev.js:9225:12)
      at VueComponent.Object.<anonymous>.Vue.$mount (../Web-modules/node_modules/vue/dist/vue.common.dev.js:11762:18)
      at init (../Web-modules/node_modules/vue/dist/vue.common.dev.js:4842:19)
      at createComponent (../Web-modules/node_modules/vue/dist/vue.common.dev.js:6500:17)
      at createElm (../Web-modules/node_modules/vue/dist/vue.common.dev.js:6454:13)
      at VueComponent.patch [as __patch__] (../Web-modules/node_modules/vue/dist/vue.common.dev.js:7002:13)
      at VueComponent.Vue._update (../Web-modules/node_modules/vue/dist/vue.common.dev.js:2787:25)
      at VueComponent.updateComponent (../Web-modules/node_modules/vue/dist/vue.common.dev.js:2897:16)
      at Watcher.get (../Web-modules/node_modules/vue/dist/vue.common.dev.js:4117:33)
      at new Watcher (../Web-modules/node_modules/vue/dist/vue.common.dev.js:4107:51)
      at mountComponent (../Web-modules/node_modules/vue/dist/vue.common.dev.js:2914:5)
      at VueComponent.Object.<anonymous>.Vue.$mount (../Web-modules/node_modules/vue/dist/vue.common.dev.js:9225:12)
      at VueComponent.Object.<anonymous>.Vue.$mount (../Web-modules/node_modules/vue/dist/vue.common.dev.js:11762:18)
      at init (../Web-modules/node_modules/vue/dist/vue.common.dev.js:4842:19)
      at createComponent (../Web-modules/node_modules/vue/dist/vue.common.dev.js:6500:17)
      at createElm (../Web-modules/node_modules/vue/dist/vue.common.dev.js:6454:13)
      at VueComponent.patch [as __patch__] (../Web-modules/node_modules/vue/dist/vue.common.dev.js:7002:13)
      at VueComponent.Vue._update (../Web-modules/node_modules/vue/dist/vue.common.dev.js:2787:25)
      at VueComponent.updateComponent (../Web-modules/node_modules/vue/dist/vue.common.dev.js:2897:16)
      at Watcher.get (../Web-modules/node_modules/vue/dist/vue.common.dev.js:4117:33)
      at new Watcher (../Web-modules/node_modules/vue/dist/vue.common.dev.js:4107:51)
      at mountComponent (../Web-modules/node_modules/vue/dist/vue.common.dev.js:2914:5)
      at VueComponent.Object.<anonymous>.Vue.$mount (../Web-modules/node_modules/vue/dist/vue.common.dev.js:9225:12)
      at VueComponent.Object.<anonymous>.Vue.$mount (../Web-modules/node_modules/vue/dist/vue.common.dev.js:11762:18)
      at mount (../Web-modules/node_modules/@vue/test-utils/dist/vue-test-utils.js:14067:21)
      at shallowMount (../Web-modules/node_modules/@vue/test-utils/dist/vue-test-utils.js:14093:10)
      at mountPage (test/workforce-schedule-page.test.js:43:22)
      at Object.<anonymous> (test/workforce-schedule-page.test.js:108:21)

    console.error
      [Vue warn]: Unknown custom element: <nuxt-link> - did you register the component correctly? For recursive components, make sure to provide the "name" option.
      
      found in
      
      ---> <AdminWorkforceSchedule>
             <Root>

      41 |
      42 | function mountPage () {
    > 43 |   return shallowMount(WorkforceSchedulePage, {
         |                      ^
      44 |     mocks: {
      45 |       $i: key => key,
      46 |       $store: {

      at warn$2 (../Web-modules/node_modules/vue/dist/vue.common.dev.js:5037:21)
      at createElm (../Web-modules/node_modules/vue/dist/vue.common.dev.js:6466:21)
      at createChildren (../Web-modules/node_modules/vue/dist/vue.common.dev.js:6573:17)
      at createElm (../Web-modules/node_modules/vue/dist/vue.common.dev.js:6477:13)
      at createChildren (../Web-modules/node_modules/vue/dist/vue.common.dev.js:6573:17)
      at createElm (../Web-modules/node_modules/vue/dist/vue.common.dev.js:6477:13)
      at createChildren (../Web-modules/node_modules/vue/dist/vue.common.dev.js:6573:17)
      at createElm (../Web-modules/node_modules/vue/dist/vue.common.dev.js:6477:13)
      at createChildren (../Web-modules/node_modules/vue/dist/vue.common.dev.js:6573:17)
      at createElm (../Web-modules/node_modules/vue/dist/vue.common.dev.js:6477:13)
      at VueComponent.patch [as __patch__] (../Web-modules/node_modules/vue/dist/vue.common.dev.js:7002:13)
      at VueComponent.Vue._update (../Web-modules/node_modules/vue/dist/vue.common.dev.js:2787:25)
      at VueComponent.updateComponent (../Web-modules/node_modules/vue/dist/vue.common.dev.js:2897:16)
      at Watcher.get (../Web-modules/node_modules/vue/dist/vue.common.dev.js:4117:33)
      at new Watcher (../Web-modules/node_modules/vue/dist/vue.common.dev.js:4107:51)
      at mountComponent (../Web-modules/node_modules/vue/dist/vue.common.dev.js:2914:5)
      at VueComponent.Object.<anonymous>.Vue.$mount (../Web-modules/node_modules/vue/dist/vue.common.dev.js:9225:12)
      at VueComponent.Object.<anonymous>.Vue.$mount (../Web-modules/node_modules/vue/dist/vue.common.dev.js:11762:18)
      at init (../Web-modules/node_modules/vue/dist/vue.common.dev.js:4842:19)
      at createComponent (../Web-modules/node_modules/vue/dist/vue.common.dev.js:6500:17)
      at createElm (../Web-modules/node_modules/vue/dist/vue.common.dev.js:6454:13)
      at VueComponent.patch [as __patch__] (../Web-modules/node_modules/vue/dist/vue.common.dev.js:7002:13)
      at VueComponent.Vue._update (../Web-modules/node_modules/vue/dist/vue.common.dev.js:2787:25)
      at VueComponent.updateComponent (../Web-modules/node_modules/vue/dist/vue.common.dev.js:2897:16)
      at Watcher.get (../Web-modules/node_modules/vue/dist/vue.common.dev.js:4117:33)
      at new Watcher (../Web-modules/node_modules/vue/dist/vue.common.dev.js:4107:51)
      at mountComponent (../Web-modules/node_modules/vue/dist/vue.common.dev.js:2914:5)
      at VueComponent.Object.<anonymous>.Vue.$mount (../Web-modules/node_modules/vue/dist/vue.common.dev.js:9225:12)
      at VueComponent.Object.<anonymous>.Vue.$mount (../Web-modules/node_modules/vue/dist/vue.common.dev.js:11762:18)
      at init (../Web-modules/node_modules/vue/dist/vue.common.dev.js:4842:19)
      at createComponent (../Web-modules/node_modules/vue/dist/vue.common.dev.js:6500:17)
      at createElm (../Web-modules/node_modules/vue/dist/vue.common.dev.js:6454:13)
      at VueComponent.patch [as __patch__] (../Web-modules/node_modules/vue/dist/vue.common.dev.js:7002:13)
      at VueComponent.Vue._update (../Web-modules/node_modules/vue/dist/vue.common.dev.js:2787:25)
      at VueComponent.updateComponent (../Web-modules/node_modules/vue/dist/vue.common.dev.js:2897:16)
      at Watcher.get (../Web-modules/node_modules/vue/dist/vue.common.dev.js:4117:33)
      at new Watcher (../Web-modules/node_modules/vue/dist/vue.common.dev.js:4107:51)
      at mountComponent (../Web-modules/node_modules/vue/dist/vue.common.dev.js:2914:5)
      at VueComponent.Object.<anonymous>.Vue.$mount (../Web-modules/node_modules/vue/dist/vue.common.dev.js:9225:12)
      at VueComponent.Object.<anonymous>.Vue.$mount (../Web-modules/node_modules/vue/dist/vue.common.dev.js:11762:18)
      at mount (../Web-modules/node_modules/@vue/test-utils/dist/vue-test-utils.js:14067:21)
      at shallowMount (../Web-modules/node_modules/@vue/test-utils/dist/vue-test-utils.js:14093:10)
      at mountPage (test/workforce-schedule-page.test.js:43:22)
      at Object.<anonymous> (test/workforce-schedule-page.test.js:126:21)

    console.error
      [Vue warn]: Unknown custom element: <nuxt-link> - did you register the component correctly? For recursive components, make sure to provide the "name" option.
      
      found in
      
      ---> <AdminWorkforceSchedule>
             <Root>

      41 |
      42 | function mountPage () {
    > 43 |   return shallowMount(WorkforceSchedulePage, {
         |                      ^
      44 |     mocks: {
      45 |       $i: key => key,
      46 |       $store: {

      at warn$2 (../Web-modules/node_modules/vue/dist/vue.common.dev.js:5037:21)
      at createElm (../Web-modules/node_modules/vue/dist/vue.common.dev.js:6466:21)
      at createChildren (../Web-modules/node_modules/vue/dist/vue.common.dev.js:6573:17)
      at createElm (../Web-modules/node_modules/vue/dist/vue.common.dev.js:6477:13)
      at createChildren (../Web-modules/node_modules/vue/dist/vue.common.dev.js:6573:17)
      at createElm (../Web-modules/node_modules/vue/dist/vue.common.dev.js:6477:13)
      at createChildren (../Web-modules/node_modules/vue/dist/vue.common.dev.js:6573:17)
      at createElm (../Web-modules/node_modules/vue/dist/vue.common.dev.js:6477:13)
      at createChildren (../Web-modules/node_modules/vue/dist/vue.common.dev.js:6573:17)
      at createElm (../Web-modules/node_modules/vue/dist/vue.common.dev.js:6477:13)
      at VueComponent.patch [as __patch__] (../Web-modules/node_modules/vue/dist/vue.common.dev.js:7002:13)
      at VueComponent.Vue._update (../Web-modules/node_modules/vue/dist/vue.common.dev.js:2787:25)
      at VueComponent.updateComponent (../Web-modules/node_modules/vue/dist/vue.common.dev.js:2897:16)
      at Watcher.get (../Web-modules/node_modules/vue/dist/vue.common.dev.js:4117:33)
      at new Watcher (../Web-modules/node_modules/vue/dist/vue.common.dev.js:4107:51)
      at mountComponent (../Web-modules/node_modules/vue/dist/vue.common.dev.js:2914:5)
      at VueComponent.Object.<anonymous>.Vue.$mount (../Web-modules/node_modules/vue/dist/vue.common.dev.js:9225:12)
      at VueComponent.Object.<anonymous>.Vue.$mount (../Web-modules/node_modules/vue/dist/vue.common.dev.js:11762:18)
      at init (../Web-modules/node_modules/vue/dist/vue.common.dev.js:4842:19)
      at createComponent (../Web-modules/node_modules/vue/dist/vue.common.dev.js:6500:17)
      at createElm (../Web-modules/node_modules/vue/dist/vue.common.dev.js:6454:13)
      at VueComponent.patch [as __patch__] (../Web-modules/node_modules/vue/dist/vue.common.dev.js:7002:13)
      at VueComponent.Vue._update (../Web-modules/node_modules/vue/dist/vue.common.dev.js:2787:25)
      at VueComponent.updateComponent (../Web-modules/node_modules/vue/dist/vue.common.dev.js:2897:16)
      at Watcher.get (../Web-modules/node_modules/vue/dist/vue.common.dev.js:4117:33)
      at new Watcher (../Web-modules/node_modules/vue/dist/vue.common.dev.js:4107:51)
      at mountComponent (../Web-modules/node_modules/vue/dist/vue.common.dev.js:2914:5)
      at VueComponent.Object.<anonymous>.Vue.$mount (../Web-modules/node_modules/vue/dist/vue.common.dev.js:9225:12)
      at VueComponent.Object.<anonymous>.Vue.$mount (../Web-modules/node_modules/vue/dist/vue.common.dev.js:11762:18)
      at init (../Web-modules/node_modules/vue/dist/vue.common.dev.js:4842:19)
      at createComponent (../Web-modules/node_modules/vue/dist/vue.common.dev.js:6500:17)
      at createElm (../Web-modules/node_modules/vue/dist/vue.common.dev.js:6454:13)
      at VueComponent.patch [as __patch__] (../Web-modules/node_modules/vue/dist/vue.common.dev.js:7002:13)
      at VueComponent.Vue._update (../Web-modules/node_modules/vue/dist/vue.common.dev.js:2787:25)
      at VueComponent.updateComponent (../Web-modules/node_modules/vue/dist/vue.common.dev.js:2897:16)
      at Watcher.get (../Web-modules/node_modules/vue/dist/vue.common.dev.js:4117:33)
      at new Watcher (../Web-modules/node_modules/vue/dist/vue.common.dev.js:4107:51)
      at mountComponent (../Web-modules/node_modules/vue/dist/vue.common.dev.js:2914:5)
      at VueComponent.Object.<anonymous>.Vue.$mount (../Web-modules/node_modules/vue/dist/vue.common.dev.js:9225:12)
      at VueComponent.Object.<anonymous>.Vue.$mount (../Web-modules/node_modules/vue/dist/vue.common.dev.js:11762:18)
      at mount (../Web-modules/node_modules/@vue/test-utils/dist/vue-test-utils.js:14067:21)
      at shallowMount (../Web-modules/node_modules/@vue/test-utils/dist/vue-test-utils.js:14093:10)
      at mountPage (test/workforce-schedule-page.test.js:43:22)
      at Object.<anonymous> (test/workforce-schedule-page.test.js:145:21)

    console.error
      [Vue warn]: Unknown custom element: <nuxt-link> - did you register the component correctly? For recursive components, make sure to provide the "name" option.
      
      found in
      
      ---> <AdminWorkforceSchedule>
             <Root>

      41 |
      42 | function mountPage () {
    > 43 |   return shallowMount(WorkforceSchedulePage, {
         |                      ^
      44 |     mocks: {
      45 |       $i: key => key,
      46 |       $store: {

      at warn$2 (../Web-modules/node_modules/vue/dist/vue.common.dev.js:5037:21)
      at createElm (../Web-modules/node_modules/vue/dist/vue.common.dev.js:6466:21)
      at createChildren (../Web-modules/node_modules/vue/dist/vue.common.dev.js:6573:17)
      at createElm (../Web-modules/node_modules/vue/dist/vue.common.dev.js:6477:13)
      at createChildren (../Web-modules/node_modules/vue/dist/vue.common.dev.js:6573:17)
      at createElm (../Web-modules/node_modules/vue/dist/vue.common.dev.js:6477:13)
      at createChildren (../Web-modules/node_modules/vue/dist/vue.common.dev.js:6573:17)
      at createElm (../Web-modules/node_modules/vue/dist/vue.common.dev.js:6477:13)
      at createChildren (../Web-modules/node_modules/vue/dist/vue.common.dev.js:6573:17)
      at createElm (../Web-modules/node_modules/vue/dist/vue.common.dev.js:6477:13)
      at VueComponent.patch [as __patch__] (../Web-modules/node_modules/vue/dist/vue.common.dev.js:7002:13)
      at VueComponent.Vue._update (../Web-modules/node_modules/vue/dist/vue.common.dev.js:2787:25)
      at VueComponent.updateComponent (../Web-modules/node_modules/vue/dist/vue.common.dev.js:2897:16)
      at Watcher.get (../Web-modules/node_modules/vue/dist/vue.common.dev.js:4117:33)
      at new Watcher (../Web-modules/node_modules/vue/dist/vue.common.dev.js:4107:51)
      at mountComponent (../Web-modules/node_modules/vue/dist/vue.common.dev.js:2914:5)
      at VueComponent.Object.<anonymous>.Vue.$mount (../Web-modules/node_modules/vue/dist/vue.common.dev.js:9225:12)
      at VueComponent.Object.<anonymous>.Vue.$mount (../Web-modules/node_modules/vue/dist/vue.common.dev.js:11762:18)
      at init (../Web-modules/node_modules/vue/dist/vue.common.dev.js:4842:19)
      at createComponent (../Web-modules/node_modules/vue/dist/vue.common.dev.js:6500:17)
      at createElm (../Web-modules/node_modules/vue/dist/vue.common.dev.js:6454:13)
      at VueComponent.patch [as __patch__] (../Web-modules/node_modules/vue/dist/vue.common.dev.js:7002:13)
      at VueComponent.Vue._update (../Web-modules/node_modules/vue/dist/vue.common.dev.js:2787:25)
      at VueComponent.updateComponent (../Web-modules/node_modules/vue/dist/vue.common.dev.js:2897:16)
      at Watcher.get (../Web-modules/node_modules/vue/dist/vue.common.dev.js:4117:33)
      at new Watcher (../Web-modules/node_modules/vue/dist/vue.common.dev.js:4107:51)
      at mountComponent (../Web-modules/node_modules/vue/dist/vue.common.dev.js:2914:5)
      at VueComponent.Object.<anonymous>.Vue.$mount (../Web-modules/node_modules/vue/dist/vue.common.dev.js:9225:12)
      at VueComponent.Object.<anonymous>.Vue.$mount (../Web-modules/node_modules/vue/dist/vue.common.dev.js:11762:18)
      at init (../Web-modules/node_modules/vue/dist/vue.common.dev.js:4842:19)
      at createComponent (../Web-modules/node_modules/vue/dist/vue.common.dev.js:6500:17)
      at createElm (../Web-modules/node_modules/vue/dist/vue.common.dev.js:6454:13)
      at VueComponent.patch [as __patch__] (../Web-modules/node_modules/vue/dist/vue.common.dev.js:7002:13)
      at VueComponent.Vue._update (../Web-modules/node_modules/vue/dist/vue.common.dev.js:2787:25)
      at VueComponent.updateComponent (../Web-modules/node_modules/vue/dist/vue.common.dev.js:2897:16)
      at Watcher.get (../Web-modules/node_modules/vue/dist/vue.common.dev.js:4117:33)
      at new Watcher (../Web-modules/node_modules/vue/dist/vue.common.dev.js:4107:51)
      at mountComponent (../Web-modules/node_modules/vue/dist/vue.common.dev.js:2914:5)
      at VueComponent.Object.<anonymous>.Vue.$mount (../Web-modules/node_modules/vue/dist/vue.common.dev.js:9225:12)
      at VueComponent.Object.<anonymous>.Vue.$mount (../Web-modules/node_modules/vue/dist/vue.common.dev.js:11762:18)
      at mount (../Web-modules/node_modules/@vue/test-utils/dist/vue-test-utils.js:14067:21)
      at shallowMount (../Web-modules/node_modules/@vue/test-utils/dist/vue-test-utils.js:14093:10)
      at mountPage (test/workforce-schedule-page.test.js:43:22)
      at Object.<anonymous> (test/workforce-schedule-page.test.js:156:21)

PASS test/margin-menu-margin-panel.component.test.js
PASS test/events-guest.test.js
PASS test/training-journey.test.js
PASS test/modal-scroll-lock.test.js
PASS test/reservations-combined-table-conflict.test.js
  ● Console

    console.error
      [Vue warn]: Unknown custom element: <NuxtLink> - did you register the component correctly? For recursive components, make sure to provide the "name" option.
      
      found in
      
      ---> <AdminReservations>
             <Root>

      81 | // the conflict rule — `fromApi` and `checkConflict` are the code under test.
      82 | function mountPage (dayReservations) {
    > 83 |   const wrapper = shallowMount(ReservationsPage, {
         |                               ^
      84 |     mocks: {
      85 |       $i,
      86 |       $store: {

      at warn$2 (../Web-modules/node_modules/vue/dist/vue.common.dev.js:5037:21)
      at createElm (../Web-modules/node_modules/vue/dist/vue.common.dev.js:6466:21)
      at createChildren (../Web-modules/node_modules/vue/dist/vue.common.dev.js:6573:17)
      at createElm (../Web-modules/node_modules/vue/dist/vue.common.dev.js:6477:13)
      at createChildren (../Web-modules/node_modules/vue/dist/vue.common.dev.js:6573:17)
      at createElm (../Web-modules/node_modules/vue/dist/vue.common.dev.js:6477:13)
      at createChildren (../Web-modules/node_modules/vue/dist/vue.common.dev.js:6573:17)
      at createElm (../Web-modules/node_modules/vue/dist/vue.common.dev.js:6477:13)
      at VueComponent.patch [as __patch__] (../Web-modules/node_modules/vue/dist/vue.common.dev.js:7002:13)
      at VueComponent.Vue._update (../Web-modules/node_modules/vue/dist/vue.common.dev.js:2787:25)
      at VueComponent.updateComponent (../Web-modules/node_modules/vue/dist/vue.common.dev.js:2897:16)
      at Watcher.get (../Web-modules/node_modules/vue/dist/vue.common.dev.js:4117:33)
      at new Watcher (../Web-modules/node_modules/vue/dist/vue.common.dev.js:4107:51)
      at mountComponent (../Web-modules/node_modules/vue/dist/vue.common.dev.js:2914:5)
      at VueComponent.Object.<anonymous>.Vue.$mount (../Web-modules/node_modules/vue/dist/vue.common.dev.js:9225:12)
      at VueComponent.Object.<anonymous>.Vue.$mount (../Web-modules/node_modules/vue/dist/vue.common.dev.js:11762:18)
      at init (../Web-modules/node_modules/vue/dist/vue.common.dev.js:4842:19)
      at createComponent (../Web-modules/node_modules/vue/dist/vue.common.dev.js:6500:17)
      at createElm (../Web-modules/node_modules/vue/dist/vue.common.dev.js:6454:13)
      at VueComponent.patch [as __patch__] (../Web-modules/node_modules/vue/dist/vue.common.dev.js:7002:13)
      at VueComponent.Vue._update (../Web-modules/node_modules/vue/dist/vue.common.dev.js:2787:25)
      at VueComponent.updateComponent (../Web-modules/node_modules/vue/dist/vue.common.dev.js:2897:16)
      at Watcher.get (../Web-modules/node_modules/vue/dist/vue.common.dev.js:4117:33)
      at new Watcher (../Web-modules/node_modules/vue/dist/vue.common.dev.js:4107:51)
      at mountComponent (../Web-modules/node_modules/vue/dist/vue.common.dev.js:2914:5)
      at VueComponent.Object.<anonymous>.Vue.$mount (../Web-modules/node_modules/vue/dist/vue.common.dev.js:9225:12)
      at VueComponent.Object.<anonymous>.Vue.$mount (../Web-modules/node_modules/vue/dist/vue.common.dev.js:11762:18)
      at init (../Web-modules/node_modules/vue/dist/vue.common.dev.js:4842:19)
      at createComponent (../Web-modules/node_modules/vue/dist/vue.common.dev.js:6500:17)
      at createElm (../Web-modules/node_modules/vue/dist/vue.common.dev.js:6454:13)
      at VueComponent.patch [as __patch__] (../Web-modules/node_modules/vue/dist/vue.common.dev.js:7002:13)
      at VueComponent.Vue._update (../Web-modules/node_modules/vue/dist/vue.common.dev.js:2787:25)
      at VueComponent.updateComponent (../Web-modules/node_modules/vue/dist/vue.common.dev.js:2897:16)
      at Watcher.get (../Web-modules/node_modules/vue/dist/vue.common.dev.js:4117:33)
      at new Watcher (../Web-modules/node_modules/vue/dist/vue.common.dev.js:4107:51)
      at mountComponent (../Web-modules/node_modules/vue/dist/vue.common.dev.js:2914:5)
      at VueComponent.Object.<anonymous>.Vue.$mount (../Web-modules/node_modules/vue/dist/vue.common.dev.js:9225:12)
      at VueComponent.Object.<anonymous>.Vue.$mount (../Web-modules/node_modules/vue/dist/vue.common.dev.js:11762:18)
      at mount (../Web-modules/node_modules/@vue/test-utils/dist/vue-test-utils.js:14067:21)
      at shallowMount (../Web-modules/node_modules/@vue/test-utils/dist/vue-test-utils.js:14093:10)
      at mountPage (test/reservations-combined-table-conflict.test.js:83:31)
      at Object.<anonymous> (test/reservations-combined-table-conflict.test.js:113:21)

    console.error
      [Vue warn]: Unknown custom element: <NuxtLink> - did you register the component correctly? For recursive components, make sure to provide the "name" option.
      
      found in
      
      ---> <AdminReservations>
             <Root>

      81 | // the conflict rule — `fromApi` and `checkConflict` are the code under test.
      82 | function mountPage (dayReservations) {
    > 83 |   const wrapper = shallowMount(ReservationsPage, {
         |                               ^
      84 |     mocks: {
      85 |       $i,
      86 |       $store: {

      at warn$2 (../Web-modules/node_modules/vue/dist/vue.common.dev.js:5037:21)
      at createElm (../Web-modules/node_modules/vue/dist/vue.common.dev.js:6466:21)
      at createChildren (../Web-modules/node_modules/vue/dist/vue.common.dev.js:6573:17)
      at createElm (../Web-modules/node_modules/vue/dist/vue.common.dev.js:6477:13)
      at createChildren (../Web-modules/node_modules/vue/dist/vue.common.dev.js:6573:17)
      at createElm (../Web-modules/node_modules/vue/dist/vue.common.dev.js:6477:13)
      at createChildren (../Web-modules/node_modules/vue/dist/vue.common.dev.js:6573:17)
      at createElm (../Web-modules/node_modules/vue/dist/vue.common.dev.js:6477:13)
      at VueComponent.patch [as __patch__] (../Web-modules/node_modules/vue/dist/vue.common.dev.js:7002:13)
      at VueComponent.Vue._update (../Web-modules/node_modules/vue/dist/vue.common.dev.js:2787:25)
      at VueComponent.updateComponent (../Web-modules/node_modules/vue/dist/vue.common.dev.js:2897:16)
      at Watcher.get (../Web-modules/node_modules/vue/dist/vue.common.dev.js:4117:33)
      at new Watcher (../Web-modules/node_modules/vue/dist/vue.common.dev.js:4107:51)
      at mountComponent (../Web-modules/node_modules/vue/dist/vue.common.dev.js:2914:5)
      at VueComponent.Object.<anonymous>.Vue.$mount (../Web-modules/node_modules/vue/dist/vue.common.dev.js:9225:12)
      at VueComponent.Object.<anonymous>.Vue.$mount (../Web-modules/node_modules/vue/dist/vue.common.dev.js:11762:18)
      at init (../Web-modules/node_modules/vue/dist/vue.common.dev.js:4842:19)
      at createComponent (../Web-modules/node_modules/vue/dist/vue.common.dev.js:6500:17)
      at createElm (../Web-modules/node_modules/vue/dist/vue.common.dev.js:6454:13)
      at VueComponent.patch [as __patch__] (../Web-modules/node_modules/vue/dist/vue.common.dev.js:7002:13)
      at VueComponent.Vue._update (../Web-modules/node_modules/vue/dist/vue.common.dev.js:2787:25)
      at VueComponent.updateComponent (../Web-modules/node_modules/vue/dist/vue.common.dev.js:2897:16)
      at Watcher.get (../Web-modules/node_modules/vue/dist/vue.common.dev.js:4117:33)
      at new Watcher (../Web-modules/node_modules/vue/dist/vue.common.dev.js:4107:51)
      at mountComponent (../Web-modules/node_modules/vue/dist/vue.common.dev.js:2914:5)
      at VueComponent.Object.<anonymous>.Vue.$mount (../Web-modules/node_modules/vue/dist/vue.common.dev.js:9225:12)
      at VueComponent.Object.<anonymous>.Vue.$mount (../Web-modules/node_modules/vue/dist/vue.common.dev.js:11762:18)
      at init (../Web-modules/node_modules/vue/dist/vue.common.dev.js:4842:19)
      at createComponent (../Web-modules/node_modules/vue/dist/vue.common.dev.js:6500:17)
      at createElm (../Web-modules/node_modules/vue/dist/vue.common.dev.js:6454:13)
      at VueComponent.patch [as __patch__] (../Web-modules/node_modules/vue/dist/vue.common.dev.js:7002:13)
      at VueComponent.Vue._update (../Web-modules/node_modules/vue/dist/vue.common.dev.js:2787:25)
      at VueComponent.updateComponent (../Web-modules/node_modules/vue/dist/vue.common.dev.js:2897:16)
      at Watcher.get (../Web-modules/node_modules/vue/dist/vue.common.dev.js:4117:33)
      at new Watcher (../Web-modules/node_modules/vue/dist/vue.common.dev.js:4107:51)
      at mountComponent (../Web-modules/node_modules/vue/dist/vue.common.dev.js:2914:5)
      at VueComponent.Object.<anonymous>.Vue.$mount (../Web-modules/node_modules/vue/dist/vue.common.dev.js:9225:12)
      at VueComponent.Object.<anonymous>.Vue.$mount (../Web-modules/node_modules/vue/dist/vue.common.dev.js:11762:18)
      at mount (../Web-modules/node_modules/@vue/test-utils/dist/vue-test-utils.js:14067:21)
      at shallowMount (../Web-modules/node_modules/@vue/test-utils/dist/vue-test-utils.js:14093:10)
      at mountPage (test/reservations-combined-table-conflict.test.js:83:31)
      at Object.<anonymous> (test/reservations-combined-table-conflict.test.js:126:21)

    console.error
      [Vue warn]: Unknown custom element: <NuxtLink> - did you register the component correctly? For recursive components, make sure to provide the "name" option.
      
      found in
      
      ---> <AdminReservations>
             <Root>

      81 | // the conflict rule — `fromApi` and `checkConflict` are the code under test.
      82 | function mountPage (dayReservations) {
    > 83 |   const wrapper = shallowMount(ReservationsPage, {
         |                               ^
      84 |     mocks: {
      85 |       $i,
      86 |       $store: {

      at warn$2 (../Web-modules/node_modules/vue/dist/vue.common.dev.js:5037:21)
      at createElm (../Web-modules/node_modules/vue/dist/vue.common.dev.js:6466:21)
      at createChildren (../Web-modules/node_modules/vue/dist/vue.common.dev.js:6573:17)
      at createElm (../Web-modules/node_modules/vue/dist/vue.common.dev.js:6477:13)
      at createChildren (../Web-modules/node_modules/vue/dist/vue.common.dev.js:6573:17)
      at createElm (../Web-modules/node_modules/vue/dist/vue.common.dev.js:6477:13)
      at createChildren (../Web-modules/node_modules/vue/dist/vue.common.dev.js:6573:17)
      at createElm (../Web-modules/node_modules/vue/dist/vue.common.dev.js:6477:13)
      at VueComponent.patch [as __patch__] (../Web-modules/node_modules/vue/dist/vue.common.dev.js:7002:13)
      at VueComponent.Vue._update (../Web-modules/node_modules/vue/dist/vue.common.dev.js:2787:25)
      at VueComponent.updateComponent (../Web-modules/node_modules/vue/dist/vue.common.dev.js:2897:16)
      at Watcher.get (../Web-modules/node_modules/vue/dist/vue.common.dev.js:4117:33)
      at new Watcher (../Web-modules/node_modules/vue/dist/vue.common.dev.js:4107:51)
      at mountComponent (../Web-modules/node_modules/vue/dist/vue.common.dev.js:2914:5)
      at VueComponent.Object.<anonymous>.Vue.$mount (../Web-modules/node_modules/vue/dist/vue.common.dev.js:9225:12)
      at VueComponent.Object.<anonymous>.Vue.$mount (../Web-modules/node_modules/vue/dist/vue.common.dev.js:11762:18)
      at init (../Web-modules/node_modules/vue/dist/vue.common.dev.js:4842:19)
      at createComponent (../Web-modules/node_modules/vue/dist/vue.common.dev.js:6500:17)
      at createElm (../Web-modules/node_modules/vue/dist/vue.common.dev.js:6454:13)
      at VueComponent.patch [as __patch__] (../Web-modules/node_modules/vue/dist/vue.common.dev.js:7002:13)
      at VueComponent.Vue._update (../Web-modules/node_modules/vue/dist/vue.common.dev.js:2787:25)
      at VueComponent.updateComponent (../Web-modules/node_modules/vue/dist/vue.common.dev.js:2897:16)
      at Watcher.get (../Web-modules/node_modules/vue/dist/vue.common.dev.js:4117:33)
      at new Watcher (../Web-modules/node_modules/vue/dist/vue.common.dev.js:4107:51)
      at mountComponent (../Web-modules/node_modules/vue/dist/vue.common.dev.js:2914:5)
      at VueComponent.Object.<anonymous>.Vue.$mount (../Web-modules/node_modules/vue/dist/vue.common.dev.js:9225:12)
      at VueComponent.Object.<anonymous>.Vue.$mount (../Web-modules/node_modules/vue/dist/vue.common.dev.js:11762:18)
      at init (../Web-modules/node_modules/vue/dist/vue.common.dev.js:4842:19)
      at createComponent (../Web-modules/node_modules/vue/dist/vue.common.dev.js:6500:17)
      at createElm (../Web-modules/node_modules/vue/dist/vue.common.dev.js:6454:13)
      at VueComponent.patch [as __patch__] (../Web-modules/node_modules/vue/dist/vue.common.dev.js:7002:13)
      at VueComponent.Vue._update (../Web-modules/node_modules/vue/dist/vue.common.dev.js:2787:25)
      at VueComponent.updateComponent (../Web-modules/node_modules/vue/dist/vue.common.dev.js:2897:16)
      at Watcher.get (../Web-modules/node_modules/vue/dist/vue.common.dev.js:4117:33)
      at new Watcher (../Web-modules/node_modules/vue/dist/vue.common.dev.js:4107:51)
      at mountComponent (../Web-modules/node_modules/vue/dist/vue.common.dev.js:2914:5)
      at VueComponent.Object.<anonymous>.Vue.$mount (../Web-modules/node_modules/vue/dist/vue.common.dev.js:9225:12)
      at VueComponent.Object.<anonymous>.Vue.$mount (../Web-modules/node_modules/vue/dist/vue.common.dev.js:11762:18)
      at mount (../Web-modules/node_modules/@vue/test-utils/dist/vue-test-utils.js:14067:21)
      at shallowMount (../Web-modules/node_modules/@vue/test-utils/dist/vue-test-utils.js:14093:10)
      at mountPage (test/reservations-combined-table-conflict.test.js:83:31)
      at Object.<anonymous> (test/reservations-combined-table-conflict.test.js:136:21)

    console.error
      [Vue warn]: Unknown custom element: <NuxtLink> - did you register the component correctly? For recursive components, make sure to provide the "name" option.
      
      found in
      
      ---> <AdminReservations>
             <Root>

      81 | // the conflict rule — `fromApi` and `checkConflict` are the code under test.
      82 | function mountPage (dayReservations) {
    > 83 |   const wrapper = shallowMount(ReservationsPage, {
         |                               ^
      84 |     mocks: {
      85 |       $i,
      86 |       $store: {

      at warn$2 (../Web-modules/node_modules/vue/dist/vue.common.dev.js:5037:21)
      at createElm (../Web-modules/node_modules/vue/dist/vue.common.dev.js:6466:21)
      at createChildren (../Web-modules/node_modules/vue/dist/vue.common.dev.js:6573:17)
      at createElm (../Web-modules/node_modules/vue/dist/vue.common.dev.js:6477:13)
      at createChildren (../Web-modules/node_modules/vue/dist/vue.common.dev.js:6573:17)
      at createElm (../Web-modules/node_modules/vue/dist/vue.common.dev.js:6477:13)
      at createChildren (../Web-modules/node_modules/vue/dist/vue.common.dev.js:6573:17)
      at createElm (../Web-modules/node_modules/vue/dist/vue.common.dev.js:6477:13)
      at VueComponent.patch [as __patch__] (../Web-modules/node_modules/vue/dist/vue.common.dev.js:7002:13)
      at VueComponent.Vue._update (../Web-modules/node_modules/vue/dist/vue.common.dev.js:2787:25)
      at VueComponent.updateComponent (../Web-modules/node_modules/vue/dist/vue.common.dev.js:2897:16)
      at Watcher.get (../Web-modules/node_modules/vue/dist/vue.common.dev.js:4117:33)
      at new Watcher (../Web-modules/node_modules/vue/dist/vue.common.dev.js:4107:51)
      at mountComponent (../Web-modules/node_modules/vue/dist/vue.common.dev.js:2914:5)
      at VueComponent.Object.<anonymous>.Vue.$mount (../Web-modules/node_modules/vue/dist/vue.common.dev.js:9225:12)
      at VueComponent.Object.<anonymous>.Vue.$mount (../Web-modules/node_modules/vue/dist/vue.common.dev.js:11762:18)
      at init (../Web-modules/node_modules/vue/dist/vue.common.dev.js:4842:19)
      at createComponent (../Web-modules/node_modules/vue/dist/vue.common.dev.js:6500:17)
      at createElm (../Web-modules/node_modules/vue/dist/vue.common.dev.js:6454:13)
      at VueComponent.patch [as __patch__] (../Web-modules/node_modules/vue/dist/vue.common.dev.js:7002:13)
      at VueComponent.Vue._update (../Web-modules/node_modules/vue/dist/vue.common.dev.js:2787:25)
      at VueComponent.updateComponent (../Web-modules/node_modules/vue/dist/vue.common.dev.js:2897:16)
      at Watcher.get (../Web-modules/node_modules/vue/dist/vue.common.dev.js:4117:33)
      at new Watcher (../Web-modules/node_modules/vue/dist/vue.common.dev.js:4107:51)
      at mountComponent (../Web-modules/node_modules/vue/dist/vue.common.dev.js:2914:5)
      at VueComponent.Object.<anonymous>.Vue.$mount (../Web-modules/node_modules/vue/dist/vue.common.dev.js:9225:12)
      at VueComponent.Object.<anonymous>.Vue.$mount (../Web-modules/node_modules/vue/dist/vue.common.dev.js:11762:18)
      at init (../Web-modules/node_modules/vue/dist/vue.common.dev.js:4842:19)
      at createComponent (../Web-modules/node_modules/vue/dist/vue.common.dev.js:6500:17)
      at createElm (../Web-modules/node_modules/vue/dist/vue.common.dev.js:6454:13)
      at VueComponent.patch [as __patch__] (../Web-modules/node_modules/vue/dist/vue.common.dev.js:7002:13)
      at VueComponent.Vue._update (../Web-modules/node_modules/vue/dist/vue.common.dev.js:2787:25)
      at VueComponent.updateComponent (../Web-modules/node_modules/vue/dist/vue.common.dev.js:2897:16)
      at Watcher.get (../Web-modules/node_modules/vue/dist/vue.common.dev.js:4117:33)
      at new Watcher (../Web-modules/node_modules/vue/dist/vue.common.dev.js:4107:51)
      at mountComponent (../Web-modules/node_modules/vue/dist/vue.common.dev.js:2914:5)
      at VueComponent.Object.<anonymous>.Vue.$mount (../Web-modules/node_modules/vue/dist/vue.common.dev.js:9225:12)
      at VueComponent.Object.<anonymous>.Vue.$mount (../Web-modules/node_modules/vue/dist/vue.common.dev.js:11762:18)
      at mount (../Web-modules/node_modules/@vue/test-utils/dist/vue-test-utils.js:14067:21)
      at shallowMount (../Web-modules/node_modules/@vue/test-utils/dist/vue-test-utils.js:14093:10)
      at mountPage (test/reservations-combined-table-conflict.test.js:83:31)
      at Object.<anonymous> (test/reservations-combined-table-conflict.test.js:144:21)

    console.error
      [Vue warn]: Unknown custom element: <NuxtLink> - did you register the component correctly? For recursive components, make sure to provide the "name" option.
      
      found in
      
      ---> <AdminReservations>
             <Root>

      81 | // the conflict rule — `fromApi` and `checkConflict` are the code under test.
      82 | function mountPage (dayReservations) {
    > 83 |   const wrapper = shallowMount(ReservationsPage, {
         |                               ^
      84 |     mocks: {
      85 |       $i,
      86 |       $store: {

      at warn$2 (../Web-modules/node_modules/vue/dist/vue.common.dev.js:5037:21)
      at createElm (../Web-modules/node_modules/vue/dist/vue.common.dev.js:6466:21)
      at createChildren (../Web-modules/node_modules/vue/dist/vue.common.dev.js:6573:17)
      at createElm (../Web-modules/node_modules/vue/dist/vue.common.dev.js:6477:13)
      at createChildren (../Web-modules/node_modules/vue/dist/vue.common.dev.js:6573:17)
      at createElm (../Web-modules/node_modules/vue/dist/vue.common.dev.js:6477:13)
      at createChildren (../Web-modules/node_modules/vue/dist/vue.common.dev.js:6573:17)
      at createElm (../Web-modules/node_modules/vue/dist/vue.common.dev.js:6477:13)
      at VueComponent.patch [as __patch__] (../Web-modules/node_modules/vue/dist/vue.common.dev.js:7002:13)
      at VueComponent.Vue._update (../Web-modules/node_modules/vue/dist/vue.common.dev.js:2787:25)
      at VueComponent.updateComponent (../Web-modules/node_modules/vue/dist/vue.common.dev.js:2897:16)
      at Watcher.get (../Web-modules/node_modules/vue/dist/vue.common.dev.js:4117:33)
      at new Watcher (../Web-modules/node_modules/vue/dist/vue.common.dev.js:4107:51)
      at mountComponent (../Web-modules/node_modules/vue/dist/vue.common.dev.js:2914:5)
      at VueComponent.Object.<anonymous>.Vue.$mount (../Web-modules/node_modules/vue/dist/vue.common.dev.js:9225:12)
      at VueComponent.Object.<anonymous>.Vue.$mount (../Web-modules/node_modules/vue/dist/vue.common.dev.js:11762:18)
      at init (../Web-modules/node_modules/vue/dist/vue.common.dev.js:4842:19)
      at createComponent (../Web-modules/node_modules/vue/dist/vue.common.dev.js:6500:17)
      at createElm (../Web-modules/node_modules/vue/dist/vue.common.dev.js:6454:13)
      at VueComponent.patch [as __patch__] (../Web-modules/node_modules/vue/dist/vue.common.dev.js:7002:13)
      at VueComponent.Vue._update (../Web-modules/node_modules/vue/dist/vue.common.dev.js:2787:25)
      at VueComponent.updateComponent (../Web-modules/node_modules/vue/dist/vue.common.dev.js:2897:16)
      at Watcher.get (../Web-modules/node_modules/vue/dist/vue.common.dev.js:4117:33)
      at new Watcher (../Web-modules/node_modules/vue/dist/vue.common.dev.js:4107:51)
      at mountComponent (../Web-modules/node_modules/vue/dist/vue.common.dev.js:2914:5)
      at VueComponent.Object.<anonymous>.Vue.$mount (../Web-modules/node_modules/vue/dist/vue.common.dev.js:9225:12)
      at VueComponent.Object.<anonymous>.Vue.$mount (../Web-modules/node_modules/vue/dist/vue.common.dev.js:11762:18)
      at init (../Web-modules/node_modules/vue/dist/vue.common.dev.js:4842:19)
      at createComponent (../Web-modules/node_modules/vue/dist/vue.common.dev.js:6500:17)
      at createElm (../Web-modules/node_modules/vue/dist/vue.common.dev.js:6454:13)
      at VueComponent.patch [as __patch__] (../Web-modules/node_modules/vue/dist/vue.common.dev.js:7002:13)
      at VueComponent.Vue._update (../Web-modules/node_modules/vue/dist/vue.common.dev.js:2787:25)
      at VueComponent.updateComponent (../Web-modules/node_modules/vue/dist/vue.common.dev.js:2897:16)
      at Watcher.get (../Web-modules/node_modules/vue/dist/vue.common.dev.js:4117:33)
      at new Watcher (../Web-modules/node_modules/vue/dist/vue.common.dev.js:4107:51)
      at mountComponent (../Web-modules/node_modules/vue/dist/vue.common.dev.js:2914:5)
      at VueComponent.Object.<anonymous>.Vue.$mount (../Web-modules/node_modules/vue/dist/vue.common.dev.js:9225:12)
      at VueComponent.Object.<anonymous>.Vue.$mount (../Web-modules/node_modules/vue/dist/vue.common.dev.js:11762:18)
      at mount (../Web-modules/node_modules/@vue/test-utils/dist/vue-test-utils.js:14067:21)
      at shallowMount (../Web-modules/node_modules/@vue/test-utils/dist/vue-test-utils.js:14093:10)
      at mountPage (test/reservations-combined-table-conflict.test.js:83:31)
      at Object.<anonymous> (test/reservations-combined-table-conflict.test.js:154:21)

    console.error
      [Vue warn]: Unknown custom element: <NuxtLink> - did you register the component correctly? For recursive components, make sure to provide the "name" option.
      
      found in
      
      ---> <AdminReservations>
             <Root>

      81 | // the conflict rule — `fromApi` and `checkConflict` are the code under test.
      82 | function mountPage (dayReservations) {
    > 83 |   const wrapper = shallowMount(ReservationsPage, {
         |                               ^
      84 |     mocks: {
      85 |       $i,
      86 |       $store: {

      at warn$2 (../Web-modules/node_modules/vue/dist/vue.common.dev.js:5037:21)
      at createElm (../Web-modules/node_modules/vue/dist/vue.common.dev.js:6466:21)
      at createChildren (../Web-modules/node_modules/vue/dist/vue.common.dev.js:6573:17)
      at createElm (../Web-modules/node_modules/vue/dist/vue.common.dev.js:6477:13)
      at createChildren (../Web-modules/node_modules/vue/dist/vue.common.dev.js:6573:17)
      at createElm (../Web-modules/node_modules/vue/dist/vue.common.dev.js:6477:13)
      at createChildren (../Web-modules/node_modules/vue/dist/vue.common.dev.js:6573:17)
      at createElm (../Web-modules/node_modules/vue/dist/vue.common.dev.js:6477:13)
      at VueComponent.patch [as __patch__] (../Web-modules/node_modules/vue/dist/vue.common.dev.js:7002:13)
      at VueComponent.Vue._update (../Web-modules/node_modules/vue/dist/vue.common.dev.js:2787:25)
      at VueComponent.updateComponent (../Web-modules/node_modules/vue/dist/vue.common.dev.js:2897:16)
      at Watcher.get (../Web-modules/node_modules/vue/dist/vue.common.dev.js:4117:33)
      at new Watcher (../Web-modules/node_modules/vue/dist/vue.common.dev.js:4107:51)
      at mountComponent (../Web-modules/node_modules/vue/dist/vue.common.dev.js:2914:5)
      at VueComponent.Object.<anonymous>.Vue.$mount (../Web-modules/node_modules/vue/dist/vue.common.dev.js:9225:12)
      at VueComponent.Object.<anonymous>.Vue.$mount (../Web-modules/node_modules/vue/dist/vue.common.dev.js:11762:18)
      at init (../Web-modules/node_modules/vue/dist/vue.common.dev.js:4842:19)
      at createComponent (../Web-modules/node_modules/vue/dist/vue.common.dev.js:6500:17)
      at createElm (../Web-modules/node_modules/vue/dist/vue.common.dev.js:6454:13)
      at VueComponent.patch [as __patch__] (../Web-modules/node_modules/vue/dist/vue.common.dev.js:7002:13)
      at VueComponent.Vue._update (../Web-modules/node_modules/vue/dist/vue.common.dev.js:2787:25)
      at VueComponent.updateComponent (../Web-modules/node_modules/vue/dist/vue.common.dev.js:2897:16)
      at Watcher.get (../Web-modules/node_modules/vue/dist/vue.common.dev.js:4117:33)
      at new Watcher (../Web-modules/node_modules/vue/dist/vue.common.dev.js:4107:51)
      at mountComponent (../Web-modules/node_modules/vue/dist/vue.common.dev.js:2914:5)
      at VueComponent.Object.<anonymous>.Vue.$mount (../Web-modules/node_modules/vue/dist/vue.common.dev.js:9225:12)
      at VueComponent.Object.<anonymous>.Vue.$mount (../Web-modules/node_modules/vue/dist/vue.common.dev.js:11762:18)
      at init (../Web-modules/node_modules/vue/dist/vue.common.dev.js:4842:19)
      at createComponent (../Web-modules/node_modules/vue/dist/vue.common.dev.js:6500:17)
      at createElm (../Web-modules/node_modules/vue/dist/vue.common.dev.js:6454:13)
      at VueComponent.patch [as __patch__] (../Web-modules/node_modules/vue/dist/vue.common.dev.js:7002:13)
      at VueComponent.Vue._update (../Web-modules/node_modules/vue/dist/vue.common.dev.js:2787:25)
      at VueComponent.updateComponent (../Web-modules/node_modules/vue/dist/vue.common.dev.js:2897:16)
      at Watcher.get (../Web-modules/node_modules/vue/dist/vue.common.dev.js:4117:33)
      at new Watcher (../Web-modules/node_modules/vue/dist/vue.common.dev.js:4107:51)
      at mountComponent (../Web-modules/node_modules/vue/dist/vue.common.dev.js:2914:5)
      at VueComponent.Object.<anonymous>.Vue.$mount (../Web-modules/node_modules/vue/dist/vue.common.dev.js:9225:12)
      at VueComponent.Object.<anonymous>.Vue.$mount (../Web-modules/node_modules/vue/dist/vue.common.dev.js:11762:18)
      at mount (../Web-modules/node_modules/@vue/test-utils/dist/vue-test-utils.js:14067:21)
      at shallowMount (../Web-modules/node_modules/@vue/test-utils/dist/vue-test-utils.js:14093:10)
      at mountPage (test/reservations-combined-table-conflict.test.js:83:31)
      at Object.<anonymous> (test/reservations-combined-table-conflict.test.js:166:21)

    console.error
      [Vue warn]: Unknown custom element: <NuxtLink> - did you register the component correctly? For recursive components, make sure to provide the "name" option.
      
      found in
      
      ---> <AdminReservations>
             <Root>

      81 | // the conflict rule — `fromApi` and `checkConflict` are the code under test.
      82 | function mountPage (dayReservations) {
    > 83 |   const wrapper = shallowMount(ReservationsPage, {
         |                               ^
      84 |     mocks: {
      85 |       $i,
      86 |       $store: {

      at warn$2 (../Web-modules/node_modules/vue/dist/vue.common.dev.js:5037:21)
      at createElm (../Web-modules/node_modules/vue/dist/vue.common.dev.js:6466:21)
      at createChildren (../Web-modules/node_modules/vue/dist/vue.common.dev.js:6573:17)
      at createElm (../Web-modules/node_modules/vue/dist/vue.common.dev.js:6477:13)
      at createChildren (../Web-modules/node_modules/vue/dist/vue.common.dev.js:6573:17)
      at createElm (../Web-modules/node_modules/vue/dist/vue.common.dev.js:6477:13)
      at createChildren (../Web-modules/node_modules/vue/dist/vue.common.dev.js:6573:17)
      at createElm (../Web-modules/node_modules/vue/dist/vue.common.dev.js:6477:13)
      at VueComponent.patch [as __patch__] (../Web-modules/node_modules/vue/dist/vue.common.dev.js:7002:13)
      at VueComponent.Vue._update (../Web-modules/node_modules/vue/dist/vue.common.dev.js:2787:25)
      at VueComponent.updateComponent (../Web-modules/node_modules/vue/dist/vue.common.dev.js:2897:16)
      at Watcher.get (../Web-modules/node_modules/vue/dist/vue.common.dev.js:4117:33)
      at new Watcher (../Web-modules/node_modules/vue/dist/vue.common.dev.js:4107:51)
      at mountComponent (../Web-modules/node_modules/vue/dist/vue.common.dev.js:2914:5)
      at VueComponent.Object.<anonymous>.Vue.$mount (../Web-modules/node_modules/vue/dist/vue.common.dev.js:9225:12)
      at VueComponent.Object.<anonymous>.Vue.$mount (../Web-modules/node_modules/vue/dist/vue.common.dev.js:11762:18)
      at init (../Web-modules/node_modules/vue/dist/vue.common.dev.js:4842:19)
      at createComponent (../Web-modules/node_modules/vue/dist/vue.common.dev.js:6500:17)
      at createElm (../Web-modules/node_modules/vue/dist/vue.common.dev.js:6454:13)
      at VueComponent.patch [as __patch__] (../Web-modules/node_modules/vue/dist/vue.common.dev.js:7002:13)
      at VueComponent.Vue._update (../Web-modules/node_modules/vue/dist/vue.common.dev.js:2787:25)
      at VueComponent.updateComponent (../Web-modules/node_modules/vue/dist/vue.common.dev.js:2897:16)
      at Watcher.get (../Web-modules/node_modules/vue/dist/vue.common.dev.js:4117:33)
      at new Watcher (../Web-modules/node_modules/vue/dist/vue.common.dev.js:4107:51)
      at mountComponent (../Web-modules/node_modules/vue/dist/vue.common.dev.js:2914:5)
      at VueComponent.Object.<anonymous>.Vue.$mount (../Web-modules/node_modules/vue/dist/vue.common.dev.js:9225:12)
      at VueComponent.Object.<anonymous>.Vue.$mount (../Web-modules/node_modules/vue/dist/vue.common.dev.js:11762:18)
      at init (../Web-modules/node_modules/vue/dist/vue.common.dev.js:4842:19)
      at createComponent (../Web-modules/node_modules/vue/dist/vue.common.dev.js:6500:17)
      at createElm (../Web-modules/node_modules/vue/dist/vue.common.dev.js:6454:13)
      at VueComponent.patch [as __patch__] (../Web-modules/node_modules/vue/dist/vue.common.dev.js:7002:13)
      at VueComponent.Vue._update (../Web-modules/node_modules/vue/dist/vue.common.dev.js:2787:25)
      at VueComponent.updateComponent (../Web-modules/node_modules/vue/dist/vue.common.dev.js:2897:16)
      at Watcher.get (../Web-modules/node_modules/vue/dist/vue.common.dev.js:4117:33)
      at new Watcher (../Web-modules/node_modules/vue/dist/vue.common.dev.js:4107:51)
      at mountComponent (../Web-modules/node_modules/vue/dist/vue.common.dev.js:2914:5)
      at VueComponent.Object.<anonymous>.Vue.$mount (../Web-modules/node_modules/vue/dist/vue.common.dev.js:9225:12)
      at VueComponent.Object.<anonymous>.Vue.$mount (../Web-modules/node_modules/vue/dist/vue.common.dev.js:11762:18)
      at mount (../Web-modules/node_modules/@vue/test-utils/dist/vue-test-utils.js:14067:21)
      at shallowMount (../Web-modules/node_modules/@vue/test-utils/dist/vue-test-utils.js:14093:10)
      at mountPage (test/reservations-combined-table-conflict.test.js:83:31)
      at Object.<anonymous> (test/reservations-combined-table-conflict.test.js:176:21)

    console.error
      [Vue warn]: Unknown custom element: <NuxtLink> - did you register the component correctly? For recursive components, make sure to provide the "name" option.
      
      found in
      
      ---> <AdminReservations>
             <Root>

      81 | // the conflict rule — `fromApi` and `checkConflict` are the code under test.
      82 | function mountPage (dayReservations) {
    > 83 |   const wrapper = shallowMount(ReservationsPage, {
         |                               ^
      84 |     mocks: {
      85 |       $i,
      86 |       $store: {

      at warn$2 (../Web-modules/node_modules/vue/dist/vue.common.dev.js:5037:21)
      at createElm (../Web-modules/node_modules/vue/dist/vue.common.dev.js:6466:21)
      at createChildren (../Web-modules/node_modules/vue/dist/vue.common.dev.js:6573:17)
      at createElm (../Web-modules/node_modules/vue/dist/vue.common.dev.js:6477:13)
      at createChildren (../Web-modules/node_modules/vue/dist/vue.common.dev.js:6573:17)
      at createElm (../Web-modules/node_modules/vue/dist/vue.common.dev.js:6477:13)
      at createChildren (../Web-modules/node_modules/vue/dist/vue.common.dev.js:6573:17)
      at createElm (../Web-modules/node_modules/vue/dist/vue.common.dev.js:6477:13)
      at VueComponent.patch [as __patch__] (../Web-modules/node_modules/vue/dist/vue.common.dev.js:7002:13)
      at VueComponent.Vue._update (../Web-modules/node_modules/vue/dist/vue.common.dev.js:2787:25)
      at VueComponent.updateComponent (../Web-modules/node_modules/vue/dist/vue.common.dev.js:2897:16)
      at Watcher.get (../Web-modules/node_modules/vue/dist/vue.common.dev.js:4117:33)
      at new Watcher (../Web-modules/node_modules/vue/dist/vue.common.dev.js:4107:51)
      at mountComponent (../Web-modules/node_modules/vue/dist/vue.common.dev.js:2914:5)
      at VueComponent.Object.<anonymous>.Vue.$mount (../Web-modules/node_modules/vue/dist/vue.common.dev.js:9225:12)
      at VueComponent.Object.<anonymous>.Vue.$mount (../Web-modules/node_modules/vue/dist/vue.common.dev.js:11762:18)
      at init (../Web-modules/node_modules/vue/dist/vue.common.dev.js:4842:19)
      at createComponent (../Web-modules/node_modules/vue/dist/vue.common.dev.js:6500:17)
      at createElm (../Web-modules/node_modules/vue/dist/vue.common.dev.js:6454:13)
      at VueComponent.patch [as __patch__] (../Web-modules/node_modules/vue/dist/vue.common.dev.js:7002:13)
      at VueComponent.Vue._update (../Web-modules/node_modules/vue/dist/vue.common.dev.js:2787:25)
      at VueComponent.updateComponent (../Web-modules/node_modules/vue/dist/vue.common.dev.js:2897:16)
      at Watcher.get (../Web-modules/node_modules/vue/dist/vue.common.dev.js:4117:33)
      at new Watcher (../Web-modules/node_modules/vue/dist/vue.common.dev.js:4107:51)
      at mountComponent (../Web-modules/node_modules/vue/dist/vue.common.dev.js:2914:5)
      at VueComponent.Object.<anonymous>.Vue.$mount (../Web-modules/node_modules/vue/dist/vue.common.dev.js:9225:12)
      at VueComponent.Object.<anonymous>.Vue.$mount (../Web-modules/node_modules/vue/dist/vue.common.dev.js:11762:18)
      at init (../Web-modules/node_modules/vue/dist/vue.common.dev.js:4842:19)
      at createComponent (../Web-modules/node_modules/vue/dist/vue.common.dev.js:6500:17)
      at createElm (../Web-modules/node_modules/vue/dist/vue.common.dev.js:6454:13)
      at VueComponent.patch [as __patch__] (../Web-modules/node_modules/vue/dist/vue.common.dev.js:7002:13)
      at VueComponent.Vue._update (../Web-modules/node_modules/vue/dist/vue.common.dev.js:2787:25)
      at VueComponent.updateComponent (../Web-modules/node_modules/vue/dist/vue.common.dev.js:2897:16)
      at Watcher.get (../Web-modules/node_modules/vue/dist/vue.common.dev.js:4117:33)
      at new Watcher (../Web-modules/node_modules/vue/dist/vue.common.dev.js:4107:51)
      at mountComponent (../Web-modules/node_modules/vue/dist/vue.common.dev.js:2914:5)
      at VueComponent.Object.<anonymous>.Vue.$mount (../Web-modules/node_modules/vue/dist/vue.common.dev.js:9225:12)
      at VueComponent.Object.<anonymous>.Vue.$mount (../Web-modules/node_modules/vue/dist/vue.common.dev.js:11762:18)
      at mount (../Web-modules/node_modules/@vue/test-utils/dist/vue-test-utils.js:14067:21)
      at shallowMount (../Web-modules/node_modules/@vue/test-utils/dist/vue-test-utils.js:14093:10)
      at mountPage (test/reservations-combined-table-conflict.test.js:83:31)
      at Object.<anonymous> (test/reservations-combined-table-conflict.test.js:221:18)

    console.error
      [Vue warn]: Unknown custom element: <NuxtLink> - did you register the component correctly? For recursive components, make sure to provide the "name" option.
      
      found in
      
      ---> <AdminReservations>
             <Root>

      81 | // the conflict rule — `fromApi` and `checkConflict` are the code under test.
      82 | function mountPage (dayReservations) {
    > 83 |   const wrapper = shallowMount(ReservationsPage, {
         |                               ^
      84 |     mocks: {
      85 |       $i,
      86 |       $store: {

      at warn$2 (../Web-modules/node_modules/vue/dist/vue.common.dev.js:5037:21)
      at createElm (../Web-modules/node_modules/vue/dist/vue.common.dev.js:6466:21)
      at createChildren (../Web-modules/node_modules/vue/dist/vue.common.dev.js:6573:17)
      at createElm (../Web-modules/node_modules/vue/dist/vue.common.dev.js:6477:13)
      at createChildren (../Web-modules/node_modules/vue/dist/vue.common.dev.js:6573:17)
      at createElm (../Web-modules/node_modules/vue/dist/vue.common.dev.js:6477:13)
      at createChildren (../Web-modules/node_modules/vue/dist/vue.common.dev.js:6573:17)
      at createElm (../Web-modules/node_modules/vue/dist/vue.common.dev.js:6477:13)
      at VueComponent.patch [as __patch__] (../Web-modules/node_modules/vue/dist/vue.common.dev.js:7002:13)
      at VueComponent.Vue._update (../Web-modules/node_modules/vue/dist/vue.common.dev.js:2787:25)
      at VueComponent.updateComponent (../Web-modules/node_modules/vue/dist/vue.common.dev.js:2897:16)
      at Watcher.get (../Web-modules/node_modules/vue/dist/vue.common.dev.js:4117:33)
      at new Watcher (../Web-modules/node_modules/vue/dist/vue.common.dev.js:4107:51)
      at mountComponent (../Web-modules/node_modules/vue/dist/vue.common.dev.js:2914:5)
      at VueComponent.Object.<anonymous>.Vue.$mount (../Web-modules/node_modules/vue/dist/vue.common.dev.js:9225:12)
      at VueComponent.Object.<anonymous>.Vue.$mount (../Web-modules/node_modules/vue/dist/vue.common.dev.js:11762:18)
      at init (../Web-modules/node_modules/vue/dist/vue.common.dev.js:4842:19)
      at createComponent (../Web-modules/node_modules/vue/dist/vue.common.dev.js:6500:17)
      at createElm (../Web-modules/node_modules/vue/dist/vue.common.dev.js:6454:13)
      at VueComponent.patch [as __patch__] (../Web-modules/node_modules/vue/dist/vue.common.dev.js:7002:13)
      at VueComponent.Vue._update (../Web-modules/node_modules/vue/dist/vue.common.dev.js:2787:25)
      at VueComponent.updateComponent (../Web-modules/node_modules/vue/dist/vue.common.dev.js:2897:16)
      at Watcher.get (../Web-modules/node_modules/vue/dist/vue.common.dev.js:4117:33)
      at new Watcher (../Web-modules/node_modules/vue/dist/vue.common.dev.js:4107:51)
      at mountComponent (../Web-modules/node_modules/vue/dist/vue.common.dev.js:2914:5)
      at VueComponent.Object.<anonymous>.Vue.$mount (../Web-modules/node_modules/vue/dist/vue.common.dev.js:9225:12)
      at VueComponent.Object.<anonymous>.Vue.$mount (../Web-modules/node_modules/vue/dist/vue.common.dev.js:11762:18)
      at init (../Web-modules/node_modules/vue/dist/vue.common.dev.js:4842:19)
      at createComponent (../Web-modules/node_modules/vue/dist/vue.common.dev.js:6500:17)
      at createElm (../Web-modules/node_modules/vue/dist/vue.common.dev.js:6454:13)
      at VueComponent.patch [as __patch__] (../Web-modules/node_modules/vue/dist/vue.common.dev.js:7002:13)
      at VueComponent.Vue._update (../Web-modules/node_modules/vue/dist/vue.common.dev.js:2787:25)
      at VueComponent.updateComponent (../Web-modules/node_modules/vue/dist/vue.common.dev.js:2897:16)
      at Watcher.get (../Web-modules/node_modules/vue/dist/vue.common.dev.js:4117:33)
      at new Watcher (../Web-modules/node_modules/vue/dist/vue.common.dev.js:4107:51)
      at mountComponent (../Web-modules/node_modules/vue/dist/vue.common.dev.js:2914:5)
      at VueComponent.Object.<anonymous>.Vue.$mount (../Web-modules/node_modules/vue/dist/vue.common.dev.js:9225:12)
      at VueComponent.Object.<anonymous>.Vue.$mount (../Web-modules/node_modules/vue/dist/vue.common.dev.js:11762:18)
      at mount (../Web-modules/node_modules/@vue/test-utils/dist/vue-test-utils.js:14067:21)
      at shallowMount (../Web-modules/node_modules/@vue/test-utils/dist/vue-test-utils.js:14093:10)
      at mountPage (test/reservations-combined-table-conflict.test.js:83:31)
      at Object.<anonymous> (test/reservations-combined-table-conflict.test.js:232:18)

    console.error
      [Vue warn]: Unknown custom element: <NuxtLink> - did you register the component correctly? For recursive components, make sure to provide the "name" option.
      
      found in
      
      ---> <AdminReservations>
             <Root>

      81 | // the conflict rule — `fromApi` and `checkConflict` are the code under test.
      82 | function mountPage (dayReservations) {
    > 83 |   const wrapper = shallowMount(ReservationsPage, {
         |                               ^
      84 |     mocks: {
      85 |       $i,
      86 |       $store: {

      at warn$2 (../Web-modules/node_modules/vue/dist/vue.common.dev.js:5037:21)
      at createElm (../Web-modules/node_modules/vue/dist/vue.common.dev.js:6466:21)
      at createChildren (../Web-modules/node_modules/vue/dist/vue.common.dev.js:6573:17)
      at createElm (../Web-modules/node_modules/vue/dist/vue.common.dev.js:6477:13)
      at createChildren (../Web-modules/node_modules/vue/dist/vue.common.dev.js:6573:17)
      at createElm (../Web-modules/node_modules/vue/dist/vue.common.dev.js:6477:13)
      at createChildren (../Web-modules/node_modules/vue/dist/vue.common.dev.js:6573:17)
      at createElm (../Web-modules/node_modules/vue/dist/vue.common.dev.js:6477:13)
      at VueComponent.patch [as __patch__] (../Web-modules/node_modules/vue/dist/vue.common.dev.js:7002:13)
      at VueComponent.Vue._update (../Web-modules/node_modules/vue/dist/vue.common.dev.js:2787:25)
      at VueComponent.updateComponent (../Web-modules/node_modules/vue/dist/vue.common.dev.js:2897:16)
      at Watcher.get (../Web-modules/node_modules/vue/dist/vue.common.dev.js:4117:33)
      at new Watcher (../Web-modules/node_modules/vue/dist/vue.common.dev.js:4107:51)
      at mountComponent (../Web-modules/node_modules/vue/dist/vue.common.dev.js:2914:5)
      at VueComponent.Object.<anonymous>.Vue.$mount (../Web-modules/node_modules/vue/dist/vue.common.dev.js:9225:12)
      at VueComponent.Object.<anonymous>.Vue.$mount (../Web-modules/node_modules/vue/dist/vue.common.dev.js:11762:18)
      at init (../Web-modules/node_modules/vue/dist/vue.common.dev.js:4842:19)
      at createComponent (../Web-modules/node_modules/vue/dist/vue.common.dev.js:6500:17)
      at createElm (../Web-modules/node_modules/vue/dist/vue.common.dev.js:6454:13)
      at VueComponent.patch [as __patch__] (../Web-modules/node_modules/vue/dist/vue.common.dev.js:7002:13)
      at VueComponent.Vue._update (../Web-modules/node_modules/vue/dist/vue.common.dev.js:2787:25)
      at VueComponent.updateComponent (../Web-modules/node_modules/vue/dist/vue.common.dev.js:2897:16)
      at Watcher.get (../Web-modules/node_modules/vue/dist/vue.common.dev.js:4117:33)
      at new Watcher (../Web-modules/node_modules/vue/dist/vue.common.dev.js:4107:51)
      at mountComponent (../Web-modules/node_modules/vue/dist/vue.common.dev.js:2914:5)
      at VueComponent.Object.<anonymous>.Vue.$mount (../Web-modules/node_modules/vue/dist/vue.common.dev.js:9225:12)
      at VueComponent.Object.<anonymous>.Vue.$mount (../Web-modules/node_modules/vue/dist/vue.common.dev.js:11762:18)
      at init (../Web-modules/node_modules/vue/dist/vue.common.dev.js:4842:19)
      at createComponent (../Web-modules/node_modules/vue/dist/vue.common.dev.js:6500:17)
      at createElm (../Web-modules/node_modules/vue/dist/vue.common.dev.js:6454:13)
      at VueComponent.patch [as __patch__] (../Web-modules/node_modules/vue/dist/vue.common.dev.js:7002:13)
      at VueComponent.Vue._update (../Web-modules/node_modules/vue/dist/vue.common.dev.js:2787:25)
      at VueComponent.updateComponent (../Web-modules/node_modules/vue/dist/vue.common.dev.js:2897:16)
      at Watcher.get (../Web-modules/node_modules/vue/dist/vue.common.dev.js:4117:33)
      at new Watcher (../Web-modules/node_modules/vue/dist/vue.common.dev.js:4107:51)
      at mountComponent (../Web-modules/node_modules/vue/dist/vue.common.dev.js:2914:5)
      at VueComponent.Object.<anonymous>.Vue.$mount (../Web-modules/node_modules/vue/dist/vue.common.dev.js:9225:12)
      at VueComponent.Object.<anonymous>.Vue.$mount (../Web-modules/node_modules/vue/dist/vue.common.dev.js:11762:18)
      at mount (../Web-modules/node_modules/@vue/test-utils/dist/vue-test-utils.js:14067:21)
      at shallowMount (../Web-modules/node_modules/@vue/test-utils/dist/vue-test-utils.js:14093:10)
      at mountPage (test/reservations-combined-table-conflict.test.js:83:31)
      at Object.<anonymous> (test/reservations-combined-table-conflict.test.js:242:18)

    console.error
      [Vue warn]: Unknown custom element: <NuxtLink> - did you register the component correctly? For recursive components, make sure to provide the "name" option.
      
      found in
      
      ---> <AdminReservations>
             <Root>

      81 | // the conflict rule — `fromApi` and `checkConflict` are the code under test.
      82 | function mountPage (dayReservations) {
    > 83 |   const wrapper = shallowMount(ReservationsPage, {
         |                               ^
      84 |     mocks: {
      85 |       $i,
      86 |       $store: {

      at warn$2 (../Web-modules/node_modules/vue/dist/vue.common.dev.js:5037:21)
      at createElm (../Web-modules/node_modules/vue/dist/vue.common.dev.js:6466:21)
      at createChildren (../Web-modules/node_modules/vue/dist/vue.common.dev.js:6573:17)
      at createElm (../Web-modules/node_modules/vue/dist/vue.common.dev.js:6477:13)
      at createChildren (../Web-modules/node_modules/vue/dist/vue.common.dev.js:6573:17)
      at createElm (../Web-modules/node_modules/vue/dist/vue.common.dev.js:6477:13)
      at createChildren (../Web-modules/node_modules/vue/dist/vue.common.dev.js:6573:17)
      at createElm (../Web-modules/node_modules/vue/dist/vue.common.dev.js:6477:13)
      at VueComponent.patch [as __patch__] (../Web-modules/node_modules/vue/dist/vue.common.dev.js:7002:13)
      at VueComponent.Vue._update (../Web-modules/node_modules/vue/dist/vue.common.dev.js:2787:25)
      at VueComponent.updateComponent (../Web-modules/node_modules/vue/dist/vue.common.dev.js:2897:16)
      at Watcher.get (../Web-modules/node_modules/vue/dist/vue.common.dev.js:4117:33)
      at new Watcher (../Web-modules/node_modules/vue/dist/vue.common.dev.js:4107:51)
      at mountComponent (../Web-modules/node_modules/vue/dist/vue.common.dev.js:2914:5)
      at VueComponent.Object.<anonymous>.Vue.$mount (../Web-modules/node_modules/vue/dist/vue.common.dev.js:9225:12)
      at VueComponent.Object.<anonymous>.Vue.$mount (../Web-modules/node_modules/vue/dist/vue.common.dev.js:11762:18)
      at init (../Web-modules/node_modules/vue/dist/vue.common.dev.js:4842:19)
      at createComponent (../Web-modules/node_modules/vue/dist/vue.common.dev.js:6500:17)
      at createElm (../Web-modules/node_modules/vue/dist/vue.common.dev.js:6454:13)
      at VueComponent.patch [as __patch__] (../Web-modules/node_modules/vue/dist/vue.common.dev.js:7002:13)
      at VueComponent.Vue._update (../Web-modules/node_modules/vue/dist/vue.common.dev.js:2787:25)
      at VueComponent.updateComponent (../Web-modules/node_modules/vue/dist/vue.common.dev.js:2897:16)
      at Watcher.get (../Web-modules/node_modules/vue/dist/vue.common.dev.js:4117:33)
      at new Watcher (../Web-modules/node_modules/vue/dist/vue.common.dev.js:4107:51)
      at mountComponent (../Web-modules/node_modules/vue/dist/vue.common.dev.js:2914:5)
      at VueComponent.Object.<anonymous>.Vue.$mount (../Web-modules/node_modules/vue/dist/vue.common.dev.js:9225:12)
      at VueComponent.Object.<anonymous>.Vue.$mount (../Web-modules/node_modules/vue/dist/vue.common.dev.js:11762:18)
      at init (../Web-modules/node_modules/vue/dist/vue.common.dev.js:4842:19)
      at createComponent (../Web-modules/node_modules/vue/dist/vue.common.dev.js:6500:17)
      at createElm (../Web-modules/node_modules/vue/dist/vue.common.dev.js:6454:13)
      at VueComponent.patch [as __patch__] (../Web-modules/node_modules/vue/dist/vue.common.dev.js:7002:13)
      at VueComponent.Vue._update (../Web-modules/node_modules/vue/dist/vue.common.dev.js:2787:25)
      at VueComponent.updateComponent (../Web-modules/node_modules/vue/dist/vue.common.dev.js:2897:16)
      at Watcher.get (../Web-modules/node_modules/vue/dist/vue.common.dev.js:4117:33)
      at new Watcher (../Web-modules/node_modules/vue/dist/vue.common.dev.js:4107:51)
      at mountComponent (../Web-modules/node_modules/vue/dist/vue.common.dev.js:2914:5)
      at VueComponent.Object.<anonymous>.Vue.$mount (../Web-modules/node_modules/vue/dist/vue.common.dev.js:9225:12)
      at VueComponent.Object.<anonymous>.Vue.$mount (../Web-modules/node_modules/vue/dist/vue.common.dev.js:11762:18)
      at mount (../Web-modules/node_modules/@vue/test-utils/dist/vue-test-utils.js:14067:21)
      at shallowMount (../Web-modules/node_modules/@vue/test-utils/dist/vue-test-utils.js:14093:10)
      at mountPage (test/reservations-combined-table-conflict.test.js:83:31)
      at Object.<anonymous> (test/reservations-combined-table-conflict.test.js:253:18)

    console.error
      [Vue warn]: Unknown custom element: <NuxtLink> - did you register the component correctly? For recursive components, make sure to provide the "name" option.
      
      found in
      
      ---> <AdminReservations>
             <Root>

      81 | // the conflict rule — `fromApi` and `checkConflict` are the code under test.
      82 | function mountPage (dayReservations) {
    > 83 |   const wrapper = shallowMount(ReservationsPage, {
         |                               ^
      84 |     mocks: {
      85 |       $i,
      86 |       $store: {

      at warn$2 (../Web-modules/node_modules/vue/dist/vue.common.dev.js:5037:21)
      at createElm (../Web-modules/node_modules/vue/dist/vue.common.dev.js:6466:21)
      at createChildren (../Web-modules/node_modules/vue/dist/vue.common.dev.js:6573:17)
      at createElm (../Web-modules/node_modules/vue/dist/vue.common.dev.js:6477:13)
      at createChildren (../Web-modules/node_modules/vue/dist/vue.common.dev.js:6573:17)
      at createElm (../Web-modules/node_modules/vue/dist/vue.common.dev.js:6477:13)
      at createChildren (../Web-modules/node_modules/vue/dist/vue.common.dev.js:6573:17)
      at createElm (../Web-modules/node_modules/vue/dist/vue.common.dev.js:6477:13)
      at VueComponent.patch [as __patch__] (../Web-modules/node_modules/vue/dist/vue.common.dev.js:7002:13)
      at VueComponent.Vue._update (../Web-modules/node_modules/vue/dist/vue.common.dev.js:2787:25)
      at VueComponent.updateComponent (../Web-modules/node_modules/vue/dist/vue.common.dev.js:2897:16)
      at Watcher.get (../Web-modules/node_modules/vue/dist/vue.common.dev.js:4117:33)
      at new Watcher (../Web-modules/node_modules/vue/dist/vue.common.dev.js:4107:51)
      at mountComponent (../Web-modules/node_modules/vue/dist/vue.common.dev.js:2914:5)
      at VueComponent.Object.<anonymous>.Vue.$mount (../Web-modules/node_modules/vue/dist/vue.common.dev.js:9225:12)
      at VueComponent.Object.<anonymous>.Vue.$mount (../Web-modules/node_modules/vue/dist/vue.common.dev.js:11762:18)
      at init (../Web-modules/node_modules/vue/dist/vue.common.dev.js:4842:19)
      at createComponent (../Web-modules/node_modules/vue/dist/vue.common.dev.js:6500:17)
      at createElm (../Web-modules/node_modules/vue/dist/vue.common.dev.js:6454:13)
      at VueComponent.patch [as __patch__] (../Web-modules/node_modules/vue/dist/vue.common.dev.js:7002:13)
      at VueComponent.Vue._update (../Web-modules/node_modules/vue/dist/vue.common.dev.js:2787:25)
      at VueComponent.updateComponent (../Web-modules/node_modules/vue/dist/vue.common.dev.js:2897:16)
      at Watcher.get (../Web-modules/node_modules/vue/dist/vue.common.dev.js:4117:33)
      at new Watcher (../Web-modules/node_modules/vue/dist/vue.common.dev.js:4107:51)
      at mountComponent (../Web-modules/node_modules/vue/dist/vue.common.dev.js:2914:5)
      at VueComponent.Object.<anonymous>.Vue.$mount (../Web-modules/node_modules/vue/dist/vue.common.dev.js:9225:12)
      at VueComponent.Object.<anonymous>.Vue.$mount (../Web-modules/node_modules/vue/dist/vue.common.dev.js:11762:18)
      at init (../Web-modules/node_modules/vue/dist/vue.common.dev.js:4842:19)
      at createComponent (../Web-modules/node_modules/vue/dist/vue.common.dev.js:6500:17)
      at createElm (../Web-modules/node_modules/vue/dist/vue.common.dev.js:6454:13)
      at VueComponent.patch [as __patch__] (../Web-modules/node_modules/vue/dist/vue.common.dev.js:7002:13)
      at VueComponent.Vue._update (../Web-modules/node_modules/vue/dist/vue.common.dev.js:2787:25)
      at VueComponent.updateComponent (../Web-modules/node_modules/vue/dist/vue.common.dev.js:2897:16)
      at Watcher.get (../Web-modules/node_modules/vue/dist/vue.common.dev.js:4117:33)
      at new Watcher (../Web-modules/node_modules/vue/dist/vue.common.dev.js:4107:51)
      at mountComponent (../Web-modules/node_modules/vue/dist/vue.common.dev.js:2914:5)
      at VueComponent.Object.<anonymous>.Vue.$mount (../Web-modules/node_modules/vue/dist/vue.common.dev.js:9225:12)
      at VueComponent.Object.<anonymous>.Vue.$mount (../Web-modules/node_modules/vue/dist/vue.common.dev.js:11762:18)
      at mount (../Web-modules/node_modules/@vue/test-utils/dist/vue-test-utils.js:14067:21)
      at shallowMount (../Web-modules/node_modules/@vue/test-utils/dist/vue-test-utils.js:14093:10)
      at mountPage (test/reservations-combined-table-conflict.test.js:83:31)
      at Object.<anonymous> (test/reservations-combined-table-conflict.test.js:301:18)

    console.error
      [Vue warn]: Unknown custom element: <NuxtLink> - did you register the component correctly? For recursive components, make sure to provide the "name" option.
      
      found in
      
      ---> <AdminReservations>
             <Root>

      81 | // the conflict rule — `fromApi` and `checkConflict` are the code under test.
      82 | function mountPage (dayReservations) {
    > 83 |   const wrapper = shallowMount(ReservationsPage, {
         |                               ^
      84 |     mocks: {
      85 |       $i,
      86 |       $store: {

      at warn$2 (../Web-modules/node_modules/vue/dist/vue.common.dev.js:5037:21)
      at createElm (../Web-modules/node_modules/vue/dist/vue.common.dev.js:6466:21)
      at createChildren (../Web-modules/node_modules/vue/dist/vue.common.dev.js:6573:17)
      at createElm (../Web-modules/node_modules/vue/dist/vue.common.dev.js:6477:13)
      at createChildren (../Web-modules/node_modules/vue/dist/vue.common.dev.js:6573:17)
      at createElm (../Web-modules/node_modules/vue/dist/vue.common.dev.js:6477:13)
      at createChildren (../Web-modules/node_modules/vue/dist/vue.common.dev.js:6573:17)
      at createElm (../Web-modules/node_modules/vue/dist/vue.common.dev.js:6477:13)
      at VueComponent.patch [as __patch__] (../Web-modules/node_modules/vue/dist/vue.common.dev.js:7002:13)
      at VueComponent.Vue._update (../Web-modules/node_modules/vue/dist/vue.common.dev.js:2787:25)
      at VueComponent.updateComponent (../Web-modules/node_modules/vue/dist/vue.common.dev.js:2897:16)
      at Watcher.get (../Web-modules/node_modules/vue/dist/vue.common.dev.js:4117:33)
      at new Watcher (../Web-modules/node_modules/vue/dist/vue.common.dev.js:4107:51)
      at mountComponent (../Web-modules/node_modules/vue/dist/vue.common.dev.js:2914:5)
      at VueComponent.Object.<anonymous>.Vue.$mount (../Web-modules/node_modules/vue/dist/vue.common.dev.js:9225:12)
      at VueComponent.Object.<anonymous>.Vue.$mount (../Web-modules/node_modules/vue/dist/vue.common.dev.js:11762:18)
      at init (../Web-modules/node_modules/vue/dist/vue.common.dev.js:4842:19)
      at createComponent (../Web-modules/node_modules/vue/dist/vue.common.dev.js:6500:17)
      at createElm (../Web-modules/node_modules/vue/dist/vue.common.dev.js:6454:13)
      at VueComponent.patch [as __patch__] (../Web-modules/node_modules/vue/dist/vue.common.dev.js:7002:13)
      at VueComponent.Vue._update (../Web-modules/node_modules/vue/dist/vue.common.dev.js:2787:25)
      at VueComponent.updateComponent (../Web-modules/node_modules/vue/dist/vue.common.dev.js:2897:16)
      at Watcher.get (../Web-modules/node_modules/vue/dist/vue.common.dev.js:4117:33)
      at new Watcher (../Web-modules/node_modules/vue/dist/vue.common.dev.js:4107:51)
      at mountComponent (../Web-modules/node_modules/vue/dist/vue.common.dev.js:2914:5)
      at VueComponent.Object.<anonymous>.Vue.$mount (../Web-modules/node_modules/vue/dist/vue.common.dev.js:9225:12)
      at VueComponent.Object.<anonymous>.Vue.$mount (../Web-modules/node_modules/vue/dist/vue.common.dev.js:11762:18)
      at init (../Web-modules/node_modules/vue/dist/vue.common.dev.js:4842:19)
      at createComponent (../Web-modules/node_modules/vue/dist/vue.common.dev.js:6500:17)
      at createElm (../Web-modules/node_modules/vue/dist/vue.common.dev.js:6454:13)
      at VueComponent.patch [as __patch__] (../Web-modules/node_modules/vue/dist/vue.common.dev.js:7002:13)
      at VueComponent.Vue._update (../Web-modules/node_modules/vue/dist/vue.common.dev.js:2787:25)
      at VueComponent.updateComponent (../Web-modules/node_modules/vue/dist/vue.common.dev.js:2897:16)
      at Watcher.get (../Web-modules/node_modules/vue/dist/vue.common.dev.js:4117:33)
      at new Watcher (../Web-modules/node_modules/vue/dist/vue.common.dev.js:4107:51)
      at mountComponent (../Web-modules/node_modules/vue/dist/vue.common.dev.js:2914:5)
      at VueComponent.Object.<anonymous>.Vue.$mount (../Web-modules/node_modules/vue/dist/vue.common.dev.js:9225:12)
      at VueComponent.Object.<anonymous>.Vue.$mount (../Web-modules/node_modules/vue/dist/vue.common.dev.js:11762:18)
      at mount (../Web-modules/node_modules/@vue/test-utils/dist/vue-test-utils.js:14067:21)
      at shallowMount (../Web-modules/node_modules/@vue/test-utils/dist/vue-test-utils.js:14093:10)
      at mountPage (test/reservations-combined-table-conflict.test.js:83:31)
      at Object.<anonymous> (test/reservations-combined-table-conflict.test.js:322:18)

    console.error
      [Vue warn]: Unknown custom element: <NuxtLink> - did you register the component correctly? For recursive components, make sure to provide the "name" option.
      
      found in
      
      ---> <AdminReservations>
             <Root>

      81 | // the conflict rule — `fromApi` and `checkConflict` are the code under test.
      82 | function mountPage (dayReservations) {
    > 83 |   const wrapper = shallowMount(ReservationsPage, {
         |                               ^
      84 |     mocks: {
      85 |       $i,
      86 |       $store: {

      at warn$2 (../Web-modules/node_modules/vue/dist/vue.common.dev.js:5037:21)
      at createElm (../Web-modules/node_modules/vue/dist/vue.common.dev.js:6466:21)
      at createChildren (../Web-modules/node_modules/vue/dist/vue.common.dev.js:6573:17)
      at createElm (../Web-modules/node_modules/vue/dist/vue.common.dev.js:6477:13)
      at createChildren (../Web-modules/node_modules/vue/dist/vue.common.dev.js:6573:17)
      at createElm (../Web-modules/node_modules/vue/dist/vue.common.dev.js:6477:13)
      at createChildren (../Web-modules/node_modules/vue/dist/vue.common.dev.js:6573:17)
      at createElm (../Web-modules/node_modules/vue/dist/vue.common.dev.js:6477:13)
      at VueComponent.patch [as __patch__] (../Web-modules/node_modules/vue/dist/vue.common.dev.js:7002:13)
      at VueComponent.Vue._update (../Web-modules/node_modules/vue/dist/vue.common.dev.js:2787:25)
      at VueComponent.updateComponent (../Web-modules/node_modules/vue/dist/vue.common.dev.js:2897:16)
      at Watcher.get (../Web-modules/node_modules/vue/dist/vue.common.dev.js:4117:33)
      at new Watcher (../Web-modules/node_modules/vue/dist/vue.common.dev.js:4107:51)
      at mountComponent (../Web-modules/node_modules/vue/dist/vue.common.dev.js:2914:5)
      at VueComponent.Object.<anonymous>.Vue.$mount (../Web-modules/node_modules/vue/dist/vue.common.dev.js:9225:12)
      at VueComponent.Object.<anonymous>.Vue.$mount (../Web-modules/node_modules/vue/dist/vue.common.dev.js:11762:18)
      at init (../Web-modules/node_modules/vue/dist/vue.common.dev.js:4842:19)
      at createComponent (../Web-modules/node_modules/vue/dist/vue.common.dev.js:6500:17)
      at createElm (../Web-modules/node_modules/vue/dist/vue.common.dev.js:6454:13)
      at VueComponent.patch [as __patch__] (../Web-modules/node_modules/vue/dist/vue.common.dev.js:7002:13)
      at VueComponent.Vue._update (../Web-modules/node_modules/vue/dist/vue.common.dev.js:2787:25)
      at VueComponent.updateComponent (../Web-modules/node_modules/vue/dist/vue.common.dev.js:2897:16)
      at Watcher.get (../Web-modules/node_modules/vue/dist/vue.common.dev.js:4117:33)
      at new Watcher (../Web-modules/node_modules/vue/dist/vue.common.dev.js:4107:51)
      at mountComponent (../Web-modules/node_modules/vue/dist/vue.common.dev.js:2914:5)
      at VueComponent.Object.<anonymous>.Vue.$mount (../Web-modules/node_modules/vue/dist/vue.common.dev.js:9225:12)
      at VueComponent.Object.<anonymous>.Vue.$mount (../Web-modules/node_modules/vue/dist/vue.common.dev.js:11762:18)
      at init (../Web-modules/node_modules/vue/dist/vue.common.dev.js:4842:19)
      at createComponent (../Web-modules/node_modules/vue/dist/vue.common.dev.js:6500:17)
      at createElm (../Web-modules/node_modules/vue/dist/vue.common.dev.js:6454:13)
      at VueComponent.patch [as __patch__] (../Web-modules/node_modules/vue/dist/vue.common.dev.js:7002:13)
      at VueComponent.Vue._update (../Web-modules/node_modules/vue/dist/vue.common.dev.js:2787:25)
      at VueComponent.updateComponent (../Web-modules/node_modules/vue/dist/vue.common.dev.js:2897:16)
      at Watcher.get (../Web-modules/node_modules/vue/dist/vue.common.dev.js:4117:33)
      at new Watcher (../Web-modules/node_modules/vue/dist/vue.common.dev.js:4107:51)
      at mountComponent (../Web-modules/node_modules/vue/dist/vue.common.dev.js:2914:5)
      at VueComponent.Object.<anonymous>.Vue.$mount (../Web-modules/node_modules/vue/dist/vue.common.dev.js:9225:12)
      at VueComponent.Object.<anonymous>.Vue.$mount (../Web-modules/node_modules/vue/dist/vue.common.dev.js:11762:18)
      at mount (../Web-modules/node_modules/@vue/test-utils/dist/vue-test-utils.js:14067:21)
      at shallowMount (../Web-modules/node_modules/@vue/test-utils/dist/vue-test-utils.js:14093:10)
      at mountPage (test/reservations-combined-table-conflict.test.js:83:31)
      at Object.<anonymous> (test/reservations-combined-table-conflict.test.js:341:18)

PASS test/margin-statement-components.test.js
PASS test/tripletex-run-outcome.test.js
PASS test/growth-components.test.js
PASS test/workforce-me-training-disclosure.test.js
PASS test/workforce-schedule-authoring.test.js
PASS test/admin-logout-destination.test.js
PASS test/margin-waste.test.js
PASS test/pos-cash-tender-and-change.test.js
PASS test/sign-in-door-is-on-the-page-that-keeps-it.test.js
PASS test/journey-assertions.test.js
PASS test/workforce-me-memberships.test.js
PASS test/workforce-pivot-components.test.js
PASS test/margin-cost-panel.component.test.js
PASS test/workforce-personnel-list.test.js
PASS test/ongoing-board-covers-every-live-status.test.js
PASS test/events-journey.test.js
PASS test/margin-price-import-client.test.js
PASS test/admin-page-auth.test.js
PASS test/workforce-me-components.test.js
PASS test/meals-admin-client.test.js
PASS test/workforce-requests-client.test.js
PASS test/pos-receipt-payer-line-and-signature.test.js
PASS test/training-disclosure.test.js
PASS test/workforce-personnel-list-components.test.js
PASS test/margin-price-import-model.test.js
PASS test/workforce-month-grid.test.js
PASS test/margin-product-links.component.test.js
PASS test/workforce-rates-amount.test.js
PASS test/adminpage-redirect-target.test.js
PASS test/margin-supplier-client.test.js
PASS test/meals-admin-view.test.js
PASS test/meals-admin-picker.test.js
PASS test/workforce-week-range.test.js
PASS test/growth-guest-client.test.js
PASS test/workforce-personnel-list-code-register-client.test.js
PASS test/margin-price-timeline.test.js
PASS test/workforce-publication-receipts.test.js
PASS test/margin-spend-amount.test.js
PASS test/meals-statement-client.test.js
PASS test/workforce-timesheet-client.test.js
PASS test/workforce-timesheet.test.js
PASS test/growth-privacy-queue.test.js
PASS test/margin-cost-preview.test.js
PASS test/workforce-me-invitation-claim.test.js
PASS test/events-client.test.js
PASS test/store-market-dashboard.test.js
PASS test/workforce-roster-client.test.js
PASS test/growth-client.test.js
PASS test/platform-feature-flags-client.test.js
PASS test/margin-money-input.test.js
PASS test/workforce-me-self-requests.test.js
PASS test/meals-statement-view.test.js
PASS test/workforce-me-client.test.js
PASS test/workforce-rates-hours-export.test.js
PASS test/margin-statement-view.test.js
PASS test/margin-recipe-client.test.js
PASS test/growth-guest.test.js
PASS test/workforce-rates-timeline.test.js
PASS test/workforce-rates-client.test.js
PASS test/margin-menu-margin.test.js
PASS test/workforce-me-claim-outcome.test.js
PASS test/workforce-delivery-failures.test.js
PASS test/workforce-api-client.test.js
PASS test/store-market-client.test.js
PASS test/training-client.test.js
PASS test/cart-wire.test.js
PASS test/core-price-label.test.js
PASS test/workforce-rates-attendance.test.js
PASS test/workforce-requests-inbox.test.js
PASS test/meals-client.test.js
PASS test/platform-flag-board.test.js
PASS test/chf-format.test.js
PASS test/meals-store-view.test.js
PASS test/workforce-me-shift-view.test.js
PASS test/workforce-role-grid.test.js
PASS test/workforce-schedule-client.test.js
PASS test/workforce-me-inbox-filter.test.js
PASS test/journey-artifact-store.test.js (6.357 s)
Failed to collect coverage from /Users/svendaneel/okam/web-trunkland/components/molecules/ReceiptModal.vue
ERROR: Unexpected token (1:1470)
STACK: SyntaxError: Unexpected token (1:1470)
    at pp$4.raise (/Users/svendaneel/okam/Web-modules/node_modules/vue-template-es2015-compiler/buble.js:2757:13)
    at pp.unexpected (/Users/svendaneel/okam/Web-modules/node_modules/vue-template-es2015-compiler/buble.js:647:8)
    at pp$3.parseExprAtom (/Users/svendaneel/okam/Web-modules/node_modules/vue-template-es2015-compiler/buble.js:2196:10)
    at Parser.<anonymous> (/Users/svendaneel/okam/Web-modules/node_modules/vue-template-es2015-compiler/buble.js:6003:24)
    at Parser.parseExprAtom (/Users/svendaneel/okam/Web-modules/node_modules/vue-template-es2015-compiler/buble.js:6129:31)
    at pp$3.parseExprSubscripts (/Users/svendaneel/okam/Web-modules/node_modules/vue-template-es2015-compiler/buble.js:2047:19)
    at pp$3.parseMaybeUnary (/Users/svendaneel/okam/Web-modules/node_modules/vue-template-es2015-compiler/buble.js:2024:17)
    at pp$3.parseExprOps (/Users/svendaneel/okam/Web-modules/node_modules/vue-template-es2015-compiler/buble.js:1966:19)
    at pp$3.parseMaybeConditional (/Users/svendaneel/okam/Web-modules/node_modules/vue-template-es2015-compiler/buble.js:1949:19)
    at pp$3.parseMaybeAssign (/Users/svendaneel/okam/Web-modules/node_modules/vue-template-es2015-compiler/buble.js:1925:19)
    at pp$3.parseMaybeConditional (/Users/svendaneel/okam/Web-modules/node_modules/vue-template-es2015-compiler/buble.js:1954:28)
    at pp$3.parseMaybeAssign (/Users/svendaneel/okam/Web-modules/node_modules/vue-template-es2015-compiler/buble.js:1925:19)
    at pp$3.parseParenAndDistinguishExpression (/Users/svendaneel/okam/Web-modules/node_modules/vue-template-es2015-compiler/buble.js:2238:30)
    at pp$3.parseExprAtom (/Users/svendaneel/okam/Web-modules/node_modules/vue-template-es2015-compiler/buble.js:2163:41)
    at Parser.<anonymous> (/Users/svendaneel/okam/Web-modules/node_modules/vue-template-es2015-compiler/buble.js:6003:24)
    at Parser.parseExprAtom (/Users/svendaneel/okam/Web-modules/node_modules/vue-template-es2015-compiler/buble.js:6129:31)
    at pp$3.parseExprSubscripts (/Users/svendaneel/okam/Web-modules/node_modules/vue-template-es2015-compiler/buble.js:2047:19)
    at pp$3.parseMaybeUnary (/Users/svendaneel/okam/Web-modules/node_modules/vue-template-es2015-compiler/buble.js:2024:17)
    at pp$3.parseExprOps (/Users/svendaneel/okam/Web-modules/node_modules/vue-template-es2015-compiler/buble.js:1966:19)
    at pp$3.parseMaybeConditional (/Users/svendaneel/okam/Web-modules/node_modules/vue-template-es2015-compiler/buble.js:1949:19)
    at pp$3.parseMaybeAssign (/Users/svendaneel/okam/Web-modules/node_modules/vue-template-es2015-compiler/buble.js:1925:19)
    at pp$3.parseExprList (/Users/svendaneel/okam/Web-modules/node_modules/vue-template-es2015-compiler/buble.js:2663:20)
    at pp$3.parseExprAtom (/Users/svendaneel/okam/Web-modules/node_modules/vue-template-es2015-compiler/buble.js:2175:26)
    at Parser.<anonymous> (/Users/svendaneel/okam/Web-modules/node_modules/vue-template-es2015-compiler/buble.js:6003:24)
    at Parser.parseExprAtom (/Users/svendaneel/okam/Web-modules/node_modules/vue-template-es2015-compiler/buble.js:6129:31)
    at pp$3.parseExprSubscripts (/Users/svendaneel/okam/Web-modules/node_modules/vue-template-es2015-compiler/buble.js:2047:19)
    at pp$3.parseMaybeUnary (/Users/svendaneel/okam/Web-modules/node_modules/vue-template-es2015-compiler/buble.js:2024:17)
    at pp$3.parseExprOps (/Users/svendaneel/okam/Web-modules/node_modules/vue-template-es2015-compiler/buble.js:1966:19)
    at pp$3.parseMaybeConditional (/Users/svendaneel/okam/Web-modules/node_modules/vue-template-es2015-compiler/buble.js:1949:19)
    at pp$3.parseMaybeAssign (/Users/svendaneel/okam/Web-modules/node_modules/vue-template-es2015-compiler/buble.js:1925:19)
    at pp$3.parseExprList (/Users/svendaneel/okam/Web-modules/node_modules/vue-template-es2015-compiler/buble.js:2663:20)
    at pp$3.parseSubscripts (/Users/svendaneel/okam/Web-modules/node_modules/vue-template-es2015-compiler/buble.js:2075:29)
    at pp$3.parseExprSubscripts (/Users/svendaneel/okam/Web-modules/node_modules/vue-template-es2015-compiler/buble.js:2050:21)
    at pp$3.parseMaybeUnary (/Users/svendaneel/okam/Web-modules/node_modules/vue-template-es2015-compiler/buble.js:2024:17)
    at pp$3.parseExprOps (/Users/svendaneel/okam/Web-modules/node_modules/vue-template-es2015-compiler/buble.js:1966:19)
    at pp$3.parseMaybeConditional (/Users/svendaneel/okam/Web-modules/node_modules/vue-template-es2015-compiler/buble.js:1949:19)
    at pp$3.parseMaybeAssign (/Users/svendaneel/okam/Web-modules/node_modules/vue-template-es2015-compiler/buble.js:1925:19)
    at pp$3.parseExprList (/Users/svendaneel/okam/Web-modules/node_modules/vue-template-es2015-compiler/buble.js:2663:20)
    at pp$3.parseExprAtom (/Users/svendaneel/okam/Web-modules/node_modules/vue-template-es2015-compiler/buble.js:2175:26)
    at Parser.<anonymous> (/Users/svendaneel/okam/Web-modules/node_modules/vue-template-es2015-compiler/buble.js:6003:24)
    at Parser.parseExprAtom (/Users/svendaneel/okam/Web-modules/node_modules/vue-template-es2015-compiler/buble.js:6129:31)
    at pp$3.parseExprSubscripts (/Users/svendaneel/okam/Web-modules/node_modules/vue-template-es2015-compiler/buble.js:2047:19)
    at pp$3.parseMaybeUnary (/Users/svendaneel/okam/Web-modules/node_modules/vue-template-es2015-compiler/buble.js:2024:17)
    at pp$3.parseExprOps (/Users/svendaneel/okam/Web-modules/node_modules/vue-template-es2015-compiler/buble.js:1966:19)
    at pp$3.parseMaybeConditional (/Users/svendaneel/okam/Web-modules/node_modules/vue-template-es2015-compiler/buble.js:1949:19)
    at pp$3.parseMaybeAssign (/Users/svendaneel/okam/Web-modules/node_modules/vue-template-es2015-compiler/buble.js:1925:19)
    at pp$3.parseExprList (/Users/svendaneel/okam/Web-modules/node_modules/vue-template-es2015-compiler/buble.js:2663:20)
    at pp$3.parseSubscripts (/Users/svendaneel/okam/Web-modules/node_modules/vue-template-es2015-compiler/buble.js:2075:29)
    at pp$3.parseExprSubscripts (/Users/svendaneel/okam/Web-modules/node_modules/vue-template-es2015-compiler/buble.js:2050:21)
    at pp$3.parseMaybeUnary (/Users/svendaneel/okam/Web-modules/node_modules/vue-template-es2015-compiler/buble.js:2024:17)
Failed to collect coverage from /Users/svendaneel/okam/web-trunkland/components/onboarding/OnboardingProductImages.vue
ERROR: Unexpected token (2:133)
STACK: SyntaxError: Unexpected token (2:133)
    at pp$4.raise (/Users/svendaneel/okam/Web-modules/node_modules/vue-template-es2015-compiler/buble.js:2757:13)
    at pp.unexpected (/Users/svendaneel/okam/Web-modules/node_modules/vue-template-es2015-compiler/buble.js:647:8)
    at pp$3.parseExprAtom (/Users/svendaneel/okam/Web-modules/node_modules/vue-template-es2015-compiler/buble.js:2196:10)
    at Parser.<anonymous> (/Users/svendaneel/okam/Web-modules/node_modules/vue-template-es2015-compiler/buble.js:6003:24)
    at Parser.parseExprAtom (/Users/svendaneel/okam/Web-modules/node_modules/vue-template-es2015-compiler/buble.js:6129:31)
    at pp$3.parseExprSubscripts (/Users/svendaneel/okam/Web-modules/node_modules/vue-template-es2015-compiler/buble.js:2047:19)
    at pp$3.parseMaybeUnary (/Users/svendaneel/okam/Web-modules/node_modules/vue-template-es2015-compiler/buble.js:2024:17)
    at pp$3.parseExprOps (/Users/svendaneel/okam/Web-modules/node_modules/vue-template-es2015-compiler/buble.js:1966:19)
    at pp$3.parseMaybeConditional (/Users/svendaneel/okam/Web-modules/node_modules/vue-template-es2015-compiler/buble.js:1949:19)
    at pp$3.parseMaybeAssign (/Users/svendaneel/okam/Web-modules/node_modules/vue-template-es2015-compiler/buble.js:1925:19)
    at pp$3.parseMaybeConditional (/Users/svendaneel/okam/Web-modules/node_modules/vue-template-es2015-compiler/buble.js:1954:28)
    at pp$3.parseMaybeAssign (/Users/svendaneel/okam/Web-modules/node_modules/vue-template-es2015-compiler/buble.js:1925:19)
    at pp$3.parseParenAndDistinguishExpression (/Users/svendaneel/okam/Web-modules/node_modules/vue-template-es2015-compiler/buble.js:2238:30)
    at pp$3.parseExprAtom (/Users/svendaneel/okam/Web-modules/node_modules/vue-template-es2015-compiler/buble.js:2163:41)
    at Parser.<anonymous> (/Users/svendaneel/okam/Web-modules/node_modules/vue-template-es2015-compiler/buble.js:6003:24)
    at Parser.parseExprAtom (/Users/svendaneel/okam/Web-modules/node_modules/vue-template-es2015-compiler/buble.js:6129:31)
    at pp$3.parseExprSubscripts (/Users/svendaneel/okam/Web-modules/node_modules/vue-template-es2015-compiler/buble.js:2047:19)
    at pp$3.parseMaybeUnary (/Users/svendaneel/okam/Web-modules/node_modules/vue-template-es2015-compiler/buble.js:2024:17)
    at pp$3.parseExprOps (/Users/svendaneel/okam/Web-modules/node_modules/vue-template-es2015-compiler/buble.js:1966:19)
    at pp$3.parseMaybeConditional (/Users/svendaneel/okam/Web-modules/node_modules/vue-template-es2015-compiler/buble.js:1949:19)
    at pp$3.parseMaybeAssign (/Users/svendaneel/okam/Web-modules/node_modules/vue-template-es2015-compiler/buble.js:1925:19)
    at pp$3.parseExprList (/Users/svendaneel/okam/Web-modules/node_modules/vue-template-es2015-compiler/buble.js:2663:20)
    at pp$3.parseExprAtom (/Users/svendaneel/okam/Web-modules/node_modules/vue-template-es2015-compiler/buble.js:2175:26)
    at Parser.<anonymous> (/Users/svendaneel/okam/Web-modules/node_modules/vue-template-es2015-compiler/buble.js:6003:24)
    at Parser.parseExprAtom (/Users/svendaneel/okam/Web-modules/node_modules/vue-template-es2015-compiler/buble.js:6129:31)
    at pp$3.parseExprSubscripts (/Users/svendaneel/okam/Web-modules/node_modules/vue-template-es2015-compiler/buble.js:2047:19)
    at pp$3.parseMaybeUnary (/Users/svendaneel/okam/Web-modules/node_modules/vue-template-es2015-compiler/buble.js:2024:17)
    at pp$3.parseExprOps (/Users/svendaneel/okam/Web-modules/node_modules/vue-template-es2015-compiler/buble.js:1966:19)
    at pp$3.parseMaybeConditional (/Users/svendaneel/okam/Web-modules/node_modules/vue-template-es2015-compiler/buble.js:1949:19)
    at pp$3.parseMaybeAssign (/Users/svendaneel/okam/Web-modules/node_modules/vue-template-es2015-compiler/buble.js:1925:19)
    at pp$3.parseExprList (/Users/svendaneel/okam/Web-modules/node_modules/vue-template-es2015-compiler/buble.js:2663:20)
    at pp$3.parseSubscripts (/Users/svendaneel/okam/Web-modules/node_modules/vue-template-es2015-compiler/buble.js:2075:29)
    at pp$3.parseExprSubscripts (/Users/svendaneel/okam/Web-modules/node_modules/vue-template-es2015-compiler/buble.js:2050:21)
    at pp$3.parseMaybeUnary (/Users/svendaneel/okam/Web-modules/node_modules/vue-template-es2015-compiler/buble.js:2024:17)
    at pp$3.parseExprOps (/Users/svendaneel/okam/Web-modules/node_modules/vue-template-es2015-compiler/buble.js:1966:19)
    at pp$3.parseMaybeConditional (/Users/svendaneel/okam/Web-modules/node_modules/vue-template-es2015-compiler/buble.js:1949:19)
    at pp$3.parseMaybeAssign (/Users/svendaneel/okam/Web-modules/node_modules/vue-template-es2015-compiler/buble.js:1925:19)
    at pp$3.parseExprList (/Users/svendaneel/okam/Web-modules/node_modules/vue-template-es2015-compiler/buble.js:2663:20)
    at pp$3.parseExprAtom (/Users/svendaneel/okam/Web-modules/node_modules/vue-template-es2015-compiler/buble.js:2175:26)
    at Parser.<anonymous> (/Users/svendaneel/okam/Web-modules/node_modules/vue-template-es2015-compiler/buble.js:6003:24)
    at Parser.parseExprAtom (/Users/svendaneel/okam/Web-modules/node_modules/vue-template-es2015-compiler/buble.js:6129:31)
    at pp$3.parseExprSubscripts (/Users/svendaneel/okam/Web-modules/node_modules/vue-template-es2015-compiler/buble.js:2047:19)
    at pp$3.parseMaybeUnary (/Users/svendaneel/okam/Web-modules/node_modules/vue-template-es2015-compiler/buble.js:2024:17)
    at pp$3.parseExprOps (/Users/svendaneel/okam/Web-modules/node_modules/vue-template-es2015-compiler/buble.js:1966:19)
    at pp$3.parseMaybeConditional (/Users/svendaneel/okam/Web-modules/node_modules/vue-template-es2015-compiler/buble.js:1949:19)
    at pp$3.parseMaybeAssign (/Users/svendaneel/okam/Web-modules/node_modules/vue-template-es2015-compiler/buble.js:1925:19)
    at pp$3.parseExprList (/Users/svendaneel/okam/Web-modules/node_modules/vue-template-es2015-compiler/buble.js:2663:20)
    at pp$3.parseSubscripts (/Users/svendaneel/okam/Web-modules/node_modules/vue-template-es2015-compiler/buble.js:2075:29)
    at pp$3.parseExprSubscripts (/Users/svendaneel/okam/Web-modules/node_modules/vue-template-es2015-compiler/buble.js:2050:21)
    at pp$3.parseMaybeUnary (/Users/svendaneel/okam/Web-modules/node_modules/vue-template-es2015-compiler/buble.js:2024:17)
Failed to collect coverage from /Users/svendaneel/okam/web-trunkland/pages/admin/wolt-menu.vue
ERROR: Unexpected token (1:919)
STACK: SyntaxError: Unexpected token (1:919)
    at pp$4.raise (/Users/svendaneel/okam/Web-modules/node_modules/vue-template-es2015-compiler/buble.js:2757:13)
    at pp.unexpected (/Users/svendaneel/okam/Web-modules/node_modules/vue-template-es2015-compiler/buble.js:647:8)
    at pp$3.parseExprAtom (/Users/svendaneel/okam/Web-modules/node_modules/vue-template-es2015-compiler/buble.js:2196:10)
    at Parser.<anonymous> (/Users/svendaneel/okam/Web-modules/node_modules/vue-template-es2015-compiler/buble.js:6003:24)
    at Parser.parseExprAtom (/Users/svendaneel/okam/Web-modules/node_modules/vue-template-es2015-compiler/buble.js:6129:31)
    at pp$3.parseExprSubscripts (/Users/svendaneel/okam/Web-modules/node_modules/vue-template-es2015-compiler/buble.js:2047:19)
    at pp$3.parseMaybeUnary (/Users/svendaneel/okam/Web-modules/node_modules/vue-template-es2015-compiler/buble.js:2024:17)
    at pp$3.parseExprOps (/Users/svendaneel/okam/Web-modules/node_modules/vue-template-es2015-compiler/buble.js:1966:19)
    at pp$3.parseMaybeConditional (/Users/svendaneel/okam/Web-modules/node_modules/vue-template-es2015-compiler/buble.js:1949:19)
    at pp$3.parseMaybeAssign (/Users/svendaneel/okam/Web-modules/node_modules/vue-template-es2015-compiler/buble.js:1925:19)
    at pp$3.parseMaybeConditional (/Users/svendaneel/okam/Web-modules/node_modules/vue-template-es2015-compiler/buble.js:1954:28)
    at pp$3.parseMaybeAssign (/Users/svendaneel/okam/Web-modules/node_modules/vue-template-es2015-compiler/buble.js:1925:19)
    at pp$3.parsePropertyValue (/Users/svendaneel/okam/Web-modules/node_modules/vue-template-es2015-compiler/buble.js:2443:87)
    at pp$3.parseProperty (/Users/svendaneel/okam/Web-modules/node_modules/vue-template-es2015-compiler/buble.js:2434:8)
    at pp$3.parseObj (/Users/svendaneel/okam/Web-modules/node_modules/vue-template-es2015-compiler/buble.js:2380:23)
    at pp$3.parseExprAtom (/Users/svendaneel/okam/Web-modules/node_modules/vue-template-es2015-compiler/buble.js:2179:17)
    at Parser.<anonymous> (/Users/svendaneel/okam/Web-modules/node_modules/vue-template-es2015-compiler/buble.js:6003:24)
    at Parser.parseExprAtom (/Users/svendaneel/okam/Web-modules/node_modules/vue-template-es2015-compiler/buble.js:6129:31)
    at pp$3.parseExprSubscripts (/Users/svendaneel/okam/Web-modules/node_modules/vue-template-es2015-compiler/buble.js:2047:19)
    at pp$3.parseMaybeUnary (/Users/svendaneel/okam/Web-modules/node_modules/vue-template-es2015-compiler/buble.js:2024:17)
    at pp$3.parseExprOps (/Users/svendaneel/okam/Web-modules/node_modules/vue-template-es2015-compiler/buble.js:1966:19)
    at pp$3.parseMaybeConditional (/Users/svendaneel/okam/Web-modules/node_modules/vue-template-es2015-compiler/buble.js:1949:19)
    at pp$3.parseMaybeAssign (/Users/svendaneel/okam/Web-modules/node_modules/vue-template-es2015-compiler/buble.js:1925:19)
    at pp$3.parseExprList (/Users/svendaneel/okam/Web-modules/node_modules/vue-template-es2015-compiler/buble.js:2663:20)
    at pp$3.parseSubscripts (/Users/svendaneel/okam/Web-modules/node_modules/vue-template-es2015-compiler/buble.js:2075:29)
    at pp$3.parseExprSubscripts (/Users/svendaneel/okam/Web-modules/node_modules/vue-template-es2015-compiler/buble.js:2050:21)
    at pp$3.parseMaybeUnary (/Users/svendaneel/okam/Web-modules/node_modules/vue-template-es2015-compiler/buble.js:2024:17)
    at pp$3.parseExprOps (/Users/svendaneel/okam/Web-modules/node_modules/vue-template-es2015-compiler/buble.js:1966:19)
    at pp$3.parseMaybeConditional (/Users/svendaneel/okam/Web-modules/node_modules/vue-template-es2015-compiler/buble.js:1949:19)
    at pp$3.parseMaybeAssign (/Users/svendaneel/okam/Web-modules/node_modules/vue-template-es2015-compiler/buble.js:1925:19)
    at pp$3.parseExprList (/Users/svendaneel/okam/Web-modules/node_modules/vue-template-es2015-compiler/buble.js:2663:20)
    at pp$3.parseSubscripts (/Users/svendaneel/okam/Web-modules/node_modules/vue-template-es2015-compiler/buble.js:2075:29)
    at pp$3.parseExprSubscripts (/Users/svendaneel/okam/Web-modules/node_modules/vue-template-es2015-compiler/buble.js:2050:21)
    at pp$3.parseMaybeUnary (/Users/svendaneel/okam/Web-modules/node_modules/vue-template-es2015-compiler/buble.js:2024:17)
    at pp$3.parseExprOps (/Users/svendaneel/okam/Web-modules/node_modules/vue-template-es2015-compiler/buble.js:1966:19)
    at pp$3.parseMaybeConditional (/Users/svendaneel/okam/Web-modules/node_modules/vue-template-es2015-compiler/buble.js:1949:19)
    at pp$3.parseMaybeAssign (/Users/svendaneel/okam/Web-modules/node_modules/vue-template-es2015-compiler/buble.js:1925:19)
    at pp$3.parseExprList (/Users/svendaneel/okam/Web-modules/node_modules/vue-template-es2015-compiler/buble.js:2663:20)
    at pp$3.parseSubscripts (/Users/svendaneel/okam/Web-modules/node_modules/vue-template-es2015-compiler/buble.js:2075:29)
    at pp$3.parseExprSubscripts (/Users/svendaneel/okam/Web-modules/node_modules/vue-template-es2015-compiler/buble.js:2050:21)
    at pp$3.parseMaybeUnary (/Users/svendaneel/okam/Web-modules/node_modules/vue-template-es2015-compiler/buble.js:2024:17)
    at pp$3.parseExprOps (/Users/svendaneel/okam/Web-modules/node_modules/vue-template-es2015-compiler/buble.js:1966:19)
    at pp$3.parseMaybeConditional (/Users/svendaneel/okam/Web-modules/node_modules/vue-template-es2015-compiler/buble.js:1949:19)
    at pp$3.parseMaybeAssign (/Users/svendaneel/okam/Web-modules/node_modules/vue-template-es2015-compiler/buble.js:1925:19)
    at pp$3.parseExprList (/Users/svendaneel/okam/Web-modules/node_modules/vue-template-es2015-compiler/buble.js:2663:20)
    at pp$3.parseExprAtom (/Users/svendaneel/okam/Web-modules/node_modules/vue-template-es2015-compiler/buble.js:2175:26)
    at Parser.<anonymous> (/Users/svendaneel/okam/Web-modules/node_modules/vue-template-es2015-compiler/buble.js:6003:24)
    at Parser.parseExprAtom (/Users/svendaneel/okam/Web-modules/node_modules/vue-template-es2015-compiler/buble.js:6129:31)
    at pp$3.parseExprSubscripts (/Users/svendaneel/okam/Web-modules/node_modules/vue-template-es2015-compiler/buble.js:2047:19)
    at pp$3.parseMaybeUnary (/Users/svendaneel/okam/Web-modules/node_modules/vue-template-es2015-compiler/buble.js:2024:17)
Failed to collect coverage from /Users/svendaneel/okam/web-trunkland/pages/admin/products.vue
ERROR: Unexpected token (2:922)
STACK: SyntaxError: Unexpected token (2:922)
    at pp$4.raise (/Users/svendaneel/okam/Web-modules/node_modules/vue-template-es2015-compiler/buble.js:2757:13)
    at pp.unexpected (/Users/svendaneel/okam/Web-modules/node_modules/vue-template-es2015-compiler/buble.js:647:8)
    at pp$3.parseExprAtom (/Users/svendaneel/okam/Web-modules/node_modules/vue-template-es2015-compiler/buble.js:2196:10)
    at Parser.<anonymous> (/Users/svendaneel/okam/Web-modules/node_modules/vue-template-es2015-compiler/buble.js:6003:24)
    at Parser.parseExprAtom (/Users/svendaneel/okam/Web-modules/node_modules/vue-template-es2015-compiler/buble.js:6129:31)
    at pp$3.parseExprSubscripts (/Users/svendaneel/okam/Web-modules/node_modules/vue-template-es2015-compiler/buble.js:2047:19)
    at pp$3.parseMaybeUnary (/Users/svendaneel/okam/Web-modules/node_modules/vue-template-es2015-compiler/buble.js:2024:17)
    at pp$3.parseExprOps (/Users/svendaneel/okam/Web-modules/node_modules/vue-template-es2015-compiler/buble.js:1966:19)
    at pp$3.parseMaybeConditional (/Users/svendaneel/okam/Web-modules/node_modules/vue-template-es2015-compiler/buble.js:1949:19)
    at pp$3.parseMaybeAssign (/Users/svendaneel/okam/Web-modules/node_modules/vue-template-es2015-compiler/buble.js:1925:19)
    at pp$3.parseMaybeConditional (/Users/svendaneel/okam/Web-modules/node_modules/vue-template-es2015-compiler/buble.js:1954:28)
    at pp$3.parseMaybeAssign (/Users/svendaneel/okam/Web-modules/node_modules/vue-template-es2015-compiler/buble.js:1925:19)
    at pp$3.parseParenAndDistinguishExpression (/Users/svendaneel/okam/Web-modules/node_modules/vue-template-es2015-compiler/buble.js:2238:30)
    at pp$3.parseExprAtom (/Users/svendaneel/okam/Web-modules/node_modules/vue-template-es2015-compiler/buble.js:2163:41)
    at Parser.<anonymous> (/Users/svendaneel/okam/Web-modules/node_modules/vue-template-es2015-compiler/buble.js:6003:24)
    at Parser.parseExprAtom (/Users/svendaneel/okam/Web-modules/node_modules/vue-template-es2015-compiler/buble.js:6129:31)
    at pp$3.parseExprSubscripts (/Users/svendaneel/okam/Web-modules/node_modules/vue-template-es2015-compiler/buble.js:2047:19)
    at pp$3.parseMaybeUnary (/Users/svendaneel/okam/Web-modules/node_modules/vue-template-es2015-compiler/buble.js:2024:17)
    at pp$3.parseExprOps (/Users/svendaneel/okam/Web-modules/node_modules/vue-template-es2015-compiler/buble.js:1966:19)
    at pp$3.parseMaybeConditional (/Users/svendaneel/okam/Web-modules/node_modules/vue-template-es2015-compiler/buble.js:1949:19)
    at pp$3.parseMaybeAssign (/Users/svendaneel/okam/Web-modules/node_modules/vue-template-es2015-compiler/buble.js:1925:19)
    at pp$3.parseExprList (/Users/svendaneel/okam/Web-modules/node_modules/vue-template-es2015-compiler/buble.js:2663:20)
    at pp$3.parseExprAtom (/Users/svendaneel/okam/Web-modules/node_modules/vue-template-es2015-compiler/buble.js:2175:26)
    at Parser.<anonymous> (/Users/svendaneel/okam/Web-modules/node_modules/vue-template-es2015-compiler/buble.js:6003:24)
    at Parser.parseExprAtom (/Users/svendaneel/okam/Web-modules/node_modules/vue-template-es2015-compiler/buble.js:6129:31)
    at pp$3.parseExprSubscripts (/Users/svendaneel/okam/Web-modules/node_modules/vue-template-es2015-compiler/buble.js:2047:19)
    at pp$3.parseMaybeUnary (/Users/svendaneel/okam/Web-modules/node_modules/vue-template-es2015-compiler/buble.js:2024:17)
    at pp$3.parseExprOps (/Users/svendaneel/okam/Web-modules/node_modules/vue-template-es2015-compiler/buble.js:1966:19)
    at pp$3.parseMaybeConditional (/Users/svendaneel/okam/Web-modules/node_modules/vue-template-es2015-compiler/buble.js:1949:19)
    at pp$3.parseMaybeAssign (/Users/svendaneel/okam/Web-modules/node_modules/vue-template-es2015-compiler/buble.js:1925:19)
    at pp$3.parseExprList (/Users/svendaneel/okam/Web-modules/node_modules/vue-template-es2015-compiler/buble.js:2663:20)
    at pp$3.parseSubscripts (/Users/svendaneel/okam/Web-modules/node_modules/vue-template-es2015-compiler/buble.js:2075:29)
    at pp$3.parseExprSubscripts (/Users/svendaneel/okam/Web-modules/node_modules/vue-template-es2015-compiler/buble.js:2050:21)
    at pp$3.parseMaybeUnary (/Users/svendaneel/okam/Web-modules/node_modules/vue-template-es2015-compiler/buble.js:2024:17)
    at pp$3.parseExprOps (/Users/svendaneel/okam/Web-modules/node_modules/vue-template-es2015-compiler/buble.js:1966:19)
    at pp$3.parseMaybeConditional (/Users/svendaneel/okam/Web-modules/node_modules/vue-template-es2015-compiler/buble.js:1949:19)
    at pp$3.parseMaybeAssign (/Users/svendaneel/okam/Web-modules/node_modules/vue-template-es2015-compiler/buble.js:1925:19)
    at pp$3.parseExprList (/Users/svendaneel/okam/Web-modules/node_modules/vue-template-es2015-compiler/buble.js:2663:20)
    at pp$3.parseExprAtom (/Users/svendaneel/okam/Web-modules/node_modules/vue-template-es2015-compiler/buble.js:2175:26)
    at Parser.<anonymous> (/Users/svendaneel/okam/Web-modules/node_modules/vue-template-es2015-compiler/buble.js:6003:24)
    at Parser.parseExprAtom (/Users/svendaneel/okam/Web-modules/node_modules/vue-template-es2015-compiler/buble.js:6129:31)
    at pp$3.parseExprSubscripts (/Users/svendaneel/okam/Web-modules/node_modules/vue-template-es2015-compiler/buble.js:2047:19)
    at pp$3.parseMaybeUnary (/Users/svendaneel/okam/Web-modules/node_modules/vue-template-es2015-compiler/buble.js:2024:17)
    at pp$3.parseExprOps (/Users/svendaneel/okam/Web-modules/node_modules/vue-template-es2015-compiler/buble.js:1966:19)
    at pp$3.parseMaybeConditional (/Users/svendaneel/okam/Web-modules/node_modules/vue-template-es2015-compiler/buble.js:1949:19)
    at pp$3.parseMaybeAssign (/Users/svendaneel/okam/Web-modules/node_modules/vue-template-es2015-compiler/buble.js:1925:19)
    at pp$3.parseExprList (/Users/svendaneel/okam/Web-modules/node_modules/vue-template-es2015-compiler/buble.js:2663:20)
    at pp$3.parseSubscripts (/Users/svendaneel/okam/Web-modules/node_modules/vue-template-es2015-compiler/buble.js:2075:29)
    at pp$3.parseExprSubscripts (/Users/svendaneel/okam/Web-modules/node_modules/vue-template-es2015-compiler/buble.js:2050:21)
    at pp$3.parseMaybeUnary (/Users/svendaneel/okam/Web-modules/node_modules/vue-template-es2015-compiler/buble.js:2024:17)
---------------------------------------|---------|----------|---------|---------|---------------------------------------------------------------------------------------------------------------------------------
File                                   | % Stmts | % Branch | % Funcs | % Lines | Uncovered Line #s                                                                                                               
---------------------------------------|---------|----------|---------|---------|---------------------------------------------------------------------------------------------------------------------------------
All files                              |   36.31 |    33.65 |   41.23 |   37.61 |                                                                                                                                 
 components/admin                      |    7.18 |     7.87 |    6.31 |     7.5 |                                                                                                                                 
  AllergensManager.vue                 |       0 |        0 |       0 |       0 | 70-132                                                                                                                          
  CategoryProductList.vue              |       0 |        0 |       0 |       0 | 85-139                                                                                                                          
  CopyProductToStoresModal.vue         |       0 |        0 |       0 |       0 | 59-142                                                                                                                          
  CopyVariantToTargetsModal.vue        |       0 |        0 |       0 |       0 | 71-185                                                                                                                          
  LanguageSwitcher.vue                 |   11.76 |        0 |       0 |    12.5 | 58-67,76-103                                                                                                                    
  MultiDateCalendar.vue                |    6.97 |        0 |       0 |    5.55 | 43-109                                                                                                                          
  ProductSelectorModal.vue             |       0 |        0 |       0 |       0 | 128-369                                                                                                                         
  PublishingRuleEditor.vue             |       0 |        0 |       0 |       0 | 92-206                                                                                                                          
  StoreMarketCard.vue                  |   95.23 |      100 |   92.85 |   95.23 | 294-295                                                                                                                         
  StoreSelector.vue                    |       0 |        0 |       0 |       0 | 62-116                                                                                                                          
  SuggestInput.vue                     |       0 |        0 |       0 |       0 | 35-110                                                                                                                          
  VariantEditorModal.vue               |       0 |        0 |       0 |       0 | 150-547                                                                                                                         
  VariantSelectorModal.vue             |       0 |        0 |       0 |       0 | 163-369                                                                                                                         
 components/admin/events               |   90.66 |    71.87 |     100 |     100 |                                                                                                                                 
  EventsJourney.vue                    |   94.11 |    74.07 |     100 |     100 | 428-439,451-463,468-486,512-515                                                                                                 
  EventsPipeline.vue                   |   83.33 |       60 |     100 |     100 | 122-135,142                                                                                                                     
 components/admin/floorplan            |    0.65 |        0 |       0 |    0.59 |                                                                                                                                 
  FloorPlanEditor.vue                  |       0 |        0 |       0 |       0 | 267-1093                                                                                                                        
  FloorPlanTable.vue                   |    6.55 |        0 |       0 |       6 | 98-175                                                                                                                          
 components/admin/growth               |   91.66 |    74.07 |   94.73 |   96.77 |                                                                                                                                 
  GrowthAudiencePanel.vue              |    87.5 |       60 |     100 |     100 | 111-117                                                                                                                         
  GrowthConsentStanding.vue            |     100 |      100 |     100 |     100 |                                                                                                                                 
  GrowthRunOutcome.vue                 |    90.9 |       80 |     100 |     100 | 151-154                                                                                                                         
  GrowthSendGate.vue                   |   91.66 |     62.5 |   85.71 |      90 | 136                                                                                                                             
 components/admin/kitchen              |   69.62 |    55.55 |   82.75 |   71.64 |                                                                                                                                 
  CourseSection.vue                    |   77.77 |       60 |      80 |   71.42 | 43,57                                                                                                                           
  KitchenLine.vue                      |    62.5 |    77.77 |   66.66 |    62.5 | 91,108-109                                                                                                                      
  KitchenTicket.vue                    |   69.35 |       50 |   88.88 |   73.07 | 98,134-135,155-161,167,173,188-190                                                                                              
 components/admin/margin               |   80.97 |    65.96 |   87.27 |   84.43 |                                                                                                                                 
  MarginConversionEditor.vue           |      40 |        0 |       0 |      40 | 81-90                                                                                                                           
  MarginCostPanel.vue                  |   91.48 |    81.81 |     100 |     100 | 186-188,196-197,204-208                                                                                                         
  MarginCoveragePanel.vue              |   93.75 |    70.83 |     100 |     100 | 248,299,312-327                                                                                                                 
  MarginImportRowsPanel.vue            |    87.5 |     62.5 |   89.47 |   86.48 | 172,214-215,267,283                                                                                                             
  MarginIngredientPanel.vue            |     9.8 |     5.55 |    7.69 |   10.81 | 236-331                                                                                                                         
  MarginMenuMarginPanel.vue            |     100 |       80 |     100 |     100 | 182-195                                                                                                                         
  MarginPriceTimelinePanel.vue         |   85.41 |    62.16 |     100 |   86.36 | 244-245,273-274,283-284                                                                                                         
  MarginProductLinkPanel.vue           |   96.96 |    82.35 |    92.3 |   96.15 | 97                                                                                                                              
  MarginSpendPanel.vue                 |   92.98 |    73.77 |   94.11 |   93.87 | 330,359,362                                                                                                                     
  MarginStatementFiguresPanel.vue      |   94.44 |    82.05 |     100 |   96.77 | 216                                                                                                                             
  MarginSupplierItemPanel.vue          |   83.01 |    58.92 |   88.88 |    87.5 | 162,235-236,264,287                                                                                                             
  MarginWastePanel.vue                 |   90.47 |    79.16 |   93.75 |   94.59 | 384-385                                                                                                                         
 components/admin/meals                |   69.81 |     67.5 |   80.45 |   75.39 |                                                                                                                                 
  MealsAgreementList.vue               |   86.66 |     62.5 |     100 |   86.66 | 128,135                                                                                                                         
  MealsCompanyPanel.vue                |   66.03 |    81.48 |    90.9 |   76.92 | 244-245,321-327                                                                                                                 
  MealsCompanyPicker.vue               |    87.5 |     37.5 |     100 |   85.71 | 142-144                                                                                                                         
  MealsCorridorPanel.vue               |   66.66 |    69.69 |     100 |    87.5 | 176-177                                                                                                                         
  MealsFundedOrders.vue                |     100 |    95.45 |     100 |     100 | 155                                                                                                                             
  MealsPeoplePanel.vue                 |   65.43 |    60.27 |      72 |   64.28 | 339,345,375-376,385,395-397,404,410-411,432-457                                                                                 
  MealsProgramPanel.vue                |   76.05 |    71.42 |   88.88 |    87.5 | 341-345,399-400                                                                                                                 
  MealsStatementLines.vue              |       0 |        0 |       0 |       0 | 138-208                                                                                                                         
  MealsWriteFailure.vue                |     100 |      100 |     100 |     100 |                                                                                                                                 
 components/admin/pos                  |   16.39 |    16.44 |    22.8 |   16.54 |                                                                                                                                 
  AmountPad.vue                        |   36.84 |    55.55 |   44.44 |   31.25 | 45-62                                                                                                                           
  BeginDayModal.vue                    |       0 |        0 |       0 |       0 | 34-61                                                                                                                           
  BoardView.vue                        |       0 |        0 |       0 |       0 | 158-361                                                                                                                         
  CardTerminalStatus.vue               |     100 |       50 |     100 |     100 | 65                                                                                                                              
  CashPad.vue                          |     100 |      100 |     100 |     100 |                                                                                                                                 
  CashPointPicker.vue                  |       0 |        0 |       0 |       0 | 35-44                                                                                                                           
  CheckLine.vue                        |   63.63 |    35.71 |    62.5 |   63.63 | 132-142,174                                                                                                                     
  CheckPanel.vue                       |      75 |    61.01 |      72 |      82 | 203-206,219,349-354                                                                                                             
  ClockScreen.vue                      |   80.76 |    56.14 |   91.66 |   87.64 | 219,230,271,303-304,314,318-327                                                                                                 
  DayFlow.vue                          |    23.8 |    13.33 |   27.77 |   24.56 | 149,151-163,176-191,207-257                                                                                                     
  DiscountModal.vue                    |      50 |       50 |      25 |      40 | 49-60                                                                                                                           
  DrawerTransactionModal.vue           |   44.44 |    66.66 |      25 |   42.85 | 49-57                                                                                                                           
  EodWizard.vue                        |   91.42 |    81.48 |    90.9 |   93.33 | 158,196                                                                                                                         
  LineNoteModal.vue                    |   16.66 |    28.57 |    12.5 |   16.66 | 62-90                                                                                                                           
  OpenPriceModal.vue                   |    9.75 |     6.66 |    5.26 |    8.33 | 119-204                                                                                                                         
  OperatorLoginScreen.vue              |       0 |        0 |       0 |       0 | 70-184                                                                                                                          
  OptionPicker.vue                     |    3.03 |        0 |       0 |     3.7 | 74-131                                                                                                                          
  PaymentScreen.vue                    |    8.42 |    14.52 |   23.88 |    8.75 | 318-325,372-376,382-944                                                                                                         
  PhonePad.vue                         |    37.5 |    22.22 |      25 |   33.33 | 24-31                                                                                                                           
  PinPadModal.vue                      |       0 |        0 |       0 |       0 | 59-184                                                                                                                          
  PosConfirm.vue                       |   16.66 |        0 |       0 |      20 | 53-69                                                                                                                           
  PosNumpad.vue                        |      50 |    28.57 |   66.66 |      40 | 46-51                                                                                                                           
  PosReceiptView.vue                   |      40 |    76.92 |   66.66 |   36.66 | 177-195                                                                                                                         
  PosShell.vue                         |       0 |        0 |       0 |       0 | 153-1108                                                                                                                        
  PosStatusChip.vue                    |       0 |        0 |       0 |       0 | 88-207                                                                                                                          
  PosToast.vue                         |       0 |      100 |       0 |       0 | 57-65                                                                                                                           
  PosTopBar.vue                        |       0 |        0 |       0 |       0 | 65-88                                                                                                                           
  ProductGrid.vue                      |    4.16 |     5.26 |    3.44 |    3.33 | 179-329                                                                                                                         
  ProductTile.vue                      |   16.66 |        0 |       0 |      20 | 39-46                                                                                                                           
  ReasonPicker.vue                     |      50 |    16.66 |      25 |      50 | 60,67-70                                                                                                                        
  ReceiptSend.vue                      |    4.87 |        0 |       0 |    5.71 | 64-129                                                                                                                          
  ReceiptsView.vue                     |       0 |        0 |       0 |       0 | 129-409                                                                                                                         
  RefundModal.vue                      |   39.08 |    51.06 |   52.63 |   35.61 | 136,165-257                                                                                                                     
  ReturnBuilder.vue                    |    52.7 |    54.71 |   70.73 |   50.81 | 305,317-318,347,354,419-527                                                                                                     
  SeatPickerModal.vue                  |   27.27 |       25 |      25 |      25 | 71-83                                                                                                                           
  SellScreen.vue                       |    3.53 |     2.25 |     2.4 |    3.91 | 261-555,600-1494                                                                                                                
  SignaturePad.vue                     |     2.7 |        0 |       0 |    2.85 | 30-88                                                                                                                           
  SplitBillModal.vue                   |   46.36 |    68.57 |   72.22 |   43.02 | 218,281-295,313-370                                                                                                             
  VoidModal.vue                        |   57.14 |       50 |      25 |      50 | 52-63                                                                                                                           
  XReportView.vue                      |   81.25 |    66.66 |     100 |    90.9 | 249                                                                                                                             
 components/admin/pos-settings         |       0 |        0 |       0 |       0 |                                                                                                                                 
  CashPointsTab.vue                    |       0 |        0 |       0 |       0 | 118-261                                                                                                                         
  GoodsGroupsTab.vue                   |       0 |        0 |       0 |       0 | 85-187                                                                                                                          
  OperatorsTab.vue                     |       0 |        0 |       0 |       0 | 85-148                                                                                                                          
 components/admin/reservations         |   39.29 |    21.69 |   35.13 |   40.64 |                                                                                                                                 
  ReservationFloorView.vue             |    5.35 |     6.25 |    4.54 |    3.84 | 65-154                                                                                                                          
  ReservationList.vue                  |    6.89 |        0 |       0 |     7.4 | 75-136                                                                                                                          
  ReservationModal.vue                 |   48.93 |    40.54 |   61.11 |   52.63 | 139-140,160-163,186,189,206-213,228-233                                                                                         
  ReservationSettingsPanel.vue         |    3.33 |        0 |       0 |     3.7 | 161-165,183-304                                                                                                                 
  ReservationTimeline.vue              |   76.85 |    47.05 |   81.81 |    81.3 | 70-71,120,146-147,192-193,227-229,239-240,244,249,257,269-275                                                                   
 components/admin/statistics           |    4.54 |        0 |       0 |    4.76 |                                                                                                                                 
  AIQueryBox.vue                       |    4.54 |        0 |       0 |    4.76 | 70-124                                                                                                                          
 components/admin/training             |   86.45 |       70 |   96.92 |    92.8 |                                                                                                                                 
  TrainingAssignmentPanel.vue          |    87.5 |    68.96 |   93.75 |   92.59 | 161,225                                                                                                                         
  TrainingCertificatePanel.vue         |   93.54 |    81.25 |     100 |   96.15 | 221                                                                                                                             
  TrainingCompletionPanel.vue          |   89.74 |    76.92 |   94.73 |   96.77 | 178                                                                                                                             
  TrainingContextPanel.vue             |     100 |    89.47 |     100 |     100 | 75,105                                                                                                                          
  TrainingCourseList.vue               |   92.85 |    69.23 |     100 |     100 | 119,135-141                                                                                                                     
  TrainingDisclosurePanel.vue          |   93.54 |       75 |     100 |      96 | 152                                                                                                                             
  TrainingEvidenceDocument.vue         |   68.33 |    44.44 |     100 |   82.22 | 321,395-396,400-402,406-407                                                                                                     
  TrainingHoldingsPanel.vue            |      72 |    68.75 |    90.9 |      80 | 137,165-167                                                                                                                     
  TrainingReferenceField.vue           |   95.45 |    89.28 |   83.33 |      95 | 75                                                                                                                              
  TrainingVersionPanel.vue             |    92.3 |    69.56 |     100 |     100 | 157,177,189,193-195                                                                                                             
 components/admin/workforce            |   74.63 |    63.61 |   83.79 |   78.32 |                                                                                                                                 
  WorkforceAddPersonForm.vue           |   94.11 |    68.75 |     100 |     100 | 155-156,159,173-175                                                                                                             
  WorkforceDeliveryGroup.vue           |       0 |        0 |       0 |       0 | 54-98                                                                                                                           
  WorkforceDeliveryPanel.vue           |       0 |        0 |       0 |       0 | 77-79                                                                                                                           
  WorkforceEngagementPanel.vue         |   56.84 |    57.14 |   63.15 |   60.52 | 562,567,609,629,698-715,743-748,762-789                                                                                         
  WorkforceMonthGrid.vue               |     100 |       95 |     100 |     100 | 194                                                                                                                             
  WorkforcePersonnelListSheet.vue      |   84.37 |    73.07 |     100 |   92.59 | 279-280                                                                                                                         
  WorkforcePublicationList.vue         |       0 |        0 |       0 |       0 | 80-127                                                                                                                          
  WorkforcePublicationReceiptGroup.vue |       0 |        0 |       0 |       0 | 48-82                                                                                                                           
  WorkforcePublicationRecipients.vue   |       0 |        0 |       0 |       0 | 108-133                                                                                                                         
  WorkforceRequestCard.vue             |   80.85 |       60 |     100 |   80.95 | 155-157,159,166-168,181                                                                                                         
  WorkforceRoleGrid.vue                |   83.33 |    67.74 |     100 |   96.55 | 260                                                                                                                             
  WorkforceRosterTable.vue             |     100 |       50 |     100 |     100 | 112                                                                                                                             
  WorkforceTimesheetBatchList.vue      |     100 |      100 |     100 |     100 |                                                                                                                                 
  WorkforceTimesheetPanel.vue          |   95.45 |       90 |     100 |     100 | 190                                                                                                                             
  WorkforceWeekGrid.vue                |   91.54 |    83.33 |    97.5 |   98.07 | 500,519                                                                                                                         
 components/admin/workforce-me         |   74.39 |    38.88 |      75 |   79.16 |                                                                                                                                 
  WorkforceAvailabilityForm.vue        |      60 |       20 |      50 |   61.11 | 173-183,194-195                                                                                                                 
  WorkforceOpenShiftCard.vue           |   72.22 |    42.85 |   85.71 |      80 | 106-110                                                                                                                         
  WorkforcePublicationNotice.vue       |   82.35 |    44.44 |   85.71 |    92.3 | 73                                                                                                                              
  WorkforceShiftCard.vue               |     100 |      100 |     100 |     100 |                                                                                                                                 
  WorkforceTimeOffForm.vue             |   76.19 |       50 |   66.66 |      80 | 116,129,155-156                                                                                                                 
 components/admin/workforce-rates      |   85.07 |    74.46 |     100 |   91.66 |                                                                                                                                 
  WorkforceAttendanceTable.vue         |     100 |      100 |     100 |     100 |                                                                                                                                 
  WorkforceHoursExportPanel.vue        |   86.36 |    84.21 |     100 |      95 | 157                                                                                                                             
  WorkforceRateTimeline.vue            |   82.05 |    67.85 |     100 |   88.23 | 210-211,214-215                                                                                                                 
 components/atoms                      |   14.28 |      8.4 |   12.16 |      14 |                                                                                                                                 
  AutocompleteInput.vue                |       0 |        0 |       0 |       0 | 29-103                                                                                                                          
  CheckInfo.vue                        |       0 |      100 |     100 |       0 | 18                                                                                                                              
  ContinueButton.vue                   |       0 |      100 |     100 |       0 | 8                                                                                                                               
  FaqItem.vue                          |       0 |      100 |     100 |       0 | 25                                                                                                                              
  FeatureInfo.vue                      |       0 |      100 |     100 |       0 | 16                                                                                                                              
  Loading.vue                          |     100 |      100 |     100 |     100 |                                                                                                                                 
  Modal.vue                            |      60 |    33.33 |      50 |   57.14 | 101,109-116                                                                                                                     
  MyUserDropdown.vue                   |       0 |        0 |       0 |       0 | 27-73                                                                                                                           
  OtherPriceItem.vue                   |       0 |        0 |       0 |       0 | 16-65                                                                                                                           
  OtpInput.vue                         |   33.33 |    29.62 |   45.45 |      32 | 57-63,74-86,93,101-113,127-164                                                                                                  
  PriceInput.vue                       |    2.04 |        0 |       0 |    2.04 | 41-133                                                                                                                          
  PriceItem.vue                        |       0 |        0 |       0 |       0 | 11-45                                                                                                                           
  PriceSlide.vue                       |       0 |        0 |       0 |       0 | 62-126                                                                                                                          
  SelectButton.vue                     |       0 |        0 |       0 |       0 | 27-55                                                                                                                           
  TeamMember.vue                       |       0 |      100 |     100 |       0 | 12                                                                                                                              
  VatAutocompleteInput.vue             |    2.85 |        0 |       0 |    3.12 | 48-124                                                                                                                          
 components/events                     |     100 |      100 |     100 |     100 |                                                                                                                                 
  GuestShell.vue                       |     100 |      100 |     100 |     100 |                                                                                                                                 
 components/modals                     |   83.33 |      100 |   66.66 |      80 |                                                                                                                                 
  TermsModal.vue                       |   83.33 |      100 |   66.66 |      80 | 51                                                                                                                              
 components/molecules                  |   24.09 |    17.97 |   30.15 |   25.24 |                                                                                                                                 
  BookDemoButton.vue                   |       0 |        0 |       0 |       0 | 24-70                                                                                                                           
  ChangeDeliveryTypeModal.vue          |      20 |    28.57 |   11.11 |   16.66 | 94-128                                                                                                                          
  CustomerInfoModal.vue                |   17.24 |    14.54 |   41.17 |   15.78 | 169,177-179,187-289,296-314                                                                                                     
  EmployeeManager.vue                  |    3.52 |     3.44 |    6.25 |     2.7 | 113-249                                                                                                                         
  FocusTrap.vue                        |    92.2 |    86.48 |   91.66 |   91.89 | 22,69-70,77,125-126                                                                                                             
  LoadingSkeleton.vue                  |     100 |      100 |     100 |     100 |                                                                                                                                 
  LoginModal.vue                       |   74.41 |    85.71 |   81.25 |   73.17 | 175-183,277-283                                                                                                                 
  MultiSelectDropdown.vue              |    2.38 |        0 |       0 |    2.63 | 80-177                                                                                                                          
  OrderCard.vue                        |   43.85 |       26 |   63.63 |   44.64 | 262-265,286-287,291-293,304-306,313-321,327-355                                                                                 
  OrderModal.vue                       |      75 |      100 |   33.33 |   66.66 | 178                                                                                                                             
  OrderProcessingModal.vue             |    2.97 |      5.4 |       4 |    2.24 | 119-286                                                                                                                         
  PeakPerformanceHeatmap.vue           |     1.4 |        0 |       0 |    1.66 | 128-271                                                                                                                         
  SmsDriverModal.vue                   |   27.27 |       25 |      60 |      25 | 92-119                                                                                                                          
  StatisticsChart.vue                  |    1.75 |        0 |       0 |    1.85 | 39-302                                                                                                                          
  Stepper.vue                          |       0 |      100 |       0 |       0 | 18-32                                                                                                                           
  TransferOrderModal.vue               |   42.85 |    28.57 |      50 |   36.36 | 99-113                                                                                                                          
 components/onboarding                 |       0 |        0 |       0 |       0 |                                                                                                                                 
  OnboardingAIImport.vue               |       0 |        0 |       0 |       0 | 201-477                                                                                                                         
  OnboardingLogoUpload.vue             |       0 |        0 |       0 |       0 | 38-315                                                                                                                          
 components/organisms                  |   42.57 |    37.75 |   45.03 |    42.7 |                                                                                                                                 
  AdminPage.vue                        |      92 |    95.12 |   85.71 |   91.48 | 99,122-124                                                                                                                      
  AdminPageFooter.vue                  |   71.42 |      100 |      60 |   71.42 | 61,69                                                                                                                           
  AdminPageHeader.vue                  |   53.64 |    39.58 |   64.86 |   53.37 | 582,655,660,682,695-701,705-710,715-717,732,759,776,784,791-793,803-805,809,820-821,827,841,850,860-933                         
  EditLangRowModal.vue                 |       0 |        0 |       0 |       0 | 21-60                                                                                                                           
  EmployeeManagerModal.vue             |      80 |      100 |      50 |      75 | 37                                                                                                                              
  OnboardingNotification.vue           |      40 |        0 |   66.66 |      40 | 50,56-73                                                                                                                        
  OrderModal.vue                       |   31.91 |       40 |   38.46 |   31.11 | 243-252,264-282,299-328                                                                                                         
  PageFooter.vue                       |       0 |      100 |       0 |       0 | 90-94                                                                                                                           
  PageHeader.vue                       |   76.47 |    44.44 |   76.92 |      75 | 141,155-158,180                                                                                                                 
  Product.vue                          |       0 |        0 |       0 |       0 | 46-90                                                                                                                           
  ProductConfig.vue                    |       0 |        0 |       0 |       0 | 70-218                                                                                                                          
  RedirectToNewStore.vue               |       0 |        0 |       0 |       0 | 8-37                                                                                                                            
  SalesLetter.vue                      |       0 |      100 |     100 |       0 | 82                                                                                                                              
 components/shared                     |      80 |     37.5 |      80 |   77.77 |                                                                                                                                 
  OfferDocument.vue                    |   78.94 |     37.5 |      80 |   76.47 | 183-184,189,200                                                                                                                 
  TermsContent.vue                     |     100 |      100 |     100 |     100 |                                                                                                                                 
 components/wrapped                    |       0 |        0 |       0 |       0 |                                                                                                                                 
  WrappedBanner.vue                    |       0 |      100 |       0 |       0 | 19-27                                                                                                                           
  WrappedSlideshow.vue                 |       0 |        0 |       0 |       0 | 64-190                                                                                                                          
  WrappedStoreSelector.vue             |       0 |      100 |       0 |       0 | 29-49                                                                                                                           
 components/wrapped/slides             |       0 |        0 |       0 |       0 |                                                                                                                                 
  Slide2026.vue                        |       0 |      100 |       0 |       0 | 55-105                                                                                                                          
  SlideBusiestDay.vue                  |       0 |        0 |       0 |       0 | 35-62                                                                                                                           
  SlideDelivery.vue                    |       0 |        0 |       0 |       0 | 58-106                                                                                                                          
  SlideFunFacts.vue                    |       0 |        0 |       0 |       0 | 42-72                                                                                                                           
  SlideIntro.vue                       |       0 |      100 |       0 |       0 | 31-63                                                                                                                           
  SlideNotEnoughData.vue               |       0 |      100 |       0 |       0 | 33-57                                                                                                                           
  SlideOkamHighlights.vue              |       0 |      100 |       0 |       0 | 76-165                                                                                                                          
  SlideOverview.vue                    |       0 |        0 |       0 |       0 | 37-101                                                                                                                          
  SlidePayments.vue                    |       0 |        0 |       0 |       0 | 29-79                                                                                                                           
  SlidePlatforms.vue                   |       0 |        0 |       0 |       0 | 54-121                                                                                                                          
  SlideTips.vue                        |       0 |      100 |       0 |       0 | 21-41                                                                                                                           
  SlideTopProducts.vue                 |       0 |        0 |       0 |       0 | 59-85                                                                                                                           
 pages                                 |       0 |        0 |       0 |       0 |                                                                                                                                 
  2000-brukere-i-sogn.vue              |       0 |        0 |       0 |       0 | 52-59                                                                                                                           
  agb.vue                              |       0 |        0 |       0 |       0 | 49-57                                                                                                                           
  brosjyre-tilbud.vue                  |       0 |      100 |     100 |       0 | 2                                                                                                                               
  datenschutz.vue                      |       0 |        0 |       0 |       0 | 80-88                                                                                                                           
  egen-app-kampanje.vue                |       0 |        0 |       0 |       0 | 243-548                                                                                                                         
  egen-app.vue                         |       0 |        0 |       0 |       0 | 222-508                                                                                                                         
  impressum.vue                        |       0 |        0 |       0 |       0 | 63-71                                                                                                                           
  index.vue                            |       0 |        0 |       0 |       0 | 307-700                                                                                                                         
  kom-i-gang.vue                       |       0 |      100 |     100 |       0 | 2                                                                                                                               
  kontakt.vue                          |       0 |        0 |       0 |       0 | 94-166                                                                                                                          
  last-ned.vue                         |       0 |        0 |       0 |       0 | 130-142                                                                                                                         
  menneskene.vue                       |       0 |      100 |       0 |       0 | 4-9                                                                                                                             
  menu.vue                             |       0 |        0 |       0 |       0 | 31-78                                                                                                                           
  om-okam-admin.vue                    |       0 |      100 |     100 |       0 | 2                                                                                                                               
  om-okam.vue                          |       0 |      100 |     100 |       0 | 2                                                                                                                               
  om-oss.vue                           |       0 |        0 |       0 |       0 | 90-114                                                                                                                          
  personvern-og-vilkar.vue             |       0 |        0 |       0 |       0 | 33-36                                                                                                                           
  personvern.vue                       |       0 |        0 |       0 |       0 | 42-45                                                                                                                           
  priser.vue                           |       0 |        0 |       0 |       0 | 140-169                                                                                                                         
  rask-vei-til-egen-nettbutikk.vue     |       0 |      100 |     100 |       0 | 2                                                                                                                               
  registrer.vue                        |       0 |        0 |       0 |       0 | 312-611                                                                                                                         
  registrert-ferdig.vue                |       0 |        0 |       0 |       0 | 35-44                                                                                                                           
  terms.vue                            |       0 |        0 |       0 |       0 | 6-8                                                                                                                             
  vilkar-store.vue                     |       0 |        0 |       0 |       0 | 92-134                                                                                                                          
  vilkar.vue                           |       0 |        0 |       0 |       0 | 86-89                                                                                                                           
  wolt-callback.vue                    |       0 |        0 |       0 |       0 | 8-15                                                                                                                            
  wolt.vue                             |       0 |        0 |       0 |       0 | 167-348                                                                                                                         
 pages/admin                           |    40.7 |     33.9 |   43.17 |   42.16 |                                                                                                                                 
  account-email.vue                    |   88.88 |    75.75 |   78.94 |   95.31 | 225,250-254                                                                                                                     
  allergens.vue                        |       0 |        0 |       0 |       0 | 28-57                                                                                                                           
  brev.vue                             |       0 |        0 |       0 |       0 | 10-39                                                                                                                           
  categories.vue                       |       0 |        0 |       0 |       0 | 159-295                                                                                                                         
  category-editor.vue                  |       0 |        0 |       0 |       0 | 345-1048                                                                                                                        
  customers.vue                        |       0 |        0 |       0 |       0 | 153-313                                                                                                                         
  delivery.vue                         |   55.51 |    42.94 |   66.66 |   54.98 | 404,409-412,459-467,473,496,506,536-538,562,573,578-582,588,593-602,623,629,639-647,695,699,702,707,744-782,793-870,923,930-936 
  dinehome.vue                         |       0 |        0 |       0 |       0 | 190-397                                                                                                                         
  dintero-terminal.vue                 |       0 |        0 |       0 |       0 | 167-373                                                                                                                         
  dintero.vue                          |   41.98 |    55.07 |   48.57 |   42.18 | 582-585,591,596-597,622-623,633,723-724,731-740,746,787-897                                                                     
  discount.vue                         |       0 |        0 |       0 |       0 | 299-479                                                                                                                         
  discounts.vue                        |       0 |        0 |       0 |       0 | 77-136                                                                                                                          
  employees.vue                        |       0 |        0 |       0 |       0 | 22-35                                                                                                                           
  events-pipeline.vue                  |   84.21 |    71.83 |   84.04 |   89.43 | 535-536,552-561,701,707,775-776,787-788,899-905,936-942,987-988,1096                                                            
  feature-flags.vue                    |    84.9 |    80.45 |   88.23 |   92.85 | 272-273,291,297,387,392                                                                                                         
  goods.vue                            |   45.61 |    57.14 |   40.74 |   44.64 | 406-407,422-492                                                                                                                 
  growth-newsletter.vue                |   88.15 |    75.64 |   89.09 |   92.59 | 338-339,434,443,471,473,504-506,561                                                                                             
  growth-privacy.vue                   |   87.62 |    71.42 |   92.85 |   93.67 | 304-305,336,430,442                                                                                                             
  import.vue                           |       0 |        0 |       0 |       0 | 321-826                                                                                                                         
  index.vue                            |   29.26 |    33.33 |   33.33 |   29.41 | 448-454,472,497,519,528-688                                                                                                     
  kam.vue                              |   39.72 |    42.85 |   61.11 |   38.88 | 270-271,281,289-290,298-379                                                                                                     
  kitchen.vue                          |   79.62 |     57.5 |   65.11 |    80.2 | 135,248-279                                                                                                                     
  kravia-invoice.vue                   |     2.8 |     1.11 |    2.73 |    2.83 | 307-581,601-747                                                                                                                 
  lang.vue                             |       0 |        0 |       0 |       0 | 66-148                                                                                                                          
  margin-price-imports.vue             |   84.31 |    63.63 |   76.31 |   88.37 | 209-210,250,284-287,296-298,314,397,430-435                                                                                     
  margin-recipes.vue                   |   80.16 |    67.62 |   77.27 |   87.86 | 537-538,622,700-702,720,757-771,785-798,882,906,938,1025-1036                                                                   
  margin-statements.vue                |   85.93 |    70.58 |   92.72 |   91.55 | 347-348,430,482,504-505,548-550,603,617,658,679,699,717,743,753-754,781                                                         
  margin-suppliers.vue                 |   76.74 |    75.22 |   67.14 |   84.88 | 275-276,340,388,431-452,480-482,513-519,541,566,579-586,594,610,613                                                             
  meals-agreements.vue                 |   97.43 |     82.6 |   92.85 |   96.96 | 141                                                                                                                             
  meals-companies.vue                  |   80.85 |    62.29 |   80.43 |   88.13 | 273,319,353-354,368,383,413,441-444,468-471                                                                                     
  meals-statements.vue                 |       0 |        0 |       0 |       0 | 132-318                                                                                                                         
  offers.vue                           |    15.7 |    10.52 |   28.07 |   15.31 | 485,573-807,814,818-828,835,839-1039                                                                                            
  onboarding.vue                       |       0 |        0 |       0 |       0 | 239-497                                                                                                                         
  ongoing.vue                          |   45.68 |       25 |   48.78 |   48.11 | 347,360-425,437,440,453-493                                                                                                     
  orders.vue                           |    29.6 |    25.18 |      52 |   28.27 | 507-529,642,653-711,718,723,728,733,738-741,749-766,788-789,802-849,856-869,874,885-1047                                        
  overview.vue                         |   51.91 |     39.5 |   47.91 |   53.48 | 477,483,487-489,500-505,515,552,645-730,753-762,780-851,874,914,919                                                             
  payment.vue                          |       0 |        0 |       0 |       0 | 161-290                                                                                                                         
  payouts.vue                          |       0 |        0 |       0 |       0 | 68-138                                                                                                                          
  pos-reports.vue                      |       0 |        0 |       0 |       0 | 200-405                                                                                                                         
  pos-settings.vue                     |       0 |        0 |       0 |       0 | 46-103                                                                                                                          
  pos.vue                              |       0 |        0 |       0 |       0 | 8-36                                                                                                                            
  poweruser-growth.vue                 |       0 |        0 |       0 |       0 | 115-886                                                                                                                         
  reservation.vue                      |       0 |      100 |       0 |       0 | 3-10                                                                                                                            
  reservations.vue                     |   31.86 |    27.52 |   39.47 |   31.87 | 151-152,223-227,233,247,255-301,308-309,323-326,334-335,351-369,394-404,435-481,508-667                                         
  reward-members.vue                   |   26.08 |    13.33 |      20 |   27.77 | 79-120                                                                                                                          
  rewards.vue                          |       0 |        0 |       0 |       0 | 226-395                                                                                                                         
  settlements.vue                      |    5.82 |        5 |    9.09 |    4.95 | 189-372,394-429                                                                                                                 
  statistics.vue                       |   28.24 |    25.18 |   40.29 |   30.31 | 575,613-671,712-720,756-769,777,782-793,819,843-1054                                                                            
  surfboard.vue                        |   24.89 |    24.68 |   28.28 |   26.81 | 964-1031,1037,1040-1041,1100,1111-1134,1139-1161,1166-1167,1183-1185,1205,1228,1235-1280,1315-1319,1333,1339-1401,1405-1465     
  tables.vue                           |       0 |        0 |       0 |       0 | 17-42                                                                                                                           
  terminals.vue                        |       0 |        0 |       0 |       0 | 259-566                                                                                                                         
  training-courses.vue                 |   81.86 |    80.55 |   72.05 |   85.96 | 360,437-439,441,469,486-489,504-511,526,582-585,592-599                                                                         
  training-evidence.vue                |   87.17 |     60.6 |   95.65 |   92.85 | 213-214,284-286                                                                                                                 
  tripletex.vue                        |    8.02 |     8.98 |    9.21 |    7.85 | 373-377,387-391,446-652                                                                                                         
  wolt-calc.vue                        |       0 |        0 |       0 |       0 | 157-241                                                                                                                         
  wolt-drive-invoice.vue               |       0 |        0 |       0 |       0 | 180-464                                                                                                                         
  wolt.vue                             |       0 |        0 |       0 |       0 | 418-742                                                                                                                         
  workforce-delivery.vue               |       0 |        0 |       0 |       0 | 41-141                                                                                                                          
  workforce-me.vue                     |   61.37 |    45.79 |   70.31 |   67.17 | 455-485,492,547-548,557-558,567-568,610,621-662,684,752-780,805-826                                                             
  workforce-personnel-list.vue         |   92.66 |    78.21 |   92.85 |   97.69 | 237-238,276                                                                                                                     
  workforce-publications.vue           |       0 |        0 |       0 |       0 | 68-207                                                                                                                          
  workforce-rates.vue                  |   85.71 |    66.98 |   88.37 |   93.82 | 205-206,295,301,351,389-390,442,479,524                                                                                         
  workforce-requests.vue               |   82.88 |    50.94 |    86.2 |   88.29 | 228-229,251,257,274-277,354-356,430-431                                                                                         
  workforce-roles.vue                  |    91.2 |    66.66 |   93.75 |   96.29 | 268-269,303                                                                                                                     
  workforce-roster.vue                 |   70.73 |    52.42 |   75.55 |   75.27 | 201-202,239-242,255-270,276,292-293,317,358-364,416-435,455,488-507,535,556,581,608                                             
  workforce-schedule.vue               |   74.27 |    64.39 |    78.4 |   78.92 | 395-396,609,623,640-641,659-666,678,691-698,729-746,783,791-794,800,806-841,875,923,1021-1029,1039                              
  workforce-timesheets.vue             |       0 |        0 |       0 |       0 | 109-383                                                                                                                         
  wrapped.vue                          |       0 |        0 |       0 |       0 | 34-93                                                                                                                           
 pages/events/deposit                  |   83.01 |    56.52 |   78.94 |   87.75 |                                                                                                                                 
  _token.vue                           |   83.01 |    56.52 |   78.94 |   87.75 | 210,217,223-225,255                                                                                                             
 pages/events/inquiry                  |   86.36 |    78.37 |   71.42 |   91.89 |                                                                                                                                 
  _store.vue                           |   86.36 |    78.37 |   71.42 |   91.89 | 183,190,249                                                                                                                     
 pages/events/proposal                 |   84.69 |    60.49 |   87.87 |   88.63 |                                                                                                                                 
  _token.vue                           |   84.69 |    60.49 |   87.87 |   88.63 | 430,483,499,510-511,521-523,594,602                                                                                             
 pages/kvittering/_id                  |       0 |        0 |       0 |       0 |                                                                                                                                 
  _token.vue                           |       0 |        0 |       0 |       0 | 17-37                                                                                                                           
 pages/meals                           |   87.09 |    80.41 |   91.42 |   95.09 |                                                                                                                                 
  join.vue                             |   87.09 |    80.41 |   91.42 |   95.09 | 471,478,489,602-603                                                                                                             
 pages/offer                           |       0 |        0 |       0 |       0 |                                                                                                                                 
  _code.vue                            |       0 |        0 |       0 |       0 | 217-430                                                                                                                         
  index.vue                            |       0 |      100 |       0 |       0 | 2-6                                                                                                                             
 pages/preferences                     |   82.58 |    61.25 |   81.39 |   89.36 |                                                                                                                                 
  communications.vue                   |   83.49 |    59.32 |   82.14 |   89.47 | 388-391,401-403,415,508,533,549-553                                                                                             
  unsubscribe.vue                      |   80.76 |    66.66 |      80 |   89.13 | 140-142,154,203                                                                                                                 
 pages/store                           |       0 |        0 |       0 |       0 |                                                                                                                                 
  _slug.vue                            |       0 |        0 |       0 |       0 | 57-105                                                                                                                          
  notfound.vue                         |       0 |        0 |       0 |       0 | 14-17                                                                                                                           
 pages/subscribe                       |   89.47 |    63.33 |   85.29 |   96.03 |                                                                                                                                 
  _store.vue                           |   89.83 |    56.75 |   84.21 |   94.23 | 228,249,319                                                                                                                     
  confirm.vue                          |   89.09 |    73.91 |   86.66 |   97.95 | 158                                                                                                                             
 pages/webshop                         |       0 |        0 |       0 |       0 |                                                                                                                                 
  3d.vue                               |       0 |        0 |       0 |       0 | 8                                                                                                                               
  checkout.vue                         |       0 |        0 |       0 |       0 | 8                                                                                                                               
  index.vue                            |       0 |        0 |       0 |       0 | 8                                                                                                                               
  mycards.vue                          |       0 |        0 |       0 |       0 | 8                                                                                                                               
  orders.vue                           |       0 |        0 |       0 |       0 | 8                                                                                                                               
  vipps.vue                            |       0 |        0 |       0 |       0 | 8                                                                                                                               
 pages/workforce                       |   78.09 |    82.89 |      75 |    83.9 |                                                                                                                                 
  join.vue                             |   78.09 |    82.89 |      75 |    83.9 | 456,463,503-508,535-549                                                                                                         
---------------------------------------|---------|----------|---------|---------|---------------------------------------------------------------------------------------------------------------------------------

Test Suites: 166 passed, 166 total
Tests:       3939 passed, 3939 total
Snapshots:   0 total
Time:        9.172 s
Ran all test suites.
